id,ego_red,circulo
0,0,sin_circulo
0,107,107_circle3
1,0,0_circle15
2,0,0_circle10
3,0,0_circle15
4,0,sin_circulo
5,0,0_circle16
6,0,0_circle15
7,0,0_circle15
8,0,sin_circulo
9,0,0_circle15
9,0,0_circle16
10,0,0_circle15
11,0,sin_circulo
12,0,0_circle21
13,0,0_circle11
14,0,0_circle10
15,0,0_circle15
16,0,0_circle15
17,0,0_circle6
17,0,0_circle19
18,0,sin_circulo
19,0,sin_circulo
20,0,0_circle6
20,0,0_circle19
21,0,0_circle15
22,0,0_circle15
23,0,0_circle5
23,0,0_circle15
24,0,0_circle16
25,0,0_circle15
26,0,0_circle15
27,0,sin_circulo
28,0,0_circle23
29,0,0_circle0
30,0,sin_circulo
31,0,0_circle15
32,0,0_circle6
33,0,0_circle19
34,0,0_circle16
34,348,348_circle4
34,348,348_circle11
34,414,sin_circulo
35,0,0_circle6
36,0,0_circle15
36,0,0_circle16
37,0,0_circle16
38,0,0_circle15
39,0,0_circle15
40,0,0_circle15
41,0,0_circle6
41,0,0_circle19
42,0,0_circle10
43,0,sin_circulo
44,0,0_circle19
45,0,0_circle15
46,0,0_circle7
47,0,0_circle15
48,0,0_circle16
49,0,0_circle15
50,0,0_circle15
51,0,0_circle3
52,0,0_circle6
52,0,0_circle17
53,0,sin_circulo
54,0,0_circle0
54,0,0_circle11
55,0,0_circle4
55,0,0_circle15
56,0,0_circle15
57,0,0_circle16
58,0,0_circle16
58,107,107_circle3
58,1684,1684_circle1
58,1912,1912_circle21
58,1912,1912_circle30
59,0,0_circle4
60,0,0_circle15
61,0,0_circle0
62,0,0_circle15
63,0,0_circle15
64,0,0_circle15
65,0,0_circle15
66,0,0_circle11
67,0,0_circle15
68,0,0_circle13
69,0,0_circle4
69,0,0_circle15
70,0,0_circle11
71,0,0_circle0
72,0,0_circle15
73,0,0_circle9
74,0,0_circle9
75,0,sin_circulo
76,0,0_circle11
77,0,0_circle15
78,0,sin_circulo
79,0,0_circle15
80,0,0_circle16
81,0,0_circle0
82,0,0_circle15
83,0,0_circle3
84,0,0_circle4
85,0,0_circle16
86,0,0_circle13
87,0,0_circle15
88,0,sin_circulo
89,0,0_circle15
90,0,0_circle17
91,0,sin_circulo
92,0,0_circle16
93,0,0_circle6
93,0,0_circle19
94,0,0_circle16
95,0,0_circle15
96,0,0_circle15
97,0,0_circle0
97,0,0_circle11
98,0,0_circle15
99,0,0_circle2
100,0,sin_circulo
101,0,0_circle16
102,0,sin_circulo
103,0,0_circle15
104,0,0_circle15
105,0,0_circle15
105,0,0_circle17
106,0,sin_circulo
107,0,sin_circulo
107,107,sin_circulo
107,414,414_circle1
107,414,414_circle2
107,414,414_circle6
107,1684,1684_circle8
108,0,0_circle15
109,0,0_circle15
110,0,0_circle0
111,0,0_circle6
112,0,sin_circulo
113,0,0_circle11
114,0,0_circle15
115,0,0_circle6
115,0,0_circle19
116,0,0_circle2
117,0,0_circle15
118,0,0_circle11
119,0,0_circle15
120,0,sin_circulo
121,0,0_circle15
122,0,0_circle4
122,0,0_circle15
123,0,0_circle15
124,0,0_circle15
125,0,0_circle4
125,0,0_circle15
126,0,0_circle17
127,0,0_circle15
127,0,0_circle16
128,0,0_circle15
129,0,0_circle15
130,0,sin_circulo
131,0,0_circle13
132,0,0_circle0
133,0,0_circle15
134,0,0_circle11
135,0,0_circle15
135,0,0_circle16
136,0,0_circle15
136,1912,1912_circle1
136,1912,1912_circle33
136,1912,1912_circle38
137,0,0_circle6
137,0,0_circle19
138,0,0_circle13
139,0,0_circle15
139,0,0_circle16
140,0,0_circle2
141,0,0_circle15
142,0,0_circle15
143,0,0_circle13
144,0,0_circle2
145,0,0_circle17
146,0,0_circle9
146,0,0_circle15
147,0,0_circle2
148,0,0_circle15
149,0,0_circle23
150,0,0_circle2
151,0,0_circle11
152,0,0_circle15
153,0,sin_circulo
154,0,0_circle9
155,0,0_circle2
156,0,0_circle4
157,0,0_circle15
158,0,0_circle11
159,0,sin_circulo
160,0,sin_circulo
161,0,0_circle11
162,0,0_circle23
163,0,0_circle0
164,0,0_circle9
165,0,0_circle11
166,0,sin_circulo
167,0,sin_circulo
168,0,0_circle15
169,0,0_circle15
170,0,0_circle15
171,0,0_circle15
171,107,sin_circulo
171,1684,1684_circle1
172,0,0_circle15
172,0,0_circle17
173,0,0_circle1
173,0,0_circle16
173,348,348_circle4
173,348,348_circle11
173,414,414_circle2
174,0,0_circle20
175,0,0_circle14
176,0,0_circle15
177,0,0_circle18
178,0,sin_circulo
179,0,0_circle17
180,0,0_circle16
181,0,sin_circulo
182,0,sin_circulo
183,0,0_circle0
183,0,0_circle15
184,0,sin_circulo
185,0,0_circle15
186,0,0_circle15
187,0,0_circle16
188,0,0_circle15
189,0,0_circle15
190,0,0_circle15
191,0,sin_circulo
192,0,0_circle6
193,0,0_circle0
194,0,0_circle16
195,0,sin_circulo
196,0,0_circle15
197,0,0_circle15
197,0,0_circle16
198,0,0_circle15
198,348,348_circle4
198,348,348_circle6
198,348,348_circle11
199,0,0_circle11
200,0,0_circle15
201,0,sin_circulo
202,0,0_circle16
203,0,0_circle11
204,0,0_circle9
205,0,sin_circulo
206,0,0_circle9
207,0,0_circle15
208,0,0_circle15
209,0,0_circle6
210,0,0_circle17
211,0,0_circle11
212,0,0_circle11
213,0,0_circle15
214,0,0_circle6
214,0,0_circle19
215,0,0_circle0
216,0,0_circle10
217,0,sin_circulo
218,0,0_circle11
219,0,0_circle15
220,0,0_circle20
221,0,sin_circulo
222,0,0_circle0
223,0,0_circle4
224,0,0_circle15
225,0,0_circle7
226,0,sin_circulo
227,0,0_circle14
228,0,sin_circulo
229,0,0_circle0
230,0,sin_circulo
231,0,sin_circulo
232,0,sin_circulo
233,0,0_circle15
234,0,sin_circulo
235,0,0_circle11
236,0,0_circle4
236,0,0_circle15
237,0,0_circle3
238,0,0_circle11
239,0,0_circle4
240,0,0_circle11
241,0,sin_circulo
242,0,0_circle15
243,0,sin_circulo
244,0,0_circle20
245,0,0_circle0
246,0,0_circle15
247,0,0_circle15
248,0,0_circle15
249,0,0_circle16
250,0,0_circle4
251,0,0_circle15
251,0,0_circle16
252,0,0_circle11
253,0,0_circle0
254,0,0_circle16
255,0,0_circle15
256,0,0_circle15
257,0,0_circle4
258,0,0_circle4
258,0,0_circle16
259,0,0_circle0
260,0,sin_circulo
261,0,0_circle15
262,0,0_circle20
263,0,sin_circulo
264,0,0_circle0
265,0,0_circle11
266,0,0_circle16
267,0,0_circle22
268,0,0_circle4
269,0,0_circle15
270,0,0_circle2
271,0,0_circle15
272,0,sin_circulo
273,0,sin_circulo
274,0,0_circle15
275,0,sin_circulo
276,0,0_circle15
277,0,0_circle15
278,0,0_circle12
279,0,0_circle9
280,0,0_circle4
280,0,0_circle15
281,0,0_circle15
281,0,0_circle16
282,0,0_circle8
282,0,0_circle20
283,0,sin_circulo
284,0,sin_circulo
285,0,0_circle15
286,0,0_circle15
287,0,sin_circulo
288,0,0_circle15
289,0,0_circle6
290,0,0_circle15
291,0,0_circle15
292,0,0_circle9
293,0,0_circle20
294,0,0_circle15
294,0,0_circle17
295,0,0_circle4
296,0,sin_circulo
297,0,0_circle15
298,0,0_circle0
298,0,0_circle11
299,0,0_circle16
300,0,sin_circulo
301,0,0_circle15
302,0,sin_circulo
303,0,0_circle15
304,0,0_circle15
305,0,sin_circulo
306,0,sin_circulo
307,0,sin_circulo
308,0,0_circle11
308,0,0_circle15
309,0,0_circle15
309,0,0_circle16
310,0,0_circle6
311,0,0_circle11
312,0,0_circle6
312,0,0_circle19
313,0,0_circle11
314,0,0_circle15
315,0,0_circle15
316,0,0_circle15
317,0,0_circle15
318,0,0_circle15
319,0,0_circle15
320,0,sin_circulo
321,0,0_circle6
322,0,0_circle15
323,0,0_circle15
324,0,0_circle11
325,0,0_circle15
326,0,0_circle6
326,0,0_circle19
327,0,0_circle2
328,0,0_circle15
329,0,sin_circulo
330,0,0_circle16
331,0,0_circle11
332,0,0_circle11
333,0,0_circle19
334,0,0_circle0
335,0,sin_circulo
336,0,0_circle9
337,0,0_circle6
338,0,0_circle15
339,0,0_circle15
340,0,0_circle15
341,0,0_circle15
342,0,0_circle15
343,0,0_circle6
343,0,0_circle19
344,0,0_circle4
345,0,0_circle15
346,0,sin_circulo
347,0,0_circle15
348,107,107_circle3
348,348,sin_circulo
348,414,414_circle0
348,414,414_circle1
348,414,414_circle2
349,348,348_circle1
349,348,348_circle3
350,348,348_circle1
350,348,348_circle7
351,348,348_circle6
352,348,348_circle1
352,348,348_circle2
352,348,348_circle11
353,107,sin_circulo
353,348,348_circle1
353,348,348_circle11
354,348,348_circle1
354,348,348_circle13
355,348,348_circle1
355,348,348_circle13
356,348,348_circle1
357,348,348_circle1
357,348,348_circle5
358,348,348_circle6
359,348,348_circle1
359,348,348_circle13
360,348,348_circle1
360,348,348_circle11
360,348,348_circle13
361,348,348_circle1
361,348,348_circle13
362,348,348_circle1
362,348,348_circle9
362,348,348_circle11
363,107,107_circle3
363,348,348_circle1
363,348,348_circle11
363,348,348_circle13
363,414,414_circle1
364,348,348_circle6
365,348,348_circle11
366,107,107_circle3
366,348,348_circle0
366,348,348_circle1
366,348,348_circle11
367,348,348_circle1
367,348,348_circle8
367,348,348_circle13
368,348,348_circle1
368,348,348_circle2
368,348,348_circle11
369,348,348_circle1
369,348,348_circle7
369,348,348_circle8
370,348,348_circle1
370,348,348_circle11
370,348,348_circle13
370,414,414_circle1
371,348,348_circle1
371,348,348_circle9
371,348,348_circle11
372,348,348_circle1
372,348,348_circle13
373,348,348_circle0
373,348,348_circle1
373,348,348_circle11
373,414,414_circle0
373,414,414_circle1
374,348,348_circle1
374,348,348_circle11
374,348,348_circle13
374,414,414_circle1
375,348,348_circle1
375,348,348_circle2
376,107,sin_circulo
376,348,348_circle0
376,348,348_circle1
376,348,348_circle8
376,348,348_circle11
376,348,348_circle13
376,414,414_circle0
376,414,414_circle1
377,348,348_circle1
378,348,348_circle1
378,348,348_circle7
378,348,348_circle8
378,348,348_circle11
378,414,414_circle1
379,348,348_circle1
380,348,348_circle1
380,348,348_circle5
381,348,348_circle1
381,348,348_circle5
382,348,348_circle1
382,348,348_circle13
383,348,348_circle1
384,348,sin_circulo
385,348,348_circle1
386,348,sin_circulo
387,348,348_circle0
387,348,348_circle1
387,348,348_circle11
388,348,348_circle0
388,348,348_circle1
388,348,348_circle11
388,348,348_circle13
389,107,107_circle1
389,348,348_circle1
389,348,348_circle5
390,348,348_circle1
390,348,348_circle11
390,348,348_circle13
391,348,348_circle0
391,348,348_circle1
391,348,348_circle8
391,348,348_circle11
391,414,414_circle0
391,414,414_circle1
392,348,348_circle1
392,348,348_circle11
393,348,348_circle6
394,348,348_circle1
394,348,348_circle11
394,414,414_circle1
395,348,348_circle1
395,348,348_circle2
395,348,348_circle11
395,414,414_circle1
396,348,348_circle1
396,348,348_circle13
397,348,348_circle1
397,348,348_circle5
397,348,348_circle8
397,348,348_circle13
398,348,348_circle1
398,348,348_circle2
398,348,348_circle11
399,348,348_circle6
400,348,348_circle0
400,348,348_circle1
400,348,348_circle11
400,414,414_circle1
401,348,sin_circulo
402,348,348_circle1
402,348,348_circle11
402,348,348_circle13
403,348,348_circle1
403,348,348_circle13
404,348,348_circle1
404,348,348_circle2
404,348,348_circle11
405,348,348_circle1
405,348,348_circle7
405,348,348_circle8
406,348,348_circle1
407,348,348_circle1
407,348,348_circle7
408,348,348_circle0
408,348,348_circle1
408,348,348_circle2
408,348,348_circle11
409,348,348_circle1
409,348,348_circle2
409,348,348_circle11
410,348,348_circle1
410,348,348_circle13
411,348,348_circle10
412,348,348_circle1
412,348,348_circle8
412,348,348_circle11
412,348,348_circle13
412,414,414_circle1
413,348,348_circle1
413,348,348_circle9
413,348,348_circle11
414,107,107_circle6
414,348,348_circle0
414,348,348_circle1
414,348,348_circle8
414,348,348_circle11
414,414,sin_circulo
415,348,348_circle1
415,348,348_circle9
415,348,348_circle11
416,348,348_circle1
416,348,348_circle11
416,348,348_circle12
417,348,348_circle1
417,348,348_circle11
418,348,348_circle1
418,348,348_circle13
419,348,348_circle1
419,348,348_circle2
419,348,348_circle5
419,348,348_circle11
420,107,107_circle3
420,348,348_circle1
420,348,348_circle8
420,348,348_circle11
420,348,348_circle12
421,348,348_circle1
421,348,348_circle7
421,348,348_circle11
421,348,348_circle12
422,348,348_circle1
422,414,414_circle6
423,348,348_circle1
423,348,348_circle11
423,414,414_circle1
424,348,348_circle1
424,348,348_circle5
425,348,348_circle1
425,348,348_circle8
425,348,348_circle11
426,348,348_circle1
426,348,348_circle7
427,348,348_circle4
427,348,348_circle11
427,414,414_circle2
428,107,107_circle3
428,348,348_circle1
428,348,348_circle4
428,348,348_circle11
428,414,414_circle1
428,414,414_circle2
428,1912,1912_circle10
428,1912,1912_circle21
428,1912,1912_circle30
429,348,348_circle1
430,348,348_circle1
430,348,348_circle11
430,348,348_circle12
431,348,348_circle0
431,348,348_circle1
431,348,348_circle2
431,348,348_circle8
431,348,348_circle11
431,414,414_circle1
432,348,348_circle1
432,348,348_circle11
432,348,348_circle12
432,348,348_circle13
433,348,348_circle1
433,348,348_circle7
434,348,348_circle1
434,348,348_circle3
434,348,348_circle11
434,414,414_circle1
435,348,348_circle1
435,348,348_circle5
436,348,348_circle1
436,348,348_circle8
436,348,348_circle11
436,414,414_circle0
436,414,414_circle1
437,348,348_circle1
438,348,348_circle1
438,348,348_circle11
438,348,348_circle13
438,414,414_circle1
439,348,348_circle1
439,348,348_circle8
439,348,348_circle11
440,348,348_circle1
440,348,348_circle2
441,348,348_circle6
442,348,348_circle1
443,348,sin_circulo
444,348,348_circle1
444,348,348_circle11
444,348,348_circle13
445,348,348_circle1
445,348,348_circle9
445,348,348_circle11
446,348,348_circle1
446,348,348_circle8
446,348,348_circle11
447,348,348_circle6
448,348,348_circle1
448,348,348_circle9
448,348,348_circle11
449,348,348_circle1
449,348,348_circle7
449,348,348_circle8
449,348,348_circle13
450,348,348_circle0
450,348,348_circle1
450,348,348_circle11
450,348,348_circle13
451,348,348_circle1
451,348,348_circle11
451,348,348_circle12
452,348,348_circle0
452,348,348_circle1
452,348,348_circle11
452,348,348_circle13
453,348,348_circle1
453,348,348_circle10
454,348,348_circle6
455,348,348_circle1
455,348,348_circle7
455,348,348_circle8
455,348,348_circle13
456,348,348_circle1
456,348,348_circle2
456,348,348_circle11
457,348,348_circle1
457,348,348_circle5
458,348,348_circle1
458,348,348_circle11
458,348,348_circle13
459,348,348_circle1
459,348,348_circle5
460,348,348_circle1
460,348,348_circle9
460,348,348_circle11
460,348,348_circle13
461,348,348_circle0
461,348,348_circle1
461,348,348_circle8
461,348,348_circle11
461,414,414_circle0
461,414,414_circle1
462,348,348_circle1
462,348,348_circle2
462,348,348_circle11
463,348,348_circle0
463,348,348_circle1
463,348,348_circle9
463,348,348_circle11
463,348,348_circle13
464,348,sin_circulo
465,348,348_circle1
465,348,348_circle11
465,348,348_circle12
465,414,414_circle1
466,348,348_circle1
467,348,348_circle1
468,348,348_circle10
469,348,348_circle1
469,348,348_circle5
470,348,348_circle1
470,348,348_circle13
471,348,348_circle1
471,348,348_circle7
471,348,348_circle8
471,348,348_circle11
472,348,348_circle1
473,348,348_circle1
473,348,348_circle9
473,348,348_circle11
474,348,348_circle1
474,348,348_circle8
474,348,348_circle13
475,107,sin_circulo
475,348,348_circle0
475,348,348_circle1
475,348,348_circle8
475,348,348_circle11
475,348,348_circle13
475,414,414_circle0
475,414,414_circle1
476,348,348_circle1
476,348,348_circle6
477,348,348_circle1
477,348,348_circle5
478,348,348_circle1
478,348,348_circle3
478,348,348_circle8
479,348,348_circle1
479,348,348_circle2
479,348,348_circle11
480,348,348_circle1
480,348,348_circle4
480,348,348_circle13
480,414,sin_circulo
481,348,348_circle1
481,348,348_circle13
482,348,348_circle1
482,348,348_circle11
482,348,348_circle13
483,107,sin_circulo
483,348,348_circle1
483,348,348_circle11
483,414,414_circle1
483,414,414_circle6
484,107,sin_circulo
484,348,348_circle1
484,348,348_circle2
484,348,348_circle11
485,348,348_circle1
485,348,348_circle5
486,348,348_circle1
486,348,348_circle5
487,348,348_circle1
487,348,348_circle11
488,348,348_circle1
488,348,348_circle11
488,348,348_circle13
489,348,348_circle1
489,348,348_circle13
490,348,348_circle1
490,348,348_circle8
491,348,348_circle1
491,348,348_circle8
492,348,348_circle1
492,348,348_circle8
492,348,348_circle11
492,414,414_circle1
493,348,348_circle1
493,348,348_circle2
493,348,348_circle11
494,348,348_circle1
494,348,348_circle2
494,348,348_circle11
495,348,348_circle1
495,348,348_circle9
495,348,348_circle11
496,348,348_circle1
496,348,348_circle11
496,348,348_circle13
496,414,414_circle1
497,348,348_circle1
497,348,348_circle11
497,348,348_circle13
498,348,348_circle10
499,348,348_circle1
500,348,348_circle0
500,348,348_circle1
500,348,348_circle11
500,348,348_circle13
500,414,414_circle1
500,414,414_circle4
501,348,348_circle6
502,348,348_circle1
502,348,348_circle8
503,348,348_circle1
503,348,348_circle2
503,348,348_circle11
504,348,348_circle1
504,348,348_circle7
504,348,348_circle13
505,348,348_circle1
505,348,348_circle5
506,348,348_circle1
506,348,348_circle11
506,348,348_circle13
506,414,414_circle1
507,348,348_circle1
507,348,348_circle11
507,348,348_circle13
508,348,348_circle1
508,348,348_circle3
508,348,348_circle11
509,348,348_circle1
509,348,348_circle5
510,348,348_circle1
510,348,348_circle7
510,348,348_circle13
511,348,348_circle1
511,348,348_circle2
511,348,348_circle11
512,348,348_circle1
512,348,348_circle2
512,348,348_circle11
513,348,348_circle0
513,348,348_circle1
513,348,348_circle7
513,348,348_circle11
513,414,414_circle1
514,348,348_circle1
514,348,348_circle11
514,348,348_circle13
514,414,414_circle1
515,348,348_circle1
515,348,348_circle11
515,348,348_circle13
515,414,414_circle1
516,348,348_circle1
516,348,348_circle5
517,107,107_circle3
517,348,348_circle0
517,348,348_circle1
517,348,348_circle11
518,348,348_circle1
518,348,348_circle5
519,348,348_circle1
519,348,348_circle13
520,348,348_circle1
520,348,348_circle8
520,348,348_circle11
521,348,348_circle1
521,348,348_circle11
521,348,348_circle13
522,348,348_circle1
522,348,348_circle8
523,348,348_circle1
523,348,348_circle8
523,348,348_circle11
523,348,348_circle13
524,348,348_circle0
524,348,348_circle1
524,348,348_circle11
524,414,414_circle0
524,414,414_circle1
525,348,348_circle0
525,348,348_circle1
525,348,348_circle2
525,348,348_circle8
525,348,348_circle11
526,107,107_circle6
526,348,348_circle1
526,348,348_circle2
526,348,348_circle11
526,348,348_circle13
527,348,348_circle1
527,348,348_circle8
527,348,348_circle11
528,348,348_circle1
528,348,348_circle13
529,348,348_circle1
530,348,348_circle1
530,348,348_circle13
531,348,348_circle1
531,348,348_circle8
531,348,348_circle13
532,348,348_circle1
533,348,348_circle1
533,348,348_circle7
533,348,348_circle13
534,348,348_circle1
534,348,348_circle3
534,348,348_circle8
535,348,348_circle1
535,348,348_circle9
535,348,348_circle11
536,348,348_circle1
536,348,348_circle2
536,348,348_circle11
537,348,348_circle1
537,348,348_circle11
538,107,sin_circulo
538,348,348_circle1
538,348,348_circle2
538,348,348_circle11
539,348,348_circle1
540,348,348_circle1
541,348,348_circle1
541,348,348_circle8
541,348,348_circle13
542,348,348_circle1
542,348,348_circle9
542,348,348_circle11
542,414,414_circle1
543,348,348_circle1
543,348,348_circle7
543,348,348_circle13
544,348,348_circle1
544,348,348_circle8
544,348,348_circle11
544,348,348_circle13
544,414,414_circle1
545,348,348_circle1
545,348,348_circle8
545,348,348_circle11
545,348,348_circle13
546,348,348_circle1
546,348,348_circle13
547,348,348_circle1
547,348,348_circle13
548,348,348_circle1
548,348,348_circle8
548,348,348_circle13
549,348,348_circle4
549,348,348_circle11
550,348,sin_circulo
551,348,348_circle1
551,348,348_circle5
552,348,sin_circulo
553,348,348_circle1
553,348,348_circle11
553,348,348_circle13
553,414,414_circle1
554,348,348_circle1
554,348,348_circle5
555,348,348_circle1
555,348,348_circle13
556,348,348_circle1
556,348,348_circle11
556,414,414_circle1
557,348,348_circle1
557,348,348_circle13
558,348,348_circle1
558,348,348_circle4
558,348,348_circle11
558,348,348_circle13
558,414,414_circle1
558,414,414_circle2
559,348,348_circle1
559,348,348_circle11
559,414,414_circle1
560,348,348_circle1
560,348,348_circle9
560,348,348_circle11
561,348,348_circle1
561,348,348_circle2
561,348,348_circle7
561,348,348_circle8
561,348,348_circle11
561,414,414_circle1
562,348,348_circle1
562,348,348_circle13
563,107,107_circle1
563,107,107_circle3
563,348,348_circle1
563,348,348_circle4
563,348,348_circle5
563,348,348_circle7
563,348,348_circle8
563,348,348_circle11
563,348,348_circle12
563,414,414_circle1
563,414,414_circle2
563,1912,1912_circle10
563,1912,1912_circle21
563,1912,1912_circle30
564,348,348_circle6
565,348,348_circle1
565,348,348_circle11
565,348,348_circle13
566,107,107_circle3
566,348,348_circle1
566,348,348_circle11
566,348,348_circle13
566,414,414_circle1
567,348,348_circle1
567,348,348_circle11
567,414,414_circle1
567,414,414_circle2
567,3437,sin_circulo
568,348,348_circle1
568,348,348_circle8
568,348,348_circle13
569,348,348_circle1
569,348,348_circle11
569,348,348_circle12
570,348,348_circle1
570,348,348_circle8
570,348,348_circle11
570,348,348_circle13
571,348,348_circle1
572,348,348_circle1
573,414,414_circle6
574,414,414_circle6
575,414,414_circle6
576,414,414_circle4
577,414,414_circle4
578,414,414_circle4
579,414,414_circle3
579,414,414_circle6
580,107,sin_circulo
580,414,414_circle1
581,414,sin_circulo
582,414,414_circle4
583,414,414_circle4
584,414,414_circle5
584,414,414_circle6
585,414,sin_circulo
586,414,sin_circulo
587,414,sin_circulo
588,414,414_circle6
589,414,414_circle6
590,414,414_circle1
590,414,414_circle6
591,414,414_circle1
592,414,414_circle3
592,414,414_circle6
593,414,sin_circulo
594,414,414_circle2
594,3980,3980_circle6
595,414,414_circle4
596,107,sin_circulo
596,414,414_circle6
597,414,414_circle3
597,414,414_circle6
598,414,414_circle6
599,414,414_circle4
600,414,414_circle4
601,107,sin_circulo
601,414,414_circle1
601,414,414_circle6
602,414,414_circle5
602,414,414_circle6
603,414,414_circle3
603,414,414_circle6
604,414,414_circle1
604,414,414_circle2
605,414,414_circle6
606,107,107_circle3
606,414,414_circle1
607,414,414_circle1
607,414,414_circle2
608,414,sin_circulo
609,414,414_circle6
610,414,sin_circulo
611,414,414_circle3
611,414,414_circle6
612,414,414_circle6
613,414,sin_circulo
614,414,414_circle1
615,414,414_circle4
616,414,414_circle5
616,414,414_circle6
617,414,414_circle6
618,414,414_circle6
619,414,414_circle6
620,414,414_circle6
621,414,414_circle6
622,414,414_circle6
623,414,414_circle6
624,414,sin_circulo
625,414,414_circle6
626,414,414_circle6
627,414,414_circle4
628,414,414_circle4
629,107,sin_circulo
629,414,414_circle6
630,414,414_circle6
631,414,414_circle5
631,414,414_circle6
632,414,414_circle4
633,414,414_circle6
634,414,sin_circulo
635,414,414_circle4
636,414,414_circle6
637,107,sin_circulo
637,414,414_circle1
637,414,414_circle6
638,414,414_circle6
639,414,414_circle5
639,414,414_circle6
640,414,414_circle4
641,107,sin_circulo
641,414,414_circle1
641,414,414_circle6
642,414,sin_circulo
643,414,414_circle4
644,414,414_circle6
645,414,sin_circulo
646,414,sin_circulo
647,414,414_circle4
648,414,sin_circulo
649,107,sin_circulo
649,414,414_circle2
650,414,414_circle4
651,107,107_circle3
651,414,414_circle1
652,414,sin_circulo
653,414,414_circle6
654,414,414_circle6
655,414,414_circle6
656,414,sin_circulo
657,414,414_circle6
658,414,414_circle4
659,414,414_circle4
660,414,414_circle5
661,414,414_circle4
662,414,414_circle4
663,414,414_circle6
664,414,414_circle6
665,414,414_circle4
666,414,414_circle6
667,414,414_circle2
668,414,414_circle1
669,414,414_circle1
670,414,414_circle4
671,414,sin_circulo
672,414,414_circle6
673,414,sin_circulo
674,414,414_circle1
674,414,414_circle6
675,414,414_circle4
676,414,414_circle1
677,414,414_circle3
677,414,414_circle6
678,414,414_circle5
678,414,414_circle6
679,414,414_circle5
679,414,414_circle6
680,414,414_circle6
681,414,414_circle4
682,414,414_circle5
682,414,414_circle6
683,414,414_circle1
684,414,414_circle3
684,414,414_circle6
685,414,414_circle6
686,686,sin_circulo
687,686,686_circle0
687,686,686_circle4
688,686,686_circle4
688,686,686_circle9
689,686,686_circle2
689,686,686_circle9
690,686,686_circle9
691,686,686_circle1
691,686,686_circle9
691,686,686_circle11
692,686,686_circle3
693,686,686_circle4
694,686,686_circle4
694,686,686_circle9
694,686,686_circle13
695,686,686_circle4
695,686,686_circle9
696,686,686_circle4
696,686,686_circle9
697,686,686_circle0
697,686,686_circle4
697,686,686_circle6
697,686,686_circle8
697,686,686_circle9
697,686,686_circle13
697,698,698_circle0
697,698,698_circle2
697,698,698_circle9
698,686,686_circle0
698,686,686_circle1
698,686,686_circle2
698,686,686_circle4
698,686,686_circle5
698,686,686_circle6
698,686,686_circle8
698,686,686_circle9
698,686,686_circle12
698,686,686_circle13
698,698,sin_circulo
698,3437,sin_circulo
699,686,686_circle2
699,686,686_circle9
700,686,686_circle0
701,686,686_circle4
701,686,686_circle9
702,686,686_circle2
702,686,686_circle9
702,686,686_circle11
702,686,686_circle13
703,686,686_circle0
703,686,686_circle4
703,698,sin_circulo
704,686,686_circle8
704,686,686_circle9
705,686,686_circle0
705,686,686_circle4
705,686,686_circle5
705,686,686_circle6
705,686,686_circle8
705,686,686_circle11
705,686,686_circle12
705,686,686_circle13
706,686,686_circle4
706,686,686_circle8
707,686,686_circle2
707,686,686_circle9
708,686,686_circle0
708,686,686_circle4
708,686,686_circle6
708,686,686_circle8
708,686,686_circle9
708,686,686_circle12
708,686,686_circle13
708,698,698_circle0
708,698,698_circle2
709,686,686_circle0
709,686,686_circle4
709,686,686_circle13
710,686,686_circle3
711,686,686_circle9
712,686,686_circle2
712,686,686_circle9
713,686,686_circle4
713,686,686_circle9
713,698,698_circle0
714,686,686_circle2
714,686,686_circle9
714,686,686_circle11
715,686,686_circle3
716,686,686_circle0
716,686,686_circle4
716,686,686_circle9
716,686,686_circle12
716,686,686_circle13
717,686,686_circle0
717,686,686_circle10
717,686,686_circle13
718,686,686_circle0
718,686,686_circle4
719,686,686_circle0
719,686,686_circle4
719,686,686_circle9
719,686,686_circle12
719,686,686_circle13
719,698,698_circle0
720,686,686_circle0
720,686,686_circle4
720,686,686_circle12
721,686,686_circle6
721,686,686_circle9
722,686,686_circle1
722,686,686_circle2
722,686,686_circle9
723,686,686_circle9
724,686,686_circle4
724,686,686_circle9
725,686,686_circle2
725,686,686_circle9
725,686,686_circle11
726,686,686_circle4
726,686,686_circle9
727,686,686_circle9
728,686,686_circle0
728,686,686_circle4
728,686,686_circle12
728,686,686_circle13
729,686,686_circle3
729,686,686_circle9
729,698,698_circle1
729,698,698_circle3
730,686,686_circle0
730,686,686_circle4
730,686,686_circle12
731,686,686_circle4
731,686,686_circle9
732,686,686_circle2
732,686,686_circle9
733,686,686_circle1
733,686,686_circle2
733,686,686_circle9
734,686,686_circle9
735,686,686_circle3
736,686,686_circle1
736,686,686_circle9
737,686,686_circle0
737,686,686_circle4
737,686,686_circle12
737,686,686_circle13
738,686,686_circle9
739,686,686_circle0
739,686,686_circle4
739,686,686_circle7
739,686,686_circle8
739,686,686_circle12
740,686,686_circle8
741,686,686_circle0
741,686,686_circle4
741,686,686_circle12
742,686,686_circle1
742,686,686_circle9
743,686,686_circle1
743,686,686_circle9
744,686,686_circle7
744,686,686_circle9
745,686,686_circle0
745,686,686_circle4
745,686,686_circle6
745,686,686_circle12
745,686,686_circle13
745,698,698_circle0
745,698,698_circle2
746,686,686_circle1
746,686,686_circle2
746,686,686_circle9
747,686,686_circle0
747,686,686_circle1
747,686,686_circle4
747,686,686_circle8
747,686,686_circle12
747,686,686_circle13
747,698,698_circle0
747,698,698_circle11
748,686,686_circle0
749,686,686_circle7
749,686,686_circle8
749,686,686_circle13
750,686,686_circle8
751,686,686_circle9
752,686,686_circle4
752,686,686_circle8
752,686,686_circle9
753,686,686_circle3
753,686,686_circle9
753,698,698_circle1
754,686,686_circle0
754,686,686_circle4
755,686,686_circle0
755,686,686_circle4
755,686,686_circle9
755,686,686_circle12
755,686,686_circle13
756,686,686_circle9
757,686,686_circle1
757,686,686_circle8
758,686,686_circle0
758,686,686_circle4
758,686,686_circle8
758,686,686_circle12
758,686,686_circle13
759,686,686_circle0
759,686,686_circle7
760,686,686_circle4
760,686,686_circle9
761,686,686_circle3
762,686,686_circle3
762,686,686_circle9
763,686,686_circle0
763,686,686_circle12
764,686,686_circle0
764,686,686_circle4
764,686,686_circle6
764,686,686_circle9
765,686,686_circle0
766,686,686_circle4
766,686,686_circle9
767,686,686_circle2
767,686,686_circle9
768,686,686_circle1
768,686,686_circle9
769,686,686_circle0
769,686,686_circle3
769,686,686_circle9
769,698,sin_circulo
770,686,686_circle0
770,686,686_circle4
770,686,686_circle8
770,686,686_circle9
770,686,686_circle12
771,686,686_circle1
771,686,686_circle2
771,686,686_circle9
771,686,686_circle11
772,686,686_circle4
772,686,686_circle9
772,686,686_circle13
772,698,698_circle2
773,686,686_circle4
774,686,686_circle0
774,686,686_circle4
774,686,686_circle6
774,686,686_circle8
774,686,686_circle9
774,698,698_circle0
774,698,698_circle2
774,698,698_circle4
775,686,686_circle0
775,686,686_circle7
775,686,686_circle8
776,686,686_circle2
776,698,698_circle6
776,698,698_circle8
777,686,686_circle4
777,686,686_circle9
778,686,686_circle4
779,686,686_circle0
779,686,686_circle4
779,686,686_circle13
780,686,686_circle0
780,686,686_circle4
780,686,686_circle9
780,686,686_circle13
781,686,686_circle0
781,686,686_circle4
781,686,686_circle6
781,686,686_circle9
781,686,686_circle12
781,686,686_circle13
782,686,686_circle0
782,686,686_circle1
782,686,686_circle2
782,686,686_circle9
783,686,686_circle0
783,686,686_circle4
783,686,686_circle6
783,686,686_circle12
783,686,686_circle13
784,686,686_circle9
785,686,686_circle7
785,686,686_circle9
786,686,686_circle1
786,686,686_circle2
786,686,686_circle9
787,686,686_circle0
787,686,686_circle4
787,686,686_circle12
787,686,686_circle13
788,686,686_circle2
788,686,686_circle9
789,686,686_circle1
789,686,686_circle2
789,686,686_circle6
789,686,686_circle9
789,686,686_circle13
790,686,686_circle0
790,686,686_circle4
790,686,686_circle8
790,686,686_circle12
790,686,686_circle13
791,686,686_circle2
791,686,686_circle9
791,686,686_circle11
791,686,686_circle13
792,686,686_circle0
792,686,686_circle4
792,686,686_circle9
793,686,686_circle0
793,686,686_circle4
793,686,686_circle12
794,686,686_circle9
795,686,686_circle9
796,686,686_circle2
796,686,686_circle3
796,686,686_circle9
797,686,686_circle0
797,686,686_circle4
797,686,686_circle12
798,686,686_circle0
798,686,686_circle4
798,686,686_circle5
798,686,686_circle8
798,686,686_circle9
798,686,686_circle10
798,686,686_circle12
798,686,686_circle13
798,698,sin_circulo
799,686,686_circle9
799,686,686_circle12
800,686,686_circle4
800,686,686_circle6
800,686,686_circle9
800,686,686_circle13
800,698,698_circle2
801,686,686_circle7
801,686,686_circle13
802,686,686_circle2
802,686,686_circle9
802,686,686_circle11
803,686,686_circle0
803,686,686_circle4
803,686,686_circle12
803,698,698_circle0
804,686,686_circle0
804,698,698_circle1
804,698,698_circle3
805,686,686_circle0
805,686,686_circle4
805,686,686_circle6
805,686,686_circle9
805,686,686_circle11
805,686,686_circle13
805,698,698_circle2
806,686,686_circle1
806,686,686_circle2
806,686,686_circle9
806,686,686_circle11
807,686,686_circle0
807,686,686_circle4
808,686,686_circle0
808,686,686_circle4
808,686,686_circle12
808,686,686_circle13
809,686,686_circle0
809,686,686_circle4
809,686,686_circle6
809,686,686_circle8
809,686,686_circle12
809,686,686_circle13
810,686,686_circle2
810,686,686_circle4
810,686,686_circle9
810,698,698_circle2
810,698,698_circle10
811,686,686_circle3
811,686,686_circle6
811,686,686_circle8
811,698,sin_circulo
812,686,686_circle0
812,686,686_circle4
812,686,686_circle13
813,686,686_circle1
813,686,686_circle9
814,686,686_circle0
814,686,686_circle4
814,686,686_circle9
814,686,686_circle12
814,686,686_circle13
815,686,686_circle0
815,686,686_circle4
815,686,686_circle7
815,686,686_circle8
815,686,686_circle9
815,686,686_circle13
816,686,686_circle1
816,686,686_circle9
817,686,686_circle0
817,686,686_circle4
817,686,686_circle9
818,686,686_circle2
818,686,686_circle6
818,686,686_circle9
818,686,686_circle11
819,686,686_circle0
819,686,686_circle2
819,686,686_circle4
819,698,sin_circulo
820,686,686_circle0
820,686,686_circle4
820,686,686_circle12
821,686,686_circle4
821,686,686_circle12
821,686,686_circle13
822,686,686_circle2
822,686,686_circle9
822,686,686_circle11
822,686,686_circle13
823,686,686_circle0
823,686,686_circle2
823,686,686_circle4
823,686,686_circle6
823,686,686_circle8
823,686,686_circle13
823,698,698_circle0
823,698,698_circle2
824,686,686_circle0
824,686,686_circle4
824,686,686_circle9
824,686,686_circle13
825,686,686_circle3
825,698,698_circle1
826,686,686_circle9
826,686,686_circle12
827,686,686_circle0
827,686,686_circle4
827,686,686_circle8
827,686,686_circle9
827,686,686_circle12
827,686,686_circle13
828,686,686_circle0
828,686,686_circle4
828,686,686_circle5
828,686,686_circle9
828,686,686_circle13
828,698,698_circle0
828,698,698_circle2
829,686,686_circle9
830,686,686_circle0
830,686,686_circle4
830,686,686_circle9
830,698,698_circle0
831,686,686_circle0
832,686,686_circle0
832,686,686_circle12
833,686,686_circle1
833,686,686_circle2
833,686,686_circle9
834,686,686_circle4
835,686,686_circle0
835,686,686_circle4
835,686,686_circle9
835,686,686_circle13
836,686,686_circle0
836,686,686_circle4
836,686,686_circle8
836,686,686_circle12
836,686,686_circle13
837,686,686_circle0
837,686,686_circle4
837,686,686_circle13
838,686,686_circle0
838,686,686_circle4
838,686,686_circle13
839,686,686_circle2
839,686,686_circle9
839,686,686_circle11
840,686,686_circle0
840,686,686_circle4
840,698,698_circle0
840,698,698_circle2
841,686,686_circle0
841,686,686_circle7
841,686,686_circle8
841,686,686_circle12
842,686,686_circle9
843,686,686_circle0
843,686,686_circle4
843,686,686_circle13
844,686,686_circle4
845,686,686_circle4
845,686,686_circle9
846,686,686_circle7
846,686,686_circle9
847,686,686_circle4
847,686,686_circle9
848,686,686_circle9
849,686,686_circle0
849,686,686_circle4
849,686,686_circle9
849,686,686_circle12
850,686,686_circle1
850,686,686_circle3
850,686,686_circle9
850,686,686_circle11
851,686,686_circle5
852,686,686_circle0
852,686,686_circle10
852,686,686_circle13
853,686,686_circle4
853,686,686_circle9
854,686,686_circle1
854,686,686_circle9
855,686,686_circle10
855,686,686_circle13
856,686,686_circle0
856,686,686_circle2
856,686,686_circle4
856,686,686_circle8
856,686,686_circle13
856,698,698_circle0
856,698,698_circle1
856,698,698_circle2
856,698,698_circle3
856,698,698_circle4
857,698,698_circle6
857,3437,sin_circulo
858,698,698_circle5
859,698,sin_circulo
860,698,698_circle10
860,698,698_circle12
860,1684,1684_circle1
861,698,sin_circulo
862,698,698_circle6
862,698,698_circle10
862,3437,sin_circulo
863,698,698_circle1
863,698,698_circle3
864,698,698_circle1
865,698,698_circle10
866,698,698_circle5
867,698,698_circle8
868,698,698_circle10
869,698,sin_circulo
870,698,698_circle5
871,698,698_circle5
871,698,698_circle10
872,698,698_circle8
873,698,698_circle8
874,698,698_circle8
875,698,698_circle1
875,698,698_circle3
876,698,698_circle1
876,698,698_circle3
876,698,698_circle7
877,698,698_circle8
878,698,698_circle1
878,698,698_circle3
879,698,698_circle5
880,698,698_circle2
881,698,698_circle5
882,698,698_circle1
882,698,698_circle3
883,698,698_circle12
884,698,698_circle1
885,698,698_circle8
886,698,698_circle1
886,698,698_circle3
887,698,698_circle8
888,698,698_circle1
888,698,698_circle3
889,698,698_circle1
889,698,698_circle3
889,698,698_circle7
890,698,sin_circulo
891,698,sin_circulo
892,698,sin_circulo
893,698,698_circle1
894,698,sin_circulo
895,698,698_circle5
896,107,sin_circulo
897,107,sin_circulo
898,107,sin_circulo
899,107,107_circle7
900,107,sin_circulo
901,107,107_circle8
902,107,sin_circulo
903,107,107_circle8
904,107,sin_circulo
905,107,sin_circulo
906,107,107_circle6
907,107,sin_circulo
908,107,107_circle6
908,107,107_circle7
909,107,sin_circulo
910,107,107_circle8
911,107,sin_circulo
912,107,107_circle7
913,107,107_circle2
914,107,107_circle3
915,107,107_circle3
916,107,107_circle6
917,107,sin_circulo
918,107,sin_circulo
919,107,sin_circulo
920,107,107_circle6
921,107,107_circle6
922,107,107_circle6
922,107,107_circle7
923,107,107_circle6
924,107,sin_circulo
925,107,107_circle6
926,107,107_circle6
927,107,107_circle6
928,107,sin_circulo
929,107,107_circle6
930,107,sin_circulo
931,107,sin_circulo
932,107,sin_circulo
933,107,sin_circulo
934,107,107_circle6
935,107,sin_circulo
936,107,sin_circulo
937,107,sin_circulo
938,107,107_circle8
939,107,sin_circulo
940,107,sin_circulo
941,107,sin_circulo
942,107,sin_circulo
943,107,sin_circulo
944,107,sin_circulo
945,107,sin_circulo
946,107,107_circle6
947,107,107_circle6
948,107,sin_circulo
949,107,sin_circulo
950,107,107_circle1
950,107,107_circle6
951,107,107_circle6
952,107,107_circle6
953,107,sin_circulo
954,107,sin_circulo
955,107,107_circle0
956,107,sin_circulo
957,107,sin_circulo
958,107,107_circle8
959,107,sin_circulo
960,107,sin_circulo
961,107,107_circle6
962,107,sin_circulo
963,107,107_circle8
964,107,sin_circulo
965,107,sin_circulo
966,107,107_circle6
967,107,107_circle6
968,107,107_circle7
969,107,sin_circulo
970,107,sin_circulo
971,107,107_circle5
972,107,sin_circulo
973,107,sin_circulo
974,107,sin_circulo
975,107,sin_circulo
976,107,107_circle3
977,107,sin_circulo
978,107,107_circle6
979,107,107_circle4
980,107,107_circle6
981,107,sin_circulo
982,107,107_circle6
983,107,107_circle6
984,107,sin_circulo
985,107,sin_circulo
986,107,sin_circulo
987,107,107_circle2
988,107,sin_circulo
989,107,sin_circulo
990,107,107_circle6
990,1684,1684_circle8
991,107,107_circle6
992,107,107_circle8
993,107,sin_circulo
994,107,sin_circulo
995,107,sin_circulo
996,107,107_circle6
997,107,sin_circulo
998,107,sin_circulo
999,107,sin_circulo
1000,107,sin_circulo
1001,107,107_circle7
1002,107,sin_circulo
1003,107,107_circle6
1004,107,sin_circulo
1005,107,sin_circulo
1006,107,107_circle6
1007,107,sin_circulo
1008,107,107_circle6
1009,107,sin_circulo
1010,107,sin_circulo
1011,107,sin_circulo
1012,107,107_circle7
1013,107,107_circle1
1014,107,sin_circulo
1015,107,107_circle5
1016,107,107_circle4
1017,107,107_circle6
1018,107,107_circle5
1019,107,sin_circulo
1020,107,sin_circulo
1021,107,sin_circulo
1022,107,sin_circulo
1023,107,sin_circulo
1024,107,sin_circulo
1025,107,107_circle3
1026,107,107_circle6
1027,107,sin_circulo
1028,107,107_circle6
1029,107,107_circle6
1030,107,107_circle0
1031,107,107_circle1
1031,107,107_circle6
1032,107,sin_circulo
1033,107,sin_circulo
1034,107,107_circle6
1035,107,107_circle2
1036,107,107_circle5
1037,107,sin_circulo
1038,107,107_circle7
1039,107,107_circle6
1040,107,sin_circulo
1041,107,sin_circulo
1042,107,sin_circulo
1043,107,107_circle0
1044,107,sin_circulo
1045,107,107_circle0
1046,107,sin_circulo
1047,107,sin_circulo
1048,107,107_circle6
1049,107,107_circle6
1050,107,107_circle6
1051,107,sin_circulo
1052,107,107_circle2
1053,107,107_circle4
1054,107,107_circle6
1055,107,107_circle6
1056,107,107_circle6
1057,107,107_circle4
1058,107,107_circle6
1059,107,107_circle6
1060,107,107_circle5
1061,107,sin_circulo
1062,107,107_circle7
1063,107,sin_circulo
1064,107,sin_circulo
1065,107,sin_circulo
1066,107,sin_circulo
1067,107,sin_circulo
1068,107,107_circle6
1069,107,107_circle6
1070,107,sin_circulo
1071,107,sin_circulo
1072,107,sin_circulo
1073,107,107_circle6
1074,107,107_circle6
1075,107,107_circle6
1076,107,107_circle6
1077,107,107_circle6
1078,107,sin_circulo
1079,107,107_circle6
1080,107,107_circle3
1081,107,sin_circulo
1082,107,sin_circulo
1083,107,sin_circulo
1084,107,107_circle6
1085,107,107_circle6
1085,3437,3437_circle3
1085,3437,3437_circle4
1085,3437,3437_circle19
1086,107,107_circle6
1087,107,107_circle1
1087,107,107_circle6
1088,107,107_circle6
1089,107,107_circle6
1090,107,sin_circulo
1091,107,sin_circulo
1092,107,107_circle6
1093,107,sin_circulo
1094,107,sin_circulo
1095,107,sin_circulo
1096,107,sin_circulo
1097,107,107_circle8
1098,107,107_circle6
1099,107,107_circle5
1100,107,sin_circulo
1101,107,107_circle6
1102,107,sin_circulo
1103,107,sin_circulo
1104,107,sin_circulo
1105,107,sin_circulo
1106,107,sin_circulo
1107,107,107_circle6
1108,107,sin_circulo
1109,107,sin_circulo
1110,107,107_circle6
1111,107,107_circle0
1112,107,107_circle6
1113,107,107_circle3
1114,107,107_circle3
1115,107,107_circle5
1116,107,107_circle6
1117,107,sin_circulo
1118,107,107_circle8
1119,107,sin_circulo
1120,107,107_circle5
1121,107,sin_circulo
1122,107,sin_circulo
1123,107,107_circle6
1124,107,107_circle6
1125,107,sin_circulo
1126,107,107_circle6
1127,107,sin_circulo
1128,107,107_circle6
1129,107,sin_circulo
1130,107,sin_circulo
1131,107,sin_circulo
1132,107,107_circle6
1133,107,107_circle7
1134,107,sin_circulo
1135,107,107_circle6
1136,107,sin_circulo
1137,107,107_circle8
1138,107,107_circle4
1139,107,sin_circulo
1140,107,107_circle6
1141,107,sin_circulo
1142,107,107_circle3
1143,107,107_circle5
1144,107,107_circle1
1144,107,107_circle6
1145,107,107_circle6
1146,107,107_circle6
1147,107,sin_circulo
1148,107,sin_circulo
1149,107,107_circle6
1150,107,sin_circulo
1151,107,107_circle6
1152,107,sin_circulo
1153,107,sin_circulo
1154,107,sin_circulo
1155,107,107_circle3
1156,107,sin_circulo
1157,107,sin_circulo
1158,107,107_circle5
1159,107,sin_circulo
1160,107,sin_circulo
1161,107,107_circle6
1162,107,sin_circulo
1163,107,sin_circulo
1164,107,sin_circulo
1165,107,107_circle6
1166,107,sin_circulo
1167,107,sin_circulo
1168,107,sin_circulo
1169,107,sin_circulo
1170,107,sin_circulo
1171,107,sin_circulo
1171,1684,1684_circle15
1172,107,107_circle6
1173,107,sin_circulo
1174,107,107_circle1
1174,107,107_circle6
1175,107,sin_circulo
1176,107,sin_circulo
1177,107,107_circle4
1178,107,107_circle6
1179,107,107_circle3
1180,107,sin_circulo
1181,107,107_circle6
1182,107,107_circle6
1183,107,107_circle2
1184,107,107_circle6
1185,107,sin_circulo
1186,107,107_circle8
1187,107,sin_circulo
1188,107,sin_circulo
1189,107,sin_circulo
1190,107,sin_circulo
1191,107,107_circle6
1192,107,sin_circulo
1193,107,107_circle6
1194,107,sin_circulo
1195,107,107_circle6
1196,107,sin_circulo
1197,107,107_circle0
1197,107,107_circle6
1198,107,107_circle6
1199,107,sin_circulo
1200,107,sin_circulo
1201,107,107_circle6
1202,107,sin_circulo
1203,107,sin_circulo
1204,107,sin_circulo
1205,107,sin_circulo
1206,107,sin_circulo
1207,107,sin_circulo
1208,107,sin_circulo
1209,107,107_circle6
1210,107,sin_circulo
1211,107,107_circle6
1212,107,sin_circulo
1213,107,sin_circulo
1214,107,107_circle6
1215,107,107_circle5
1216,107,107_circle8
1217,107,sin_circulo
1218,107,sin_circulo
1219,107,107_circle6
1220,107,sin_circulo
1221,107,sin_circulo
1222,107,sin_circulo
1223,107,107_circle3
1224,107,sin_circulo
1225,107,sin_circulo
1226,107,sin_circulo
1227,107,107_circle5
1228,107,sin_circulo
1229,107,sin_circulo
1230,107,sin_circulo
1231,107,107_circle5
1232,107,107_circle8
1233,107,sin_circulo
1234,107,sin_circulo
1235,107,sin_circulo
1236,107,sin_circulo
1237,107,107_circle3
1238,107,107_circle6
1239,107,sin_circulo
1240,107,sin_circulo
1241,107,sin_circulo
1242,107,107_circle6
1243,107,107_circle6
1244,107,sin_circulo
1245,107,sin_circulo
1246,107,sin_circulo
1247,107,sin_circulo
1248,107,sin_circulo
1249,107,sin_circulo
1250,107,107_circle6
1251,107,107_circle1
1251,107,107_circle6
1252,107,107_circle0
1253,107,sin_circulo
1254,107,107_circle0
1255,107,sin_circulo
1256,107,sin_circulo
1257,107,107_circle5
1258,107,sin_circulo
1259,107,sin_circulo
1260,107,sin_circulo
1261,107,107_circle5
1262,107,107_circle7
1263,107,107_circle2
1264,107,sin_circulo
1265,107,107_circle6
1266,107,sin_circulo
1267,107,107_circle6
1268,107,sin_circulo
1269,107,107_circle6
1270,107,sin_circulo
1271,107,107_circle6
1272,107,107_circle6
1273,107,sin_circulo
1274,107,sin_circulo
1275,107,sin_circulo
1276,107,sin_circulo
1277,107,sin_circulo
1278,107,107_circle6
1279,107,sin_circulo
1280,107,sin_circulo
1281,107,sin_circulo
1282,107,sin_circulo
1283,107,107_circle6
1284,107,sin_circulo
1285,107,sin_circulo
1286,107,sin_circulo
1287,107,sin_circulo
1288,107,107_circle6
1289,107,sin_circulo
1290,107,107_circle6
1291,107,107_circle6
1292,107,sin_circulo
1293,107,107_circle6
1294,107,sin_circulo
1295,107,sin_circulo
1296,107,sin_circulo
1297,107,sin_circulo
1298,107,sin_circulo
1299,107,sin_circulo
1300,107,sin_circulo
1301,107,107_circle6
1301,107,107_circle7
1302,107,sin_circulo
1303,107,sin_circulo
1304,107,sin_circulo
1305,107,107_circle6
1306,107,sin_circulo
1307,107,sin_circulo
1308,107,sin_circulo
1309,107,sin_circulo
1310,107,sin_circulo
1311,107,sin_circulo
1312,107,107_circle6
1313,107,sin_circulo
1314,107,107_circle8
1315,107,sin_circulo
1316,107,sin_circulo
1317,107,107_circle6
1318,107,sin_circulo
1319,107,107_circle8
1320,107,107_circle3
1321,107,107_circle6
1322,107,sin_circulo
1323,107,sin_circulo
1324,107,sin_circulo
1325,107,sin_circulo
1326,107,sin_circulo
1327,107,107_circle6
1328,107,107_circle6
1329,107,107_circle6
1330,107,107_circle6
1331,107,sin_circulo
1332,107,107_circle3
1333,107,107_circle8
1334,107,107_circle6
1335,107,sin_circulo
1336,107,sin_circulo
1337,107,107_circle7
1338,107,sin_circulo
1339,107,107_circle6
1340,107,sin_circulo
1341,107,sin_circulo
1342,107,sin_circulo
1343,107,sin_circulo
1344,107,107_circle6
1345,107,sin_circulo
1346,107,sin_circulo
1347,107,sin_circulo
1348,107,sin_circulo
1349,107,sin_circulo
1350,107,sin_circulo
1351,107,107_circle6
1352,107,107_circle6
1353,107,sin_circulo
1354,107,sin_circulo
1355,107,sin_circulo
1356,107,sin_circulo
1357,107,sin_circulo
1358,107,sin_circulo
1359,107,sin_circulo
1360,107,107_circle6
1361,107,107_circle6
1362,107,sin_circulo
1363,107,107_circle8
1364,107,sin_circulo
1365,107,107_circle6
1366,107,sin_circulo
1367,107,107_circle6
1368,107,107_circle0
1369,107,107_circle6
1370,107,sin_circulo
1371,107,107_circle8
1372,107,sin_circulo
1373,107,sin_circulo
1374,107,sin_circulo
1375,107,107_circle6
1376,107,107_circle6
1377,107,107_circle6
1378,107,107_circle8
1379,107,107_circle5
1380,107,107_circle6
1381,107,107_circle5
1382,107,sin_circulo
1383,107,sin_circulo
1384,107,107_circle0
1384,107,107_circle6
1385,107,107_circle1
1386,107,sin_circulo
1387,107,107_circle3
1388,107,sin_circulo
1389,107,sin_circulo
1390,107,107_circle6
1391,107,107_circle6
1392,107,sin_circulo
1393,107,sin_circulo
1394,107,sin_circulo
1395,107,107_circle7
1396,107,sin_circulo
1397,107,sin_circulo
1398,107,107_circle6
1399,107,sin_circulo
1400,107,sin_circulo
1401,107,sin_circulo
1402,107,107_circle6
1403,107,107_circle4
1404,107,sin_circulo
1405,107,107_circle6
1405,1684,1684_circle0
1406,107,sin_circulo
1407,107,sin_circulo
1408,107,107_circle3
1409,107,sin_circulo
1410,107,107_circle1
1411,107,107_circle6
1412,107,sin_circulo
1413,107,107_circle5
1414,107,sin_circulo
1415,107,sin_circulo
1416,107,107_circle6
1417,107,sin_circulo
1418,107,107_circle5
1419,107,sin_circulo
1419,1684,1684_circle8
1420,107,107_circle6
1421,107,107_circle1
1421,107,107_circle6
1422,107,107_circle6
1423,107,107_circle5
1424,107,107_circle8
1425,107,sin_circulo
1426,107,sin_circulo
1427,107,sin_circulo
1428,107,sin_circulo
1429,107,107_circle2
1430,107,sin_circulo
1431,107,107_circle6
1432,107,sin_circulo
1433,107,sin_circulo
1434,107,sin_circulo
1435,107,107_circle6
1436,107,107_circle5
1437,107,sin_circulo
1438,107,sin_circulo
1439,107,107_circle7
1440,107,sin_circulo
1441,107,107_circle6
1442,107,107_circle7
1443,107,sin_circulo
1444,107,107_circle2
1445,107,107_circle6
1446,107,sin_circulo
1447,107,107_circle6
1448,107,107_circle5
1449,107,107_circle6
1450,107,107_circle6
1450,1684,1684_circle8
1451,107,sin_circulo
1452,107,107_circle8
1453,107,sin_circulo
1454,107,sin_circulo
1455,107,sin_circulo
1456,107,sin_circulo
1457,107,sin_circulo
1458,107,107_circle6
1459,107,sin_circulo
1460,107,107_circle6
1461,107,sin_circulo
1462,107,sin_circulo
1463,107,sin_circulo
1464,107,sin_circulo
1465,107,sin_circulo
1465,1912,1912_circle10
1465,1912,1912_circle15
1465,1912,1912_circle35
1465,1912,1912_circle38
1466,107,sin_circulo
1467,107,107_circle6
1468,107,107_circle8
1469,107,107_circle2
1470,107,107_circle6
1471,107,107_circle6
1472,107,sin_circulo
1473,107,sin_circulo
1474,107,sin_circulo
1475,107,sin_circulo
1476,107,sin_circulo
1477,107,107_circle6
1478,107,sin_circulo
1479,107,sin_circulo
1480,107,107_circle6
1481,107,sin_circulo
1482,107,sin_circulo
1483,107,sin_circulo
1484,107,107_circle6
1485,107,107_circle6
1486,107,sin_circulo
1487,107,107_circle3
1488,107,sin_circulo
1489,107,sin_circulo
1490,107,sin_circulo
1491,107,107_circle6
1492,107,sin_circulo
1493,107,sin_circulo
1494,107,107_circle6
1495,107,sin_circulo
1496,107,sin_circulo
1497,107,sin_circulo
1498,107,sin_circulo
1499,107,sin_circulo
1500,107,sin_circulo
1501,107,sin_circulo
1502,107,sin_circulo
1503,107,sin_circulo
1504,107,107_circle2
1505,107,107_circle6
1505,1684,1684_circle8
1506,107,sin_circulo
1507,107,sin_circulo
1508,107,sin_circulo
1509,107,107_circle6
1510,107,sin_circulo
1511,107,sin_circulo
1512,107,sin_circulo
1513,107,107_circle6
1514,107,sin_circulo
1515,107,107_circle5
1516,107,107_circle6
1517,107,107_circle6
1518,107,sin_circulo
1519,107,107_circle6
1520,107,107_circle6
1521,107,107_circle6
1522,107,107_circle6
1523,107,107_circle6
1524,107,107_circle6
1525,107,sin_circulo
1526,107,sin_circulo
1527,107,sin_circulo
1528,107,107_circle6
1529,107,sin_circulo
1530,107,sin_circulo
1531,107,107_circle2
1532,107,107_circle6
1533,107,107_circle8
1534,107,107_circle6
1534,1684,1684_circle8
1535,107,107_circle6
1536,107,sin_circulo
1537,107,107_circle6
1538,107,sin_circulo
1539,107,107_circle6
1540,107,107_circle6
1541,107,sin_circulo
1542,107,107_circle2
1543,107,sin_circulo
1544,107,107_circle6
1545,107,sin_circulo
1546,107,sin_circulo
1547,107,107_circle6
1548,107,107_circle8
1549,107,107_circle1
1549,107,107_circle3
1550,107,sin_circulo
1551,107,107_circle6
1552,107,sin_circulo
1553,107,107_circle6
1554,107,107_circle6
1555,107,107_circle1
1555,107,107_circle6
1556,107,sin_circulo
1557,107,107_circle6
1558,107,107_circle6
1559,107,107_circle6
1560,107,sin_circulo
1561,107,107_circle6
1562,107,107_circle7
1563,107,107_circle6
1564,107,107_circle6
1565,107,sin_circulo
1566,107,sin_circulo
1567,107,sin_circulo
1568,107,107_circle8
1569,107,sin_circulo
1570,107,sin_circulo
1571,107,sin_circulo
1572,107,107_circle6
1573,107,sin_circulo
1574,107,107_circle3
1575,107,sin_circulo
1576,107,sin_circulo
1577,107,sin_circulo
1577,1912,1912_circle35
1577,1912,1912_circle38
1578,107,sin_circulo
1579,107,107_circle6
1580,107,107_circle6
1581,107,sin_circulo
1582,107,sin_circulo
1583,107,sin_circulo
1584,107,107_circle6
1585,107,107_circle6
1586,107,sin_circulo
1587,107,sin_circulo
1588,107,107_circle6
1589,107,107_circle6
1590,107,sin_circulo
1591,107,107_circle5
1592,107,sin_circulo
1593,107,107_circle6
1594,107,107_circle6
1595,107,sin_circulo
1596,107,sin_circulo
1597,107,107_circle6
1598,107,sin_circulo
1599,107,sin_circulo
1600,107,107_circle6
1601,107,107_circle8
1602,107,sin_circulo
1603,107,107_circle6
1604,107,sin_circulo
1605,107,sin_circulo
1606,107,sin_circulo
1607,107,107_circle4
1608,107,107_circle6
1609,107,sin_circulo
1610,107,107_circle6
1611,107,sin_circulo
1612,107,107_circle6
1613,107,107_circle6
1614,107,107_circle6
1615,107,sin_circulo
1616,107,107_circle3
1617,107,107_circle6
1618,107,107_circle7
1619,107,107_circle6
1620,107,107_circle6
1621,107,107_circle6
1622,107,107_circle6
1623,107,107_circle6
1624,107,sin_circulo
1625,107,sin_circulo
1626,107,107_circle6
1627,107,sin_circulo
1628,107,sin_circulo
1629,107,107_circle8
1630,107,sin_circulo
1631,107,sin_circulo
1632,107,sin_circulo
1633,107,sin_circulo
1634,107,sin_circulo
1635,107,107_circle5
1636,107,107_circle5
1637,107,107_circle6
1638,107,sin_circulo
1639,107,107_circle6
1640,107,sin_circulo
1641,107,107_circle6
1642,107,107_circle6
1642,1684,1684_circle8
1643,107,107_circle6
1644,107,107_circle6
1645,107,sin_circulo
1646,107,sin_circulo
1647,107,sin_circulo
1648,107,sin_circulo
1649,107,sin_circulo
1650,107,sin_circulo
1651,107,sin_circulo
1652,107,107_circle6
1653,107,107_circle6
1654,107,sin_circulo
1655,107,sin_circulo
1656,107,sin_circulo
1656,1684,1684_circle8
1657,107,107_circle7
1658,107,107_circle7
1659,107,107_circle6
1660,107,sin_circulo
1661,107,sin_circulo
1662,107,sin_circulo
1663,107,107_circle6
1664,107,107_circle4
1665,107,sin_circulo
1666,107,107_circle6
1666,1684,1684_circle8
1667,107,sin_circulo
1668,107,107_circle6
1669,107,107_circle6
1670,107,sin_circulo
1671,107,sin_circulo
1672,107,sin_circulo
1673,107,sin_circulo
1674,107,sin_circulo
1675,107,107_circle6
1676,107,107_circle1
1676,107,107_circle6
1677,107,sin_circulo
1678,107,107_circle6
1679,107,107_circle3
1680,107,sin_circulo
1681,107,sin_circulo
1682,107,107_circle5
1683,107,107_circle6
1684,107,107_circle1
1684,107,107_circle3
1684,107,107_circle6
1684,1684,sin_circulo
1685,107,sin_circulo
1686,107,sin_circulo
1687,107,sin_circulo
1688,107,107_circle6
1689,107,107_circle6
1690,107,107_circle2
1691,107,107_circle5
1692,107,107_circle3
1693,107,sin_circulo
1694,107,sin_circulo
1695,107,sin_circulo
1696,107,sin_circulo
1697,107,107_circle6
1698,107,107_circle6
1699,107,107_circle2
1700,107,107_circle6
1701,107,107_circle6
1702,107,107_circle6
1703,107,sin_circulo
1704,107,sin_circulo
1705,107,sin_circulo
1706,107,sin_circulo
1707,107,sin_circulo
1708,107,107_circle6
1709,107,sin_circulo
1710,107,107_circle6
1711,107,sin_circulo
1712,107,sin_circulo
1713,107,sin_circulo
1714,107,107_circle6
1715,107,sin_circulo
1716,107,sin_circulo
1717,107,107_circle6
1718,107,sin_circulo
1718,1912,1912_circle38
1719,107,107_circle6
1720,107,sin_circulo
1721,107,107_circle6
1722,107,107_circle6
1723,107,107_circle6
1724,107,107_circle6
1725,107,sin_circulo
1726,107,107_circle6
1726,1684,1684_circle7
1726,1684,1684_circle8
1727,107,107_circle2
1727,107,107_circle5
1728,107,sin_circulo
1729,107,sin_circulo
1730,107,107_circle6
1731,107,sin_circulo
1732,107,sin_circulo
1733,107,107_circle8
1734,107,sin_circulo
1735,107,107_circle6
1736,107,107_circle6
1737,107,107_circle6
1738,107,107_circle2
1739,107,sin_circulo
1740,107,sin_circulo
1741,107,sin_circulo
1742,107,sin_circulo
1743,107,sin_circulo
1744,107,sin_circulo
1745,107,107_circle2
1746,107,107_circle6
1747,107,107_circle8
1748,107,sin_circulo
1749,107,sin_circulo
1750,107,107_circle6
1751,107,sin_circulo
1752,107,107_circle6
1753,107,107_circle6
1754,107,sin_circulo
1755,107,sin_circulo
1756,107,sin_circulo
1757,107,107_circle6
1758,107,107_circle6
1758,1684,1684_circle8
1759,107,sin_circulo
1760,107,107_circle2
1761,107,107_circle6
1762,107,sin_circulo
1763,107,sin_circulo
1764,107,sin_circulo
1765,107,107_circle6
1766,107,107_circle3
1767,107,107_circle3
1768,107,sin_circulo
1769,107,107_circle6
1769,107,107_circle7
1770,107,sin_circulo
1771,107,sin_circulo
1772,107,sin_circulo
1773,107,sin_circulo
1774,107,107_circle6
1775,107,sin_circulo
1776,107,sin_circulo
1777,107,sin_circulo
1778,107,sin_circulo
1779,107,107_circle6
1780,107,107_circle7
1781,107,sin_circulo
1782,107,sin_circulo
1783,107,sin_circulo
1784,107,107_circle8
1785,107,sin_circulo
1786,107,sin_circulo
1787,107,107_circle8
1788,107,sin_circulo
1789,107,107_circle6
1790,107,sin_circulo
1791,107,107_circle6
1792,107,107_circle6
1793,107,107_circle6
1794,107,sin_circulo
1795,107,107_circle6
1796,107,107_circle6
1797,107,sin_circulo
1798,107,107_circle8
1799,107,107_circle6
1800,107,107_circle6
1801,107,sin_circulo
1802,107,sin_circulo
1803,107,107_circle6
1804,107,sin_circulo
1805,107,107_circle6
1806,107,sin_circulo
1807,107,107_circle2
1808,107,107_circle5
1809,107,107_circle6
1810,107,sin_circulo
1811,107,107_circle6
1812,107,sin_circulo
1813,107,107_circle6
1814,107,107_circle7
1815,107,sin_circulo
1816,107,107_circle6
1817,107,107_circle6
1818,107,107_circle7
1819,107,107_circle6
1820,107,sin_circulo
1821,107,107_circle7
1822,107,sin_circulo
1823,107,107_circle6
1824,107,sin_circulo
1825,107,sin_circulo
1826,107,sin_circulo
1827,107,107_circle6
1828,107,107_circle5
1829,107,sin_circulo
1830,107,sin_circulo
1831,107,sin_circulo
1832,107,sin_circulo
1833,107,107_circle6
1834,107,sin_circulo
1835,107,107_circle6
1836,107,107_circle6
1837,107,107_circle8
1838,107,107_circle6
1839,107,sin_circulo
1840,107,sin_circulo
1841,107,sin_circulo
1842,107,107_circle6
1843,107,107_circle6
1844,107,sin_circulo
1845,107,107_circle6
1846,107,107_circle6
1847,107,sin_circulo
1848,107,107_circle5
1849,107,sin_circulo
1850,107,sin_circulo
1851,107,107_circle6
1852,107,107_circle6
1853,107,sin_circulo
1854,107,sin_circulo
1855,107,sin_circulo
1856,107,sin_circulo
1857,107,sin_circulo
1858,107,sin_circulo
1859,107,107_circle5
1860,107,sin_circulo
1861,107,107_circle6
1862,107,sin_circulo
1863,107,107_circle6
1864,107,sin_circulo
1865,107,107_circle6
1866,107,sin_circulo
1867,107,107_circle6
1868,107,sin_circulo
1869,107,sin_circulo
1870,107,sin_circulo
1871,107,sin_circulo
1872,107,107_circle5
1873,107,sin_circulo
1874,107,sin_circulo
1875,107,107_circle5
1876,107,sin_circulo
1877,107,107_circle6
1878,107,sin_circulo
1879,107,sin_circulo
1880,107,107_circle8
1881,107,107_circle3
1882,107,107_circle3
1883,107,107_circle6
1884,107,sin_circulo
1885,107,107_circle7
1886,107,107_circle6
1887,107,sin_circulo
1888,107,107_circle6
1889,107,sin_circulo
1890,107,sin_circulo
1891,107,107_circle5
1892,107,sin_circulo
1893,107,sin_circulo
1894,107,sin_circulo
1895,107,107_circle8
1896,107,107_circle4
1897,107,107_circle7
1898,107,sin_circulo
1899,107,107_circle5
1900,107,107_circle6
1901,107,sin_circulo
1902,107,107_circle6
1903,107,sin_circulo
1904,107,sin_circulo
1905,107,sin_circulo
1906,107,sin_circulo
1907,107,sin_circulo
1908,107,sin_circulo
1909,107,sin_circulo
1910,107,sin_circulo
1911,107,sin_circulo
1912,1912,sin_circulo
1913,1912,1912_circle36
1913,1912,1912_circle42
1914,1912,1912_circle1
1915,1912,1912_circle15
1915,1912,1912_circle36
1915,1912,1912_circle41
1916,1912,sin_circulo
1917,1912,1912_circle20
1918,1912,1912_circle20
1919,1912,1912_circle1
1920,1912,1912_circle38
1921,1912,1912_circle1
1922,1912,1912_circle15
1922,1912,1912_circle41
1923,1912,1912_circle6
1923,1912,1912_circle10
1923,1912,1912_circle11
1923,1912,1912_circle38
1923,1912,1912_circle41
1924,1912,sin_circulo
1925,1912,1912_circle20
1926,1912,1912_circle41
1927,1912,1912_circle1
1928,1912,1912_circle1
1929,1912,1912_circle20
1930,1912,1912_circle41
1931,1912,1912_circle1
1932,1912,1912_circle38
1933,1912,1912_circle41
1934,1912,1912_circle41
1935,1912,1912_circle1
1936,1912,1912_circle41
1937,1912,1912_circle41
1938,1912,1912_circle20
1939,1912,1912_circle21
1940,1912,sin_circulo
1941,1912,1912_circle0
1941,1912,1912_circle20
1941,1912,1912_circle38
1942,1912,1912_circle20
1943,1912,1912_circle20
1943,1912,1912_circle31
1944,1912,1912_circle41
1945,1912,1912_circle38
1945,1912,1912_circle40
1946,1912,1912_circle20
1947,1912,1912_circle6
1947,1912,1912_circle10
1947,1912,1912_circle21
1947,1912,1912_circle38
1948,1912,1912_circle38
1949,1912,1912_circle15
1949,1912,1912_circle41
1950,1912,1912_circle1
1951,1912,1912_circle1
1952,1912,1912_circle23
1952,1912,1912_circle36
1953,1912,1912_circle20
1954,1912,1912_circle1
1954,1912,1912_circle38
1955,1912,1912_circle38
1956,1912,1912_circle13
1956,1912,1912_circle36
1957,1912,1912_circle31
1958,1912,1912_circle31
1959,1912,1912_circle5
1959,1912,1912_circle21
1959,1912,1912_circle26
1959,1912,1912_circle29
1960,1912,1912_circle41
1961,1912,1912_circle34
1961,1912,1912_circle35
1962,1912,1912_circle20
1963,1912,1912_circle20
1964,1912,1912_circle11
1964,1912,1912_circle41
1965,1912,1912_circle41
1966,1912,1912_circle20
1967,1912,1912_circle21
1967,1912,1912_circle30
1968,1912,1912_circle1
1969,1912,1912_circle20
1970,1912,1912_circle21
1970,1912,1912_circle37
1971,1912,1912_circle20
1972,1912,1912_circle31
1973,1912,1912_circle31
1974,1912,1912_circle45
1975,1912,1912_circle41
1976,1912,1912_circle1
1976,1912,1912_circle42
1977,1912,1912_circle36
1978,1912,1912_circle41
1979,1912,1912_circle20
1980,1912,1912_circle31
1981,1912,1912_circle21
1982,1912,sin_circulo
1983,1912,1912_circle20
1984,1912,1912_circle20
1984,1912,1912_circle44
1985,1912,1912_circle10
1985,1912,1912_circle20
1985,1912,1912_circle26
1986,1912,1912_circle20
1987,1912,1912_circle29
1987,1912,1912_circle36
1988,1912,1912_circle27
1989,1912,1912_circle20
1990,1912,1912_circle41
1991,1912,1912_circle1
1992,1912,1912_circle27
1993,1912,1912_circle20
1994,1912,1912_circle38
1995,1912,1912_circle1
1996,1912,1912_circle15
1996,1912,1912_circle41
1997,1912,1912_circle20
1998,1912,1912_circle1
1999,1912,1912_circle1
1999,1912,1912_circle15
2000,1912,1912_circle1
2001,1912,1912_circle1
2002,1912,1912_circle21
2003,1912,1912_circle21
2003,1912,1912_circle37
2004,1912,1912_circle1
2005,1912,1912_circle20
2006,1912,1912_circle1
2007,1912,1912_circle20
2007,1912,1912_circle38
2008,1912,1912_circle41
2009,1912,1912_circle1
2010,1912,1912_circle36
2010,1912,1912_circle38
2011,1912,1912_circle1
2012,1912,1912_circle1
2013,1912,1912_circle41
2014,1912,1912_circle1
2015,1912,1912_circle1
2016,1912,1912_circle1
2017,1912,1912_circle15
2017,1912,1912_circle41
2018,1912,1912_circle1
2019,1912,1912_circle20
2020,1912,1912_circle1
2020,1912,1912_circle20
2021,1912,1912_circle20
2022,1912,1912_circle1
2023,1912,1912_circle15
2023,1912,1912_circle41
2024,1912,1912_circle1
2025,1912,1912_circle1
2026,1912,1912_circle5
2026,1912,1912_circle36
2027,1912,1912_circle1
2028,1912,1912_circle38
2029,1912,1912_circle41
2030,1912,1912_circle20
2031,1912,1912_circle11
2031,1912,1912_circle41
2032,1912,1912_circle38
2032,1912,1912_circle40
2033,1912,1912_circle20
2034,1912,1912_circle10
2034,1912,1912_circle23
2034,1912,1912_circle41
2035,1912,1912_circle41
2036,1912,1912_circle36
2036,1912,1912_circle41
2037,1912,1912_circle20
2038,1912,1912_circle11
2038,1912,1912_circle38
2038,1912,1912_circle41
2039,1912,1912_circle38
2040,1912,1912_circle20
2041,1912,1912_circle15
2041,1912,1912_circle41
2042,1912,1912_circle10
2042,1912,1912_circle15
2042,1912,1912_circle33
2042,1912,1912_circle38
2043,1912,1912_circle20
2044,1912,sin_circulo
2045,1912,1912_circle20
2046,1912,1912_circle3
2046,1912,1912_circle20
2047,1912,1912_circle0
2047,1912,1912_circle10
2047,1912,1912_circle38
2047,1912,1912_circle41
2048,1912,1912_circle20
2049,1912,1912_circle41
2050,1912,sin_circulo
2051,1912,1912_circle36
2051,1912,1912_circle41
2052,1912,1912_circle8
2052,1912,1912_circle38
2052,1912,1912_circle40
2053,1912,1912_circle21
2053,1912,1912_circle38
2054,1912,1912_circle21
2054,1912,1912_circle38
2054,1912,1912_circle40
2055,1912,1912_circle20
2056,1912,1912_circle20
2057,1912,1912_circle29
2057,1912,1912_circle36
2058,1912,sin_circulo
2059,1912,1912_circle3
2059,1912,1912_circle20
2060,1912,1912_circle20
2061,1912,1912_circle31
2062,1912,1912_circle15
2062,1912,1912_circle21
2062,1912,1912_circle26
2063,1912,1912_circle20
2064,1912,1912_circle20
2065,1912,1912_circle36
2066,1912,1912_circle36
2067,1912,1912_circle20
2067,1912,1912_circle36
2068,1912,1912_circle38
2069,1912,1912_circle20
2070,1912,1912_circle41
2071,1912,1912_circle38
2072,1912,1912_circle21
2072,1912,1912_circle38
2073,1912,1912_circle20
2073,1912,1912_circle44
2074,1912,1912_circle20
2075,1912,1912_circle21
2076,1912,1912_circle27
2077,1912,1912_circle20
2078,1912,1912_circle20
2079,1912,sin_circulo
2080,1912,1912_circle41
2081,1912,1912_circle17
2081,1912,1912_circle21
2081,1912,1912_circle35
2081,1912,1912_circle38
2082,1912,1912_circle36
2082,1912,1912_circle41
2083,1912,1912_circle20
2084,1912,1912_circle20
2085,1912,1912_circle41
2086,1912,1912_circle20
2087,1912,1912_circle38
2088,1912,1912_circle20
2089,1912,1912_circle41
2090,1912,1912_circle20
2091,1912,1912_circle41
2092,1912,1912_circle20
2093,1912,1912_circle20
2094,1912,1912_circle0
2094,1912,1912_circle34
2095,1912,1912_circle20
2096,1912,1912_circle10
2096,1912,1912_circle15
2096,1912,1912_circle21
2097,1912,1912_circle1
2098,1912,1912_circle12
2098,1912,1912_circle20
2099,1912,1912_circle8
2099,1912,1912_circle36
2100,1912,1912_circle16
2100,1912,1912_circle36
2101,1912,1912_circle21
2102,1912,1912_circle38
2102,1912,1912_circle40
2103,1912,1912_circle20
2104,1912,1912_circle20
2105,1912,1912_circle41
2106,1912,1912_circle24
2106,1912,1912_circle25
2106,1912,1912_circle41
2107,1912,sin_circulo
2108,1912,1912_circle3
2108,1912,1912_circle20
2109,1912,1912_circle20
2110,1912,1912_circle21
2111,1912,1912_circle10
2111,1912,1912_circle21
2111,1912,1912_circle38
2112,1912,1912_circle20
2113,1912,1912_circle16
2113,1912,1912_circle36
2114,1912,1912_circle15
2114,1912,1912_circle23
2114,1912,1912_circle41
2115,1912,1912_circle20
2116,1912,1912_circle1
2117,1912,1912_circle38
2117,1912,1912_circle41
2118,1912,1912_circle20
2119,1912,1912_circle41
2120,1912,1912_circle15
2120,1912,1912_circle41
2121,1912,1912_circle20
2121,1912,1912_circle31
2122,1912,1912_circle20
2123,1912,1912_circle20
2124,1912,1912_circle20
2125,1912,1912_circle7
2125,1912,1912_circle15
2125,1912,1912_circle38
2126,1912,1912_circle34
2126,1912,1912_circle41
2127,1912,1912_circle38
2128,1912,1912_circle33
2128,1912,1912_circle35
2128,1912,1912_circle36
2129,1912,1912_circle36
2129,1912,1912_circle41
2130,1912,1912_circle36
2130,1912,1912_circle41
2131,1912,1912_circle20
2132,1912,1912_circle21
2133,1912,1912_circle11
2133,1912,1912_circle38
2133,1912,1912_circle41
2134,1912,1912_circle6
2134,1912,1912_circle10
2134,1912,1912_circle14
2134,1912,1912_circle38
2134,1912,1912_circle43
2135,1912,1912_circle38
2136,1912,1912_circle20
2137,1912,1912_circle12
2137,1912,1912_circle36
2138,1912,1912_circle38
2139,1912,1912_circle20
2140,1912,1912_circle20
2141,1912,1912_circle41
2142,1912,1912_circle10
2142,1912,1912_circle14
2142,1912,1912_circle15
2142,1912,1912_circle20
2143,1912,1912_circle1
2143,1912,1912_circle33
2143,1912,1912_circle38
2144,1912,1912_circle40
2145,1912,1912_circle41
2146,1912,1912_circle41
2147,1912,1912_circle20
2148,1912,1912_circle38
2149,1912,1912_circle35
2149,1912,1912_circle38
2150,1912,1912_circle20
2151,1912,1912_circle38
2151,1912,1912_circle40
2152,1912,1912_circle41
2153,1912,1912_circle5
2153,1912,1912_circle38
2154,1912,1912_circle20
2155,1912,1912_circle41
2156,1912,1912_circle15
2156,1912,1912_circle41
2157,1912,1912_circle1
2158,1912,1912_circle41
2159,1912,1912_circle1
2160,1912,1912_circle41
2161,1912,1912_circle21
2162,1912,1912_circle41
2163,1912,1912_circle7
2163,1912,1912_circle38
2164,1912,1912_circle20
2165,1912,1912_circle20
2166,1912,sin_circulo
2167,1912,1912_circle34
2168,1912,1912_circle15
2168,1912,1912_circle41
2169,1912,1912_circle36
2169,1912,1912_circle38
2170,1912,1912_circle27
2171,1912,1912_circle1
2172,1912,1912_circle20
2173,1912,1912_circle41
2174,1912,1912_circle10
2174,1912,1912_circle38
2174,1912,1912_circle41
2175,1912,1912_circle41
2176,1912,1912_circle11
2176,1912,1912_circle38
2176,1912,1912_circle41
2177,1912,1912_circle21
2177,1912,1912_circle36
2178,1912,1912_circle41
2179,1912,1912_circle20
2180,1912,sin_circulo
2181,1912,1912_circle41
2182,1912,1912_circle17
2182,1912,1912_circle41
2183,1912,1912_circle0
2183,1912,1912_circle15
2183,1912,1912_circle38
2184,1912,1912_circle20
2185,1912,1912_circle4
2186,1912,1912_circle11
2186,1912,1912_circle41
2187,1912,1912_circle38
2188,1912,1912_circle20
2189,1912,1912_circle20
2189,1912,1912_circle38
2190,1912,1912_circle20
2191,1912,1912_circle5
2191,1912,1912_circle38
2192,1912,1912_circle1
2193,1912,1912_circle41
2194,1912,1912_circle38
2195,1912,sin_circulo
2196,1912,1912_circle38
2197,1912,1912_circle41
2198,1912,sin_circulo
2199,1912,1912_circle21
2199,1912,1912_circle38
2200,1912,1912_circle20
2201,1912,1912_circle20
2202,1912,sin_circulo
2203,1912,1912_circle38
2203,1912,1912_circle42
2204,1912,1912_circle10
2204,1912,1912_circle15
2204,1912,1912_circle41
2205,1912,sin_circulo
2206,1912,1912_circle20
2207,1912,sin_circulo
2208,1912,1912_circle45
2209,1912,1912_circle11
2209,1912,1912_circle38
2209,1912,1912_circle41
2210,1912,1912_circle20
2211,1912,1912_circle11
2211,1912,1912_circle41
2212,1912,1912_circle20
2213,1912,sin_circulo
2214,1912,1912_circle36
2215,1912,1912_circle29
2215,1912,1912_circle36
2216,1912,1912_circle20
2217,1912,1912_circle4
2217,1912,1912_circle16
2218,1912,1912_circle20
2218,1912,1912_circle31
2219,1912,1912_circle4
2220,1912,1912_circle20
2221,1912,1912_circle15
2221,1912,1912_circle21
2222,1912,1912_circle21
2222,1912,1912_circle37
2223,1912,1912_circle38
2224,1912,1912_circle7
2224,1912,1912_circle15
2224,1912,1912_circle38
2225,1912,1912_circle31
2226,1912,sin_circulo
2227,1912,1912_circle36
2227,1912,1912_circle41
2228,1912,1912_circle41
2229,1912,1912_circle20
2229,1912,1912_circle44
2230,1912,1912_circle8
2230,1912,1912_circle18
2230,1912,1912_circle36
2231,1912,1912_circle15
2231,1912,1912_circle41
2232,1912,1912_circle15
2232,1912,1912_circle41
2233,1912,1912_circle20
2234,1912,1912_circle20
2235,1912,1912_circle21
2236,1912,1912_circle41
2237,1912,1912_circle20
2238,1912,1912_circle41
2239,1912,sin_circulo
2240,1912,1912_circle20
2241,1912,1912_circle10
2241,1912,1912_circle26
2241,1912,1912_circle38
2241,1912,1912_circle40
2242,1912,1912_circle41
2243,1912,1912_circle15
2243,1912,1912_circle21
2244,1912,1912_circle20
2244,1912,1912_circle44
2245,1912,1912_circle34
2246,1912,1912_circle8
2246,1912,1912_circle38
2247,1912,1912_circle8
2247,1912,1912_circle38
2248,1912,1912_circle41
2249,1912,1912_circle36
2250,1912,1912_circle38
2250,1912,1912_circle42
2251,1912,1912_circle36
2251,1912,1912_circle41
2252,1912,1912_circle21
2252,1912,1912_circle36
2253,1912,1912_circle20
2254,1912,1912_circle4
2254,1912,1912_circle38
2255,1912,1912_circle27
2256,1912,1912_circle36
2257,1912,1912_circle20
2258,1912,1912_circle20
2259,1912,1912_circle27
2259,1912,1912_circle38
2260,1912,1912_circle23
2260,1912,1912_circle41
2261,1912,1912_circle20
2262,1912,1912_circle20
2263,1912,1912_circle36
2264,1912,sin_circulo
2265,1912,1912_circle36
2266,1912,1912_circle10
2266,1912,1912_circle15
2266,1912,1912_circle20
2267,1912,1912_circle20
2268,1912,1912_circle1
2268,1912,1912_circle35
2268,1912,1912_circle38
2269,1912,sin_circulo
2270,1912,1912_circle36
2271,1912,1912_circle20
2272,1912,1912_circle41
2273,1912,1912_circle38
2273,1912,1912_circle40
2274,1912,1912_circle21
2274,1912,1912_circle38
2275,1912,1912_circle20
2276,1912,1912_circle20
2277,1912,1912_circle41
2278,1912,1912_circle20
2278,1912,1912_circle33
2279,1912,1912_circle38
2280,1912,1912_circle21
2280,1912,1912_circle38
2281,1912,sin_circulo
2282,1912,1912_circle21
2282,1912,1912_circle38
2283,1912,1912_circle8
2283,1912,1912_circle15
2283,1912,1912_circle19
2283,1912,1912_circle22
2283,1912,1912_circle23
2283,1912,1912_circle38
2284,1912,1912_circle1
2285,1912,sin_circulo
2286,1912,1912_circle41
2287,1912,1912_circle20
2288,1912,1912_circle20
2288,1912,1912_circle36
2289,1912,1912_circle38
2289,1912,1912_circle39
2289,1912,1912_circle41
2290,1912,1912_circle20
2291,1912,1912_circle36
2292,1912,1912_circle33
2292,1912,1912_circle35
2292,1912,1912_circle38
2293,1912,1912_circle20
2294,1912,1912_circle21
2294,1912,1912_circle38
2295,1912,1912_circle7
2295,1912,1912_circle36
2296,1912,1912_circle11
2296,1912,1912_circle41
2297,1912,1912_circle1
2298,1912,1912_circle7
2298,1912,1912_circle18
2298,1912,1912_circle36
2299,1912,1912_circle20
2300,1912,1912_circle20
2301,1912,1912_circle21
2301,1912,1912_circle34
2302,1912,1912_circle33
2302,1912,1912_circle38
2303,1912,sin_circulo
2304,1912,1912_circle8
2304,1912,1912_circle38
2305,1912,sin_circulo
2306,1912,1912_circle20
2307,1912,1912_circle20
2308,1912,1912_circle20
2309,1912,1912_circle20
2310,1912,1912_circle11
2310,1912,1912_circle41
2311,1912,1912_circle20
2312,1912,1912_circle36
2312,1912,1912_circle42
2313,1912,1912_circle41
2314,1912,1912_circle41
2315,1912,1912_circle38
2316,1912,1912_circle15
2316,1912,1912_circle41
2317,1912,1912_circle41
2318,1912,1912_circle11
2318,1912,1912_circle37
2318,1912,1912_circle41
2319,1912,1912_circle38
2319,1912,1912_circle42
2320,1912,1912_circle27
2321,1912,1912_circle23
2321,1912,1912_circle41
2322,1912,1912_circle41
2323,1912,1912_circle20
2324,1912,1912_circle20
2325,1912,1912_circle11
2325,1912,1912_circle41
2326,1912,1912_circle20
2327,1912,1912_circle21
2328,1912,1912_circle15
2328,1912,1912_circle21
2328,1912,1912_circle38
2328,1912,1912_circle39
2329,1912,1912_circle20
2330,1912,sin_circulo
2331,1912,1912_circle41
2332,1912,1912_circle0
2332,1912,1912_circle15
2332,1912,1912_circle38
2333,1912,1912_circle21
2333,1912,1912_circle38
2334,1912,1912_circle20
2335,1912,1912_circle41
2336,1912,1912_circle15
2336,1912,1912_circle38
2337,1912,1912_circle1
2338,1912,1912_circle38
2339,1912,1912_circle20
2340,1912,1912_circle20
2341,1912,1912_circle1
2341,1912,1912_circle41
2342,1912,1912_circle41
2343,1912,1912_circle38
2344,1912,1912_circle10
2344,1912,1912_circle21
2344,1912,1912_circle39
2345,1912,1912_circle36
2345,1912,1912_circle41
2346,1912,1912_circle1
2347,1912,1912_circle20
2347,1912,1912_circle38
2348,1912,1912_circle12
2348,1912,1912_circle20
2349,1912,1912_circle27
2349,1912,1912_circle36
2350,1912,1912_circle20
2351,1912,1912_circle38
2352,1912,1912_circle20
2353,1912,1912_circle20
2354,1912,1912_circle20
2355,1912,1912_circle36
2355,1912,1912_circle42
2356,1912,1912_circle20
2357,1912,1912_circle41
2358,1912,1912_circle8
2358,1912,1912_circle36
2359,1912,1912_circle20
2360,1912,1912_circle41
2361,1912,1912_circle41
2362,1912,1912_circle41
2363,1912,1912_circle20
2364,1912,1912_circle1
2365,1912,1912_circle31
2366,1912,1912_circle41
2367,1912,1912_circle38
2367,1912,1912_circle41
2368,1912,sin_circulo
2369,1912,1912_circle3
2369,1912,1912_circle20
2370,1912,1912_circle20
2371,1912,1912_circle36
2371,1912,1912_circle41
2372,1912,1912_circle38
2372,1912,1912_circle42
2373,1912,1912_circle41
2374,1912,1912_circle20
2375,1912,1912_circle4
2375,1912,1912_circle16
2376,1912,1912_circle20
2376,1912,1912_circle27
2376,1912,1912_circle31
2377,1912,1912_circle21
2377,1912,1912_circle38
2378,1912,1912_circle1
2379,1912,1912_circle41
2380,1912,sin_circulo
2381,1912,1912_circle20
2382,1912,1912_circle10
2382,1912,1912_circle15
2382,1912,1912_circle41
2383,1912,sin_circulo
2384,1912,1912_circle21
2384,1912,1912_circle38
2384,1912,1912_circle42
2385,1912,1912_circle29
2386,1912,1912_circle20
2387,1912,1912_circle20
2388,1912,1912_circle41
2389,1912,1912_circle36
2389,1912,1912_circle42
2390,1912,1912_circle21
2391,1912,1912_circle20
2392,1912,1912_circle20
2393,1912,1912_circle20
2394,1912,1912_circle21
2394,1912,1912_circle38
2395,1912,1912_circle20
2395,1912,1912_circle31
2396,1912,1912_circle21
2397,1912,1912_circle41
2398,1912,1912_circle27
2398,1912,1912_circle38
2399,1912,1912_circle21
2399,1912,1912_circle27
2399,1912,1912_circle38
2400,1912,1912_circle36
2400,1912,1912_circle42
2401,1912,1912_circle27
2402,1912,1912_circle36
2402,1912,1912_circle41
2403,1912,1912_circle41
2404,1912,1912_circle20
2405,1912,1912_circle41
2406,1912,1912_circle41
2407,1912,1912_circle20
2408,1912,1912_circle20
2409,1912,1912_circle20
2410,1912,1912_circle20
2411,1912,1912_circle41
2412,1912,1912_circle41
2413,1912,1912_circle36
2414,1912,1912_circle20
2415,1912,1912_circle21
2415,1912,1912_circle37
2416,1912,1912_circle11
2416,1912,1912_circle38
2416,1912,1912_circle41
2417,1912,sin_circulo
2418,1912,1912_circle20
2419,1912,1912_circle11
2419,1912,1912_circle38
2419,1912,1912_circle41
2420,1912,1912_circle38
2421,1912,1912_circle10
2421,1912,1912_circle15
2421,1912,1912_circle41
2422,1912,1912_circle36
2423,1912,1912_circle20
2424,1912,1912_circle15
2424,1912,1912_circle41
2425,1912,1912_circle13
2426,1912,1912_circle12
2426,1912,1912_circle27
2427,1912,sin_circulo
2428,1912,1912_circle20
2429,1912,sin_circulo
2430,1912,1912_circle20
2431,1912,1912_circle23
2431,1912,1912_circle36
2432,1912,1912_circle21
2433,1912,1912_circle20
2433,1912,1912_circle44
2434,1912,1912_circle21
2435,1912,sin_circulo
2436,1912,1912_circle33
2436,1912,1912_circle38
2437,1912,1912_circle10
2437,1912,1912_circle15
2437,1912,1912_circle41
2438,1912,1912_circle21
2438,1912,1912_circle38
2439,1912,1912_circle4
2439,1912,1912_circle16
2440,1912,1912_circle41
2441,1912,1912_circle36
2442,1912,1912_circle20
2443,1912,1912_circle20
2443,1912,1912_circle32
2444,1912,1912_circle27
2445,1912,1912_circle36
2445,1912,1912_circle38
2446,1912,1912_circle20
2447,1912,1912_circle1
2448,1912,1912_circle36
2448,1912,1912_circle41
2449,1912,1912_circle20
2449,1912,1912_circle36
2450,1912,1912_circle36
2451,1912,1912_circle21
2451,1912,1912_circle38
2452,1912,1912_circle41
2453,1912,1912_circle45
2454,1912,1912_circle36
2455,1912,1912_circle10
2455,1912,1912_circle15
2455,1912,1912_circle41
2456,1912,1912_circle2
2456,1912,1912_circle10
2456,1912,1912_circle15
2456,1912,1912_circle41
2457,1912,1912_circle32
2458,1912,1912_circle15
2458,1912,1912_circle21
2458,1912,1912_circle38
2459,1912,1912_circle1
2459,1912,1912_circle43
2460,1912,1912_circle20
2461,1912,1912_circle4
2461,1912,1912_circle8
2461,1912,1912_circle38
2462,1912,1912_circle20
2463,1912,1912_circle33
2463,1912,1912_circle38
2464,1912,1912_circle20
2465,1912,1912_circle40
2466,1912,1912_circle27
2467,1912,sin_circulo
2468,1912,1912_circle10
2468,1912,1912_circle20
2468,1912,1912_circle28
2468,1912,1912_circle39
2469,1912,1912_circle20
2470,1912,1912_circle10
2470,1912,1912_circle15
2470,1912,1912_circle43
2471,1912,1912_circle38
2472,1912,1912_circle1
2472,1912,1912_circle38
2473,1912,1912_circle38
2473,1912,1912_circle41
2474,1912,1912_circle41
2475,1912,1912_circle38
2476,1912,1912_circle20
2477,1912,1912_circle20
2478,1912,1912_circle20
2479,1912,1912_circle21
2480,1912,1912_circle41
2481,1912,1912_circle34
2482,1912,1912_circle20
2483,1912,1912_circle32
2484,1912,1912_circle20
2485,1912,1912_circle20
2486,1912,1912_circle27
2487,1912,1912_circle34
2488,1912,1912_circle36
2489,1912,1912_circle20
2490,1912,sin_circulo
2491,1912,1912_circle35
2491,1912,1912_circle38
2492,1912,1912_circle20
2493,1912,sin_circulo
2494,1912,1912_circle1
2495,1912,1912_circle20
2496,1912,1912_circle38
2497,1912,1912_circle36
2497,1912,1912_circle41
2498,1912,1912_circle5
2498,1912,1912_circle38
2498,1912,1912_circle41
2499,1912,1912_circle20
2500,1912,1912_circle20
2501,1912,1912_circle15
2501,1912,1912_circle21
2502,1912,1912_circle7
2502,1912,1912_circle36
2503,1912,1912_circle41
2504,1912,1912_circle20
2505,1912,1912_circle45
2506,1912,1912_circle12
2506,1912,1912_circle20
2507,1912,1912_circle20
2508,1912,sin_circulo
2509,1912,1912_circle21
2510,1912,sin_circulo
2511,1912,1912_circle21
2511,1912,1912_circle38
2512,1912,1912_circle14
2512,1912,1912_circle20
2512,1912,1912_circle26
2513,1912,1912_circle27
2513,1912,1912_circle36
2514,1912,1912_circle36
2515,1912,1912_circle27
2516,1912,1912_circle7
2516,1912,1912_circle38
2517,1912,1912_circle36
2518,1912,1912_circle31
2518,1912,1912_circle35
2519,1912,1912_circle7
2519,1912,1912_circle38
2520,1912,1912_circle20
2521,1912,1912_circle17
2521,1912,1912_circle20
2522,1912,sin_circulo
2523,1912,1912_circle9
2523,1912,1912_circle15
2523,1912,1912_circle41
2524,1912,1912_circle36
2525,1912,1912_circle11
2525,1912,1912_circle41
2526,1912,1912_circle20
2527,1912,1912_circle32
2528,1912,1912_circle13
2528,1912,1912_circle36
2529,1912,1912_circle36
2529,1912,1912_circle42
2530,1912,1912_circle36
2531,1912,1912_circle4
2531,1912,1912_circle36
2531,1912,1912_circle42
2532,1912,1912_circle20
2533,1912,1912_circle38
2534,1912,1912_circle36
2534,1912,1912_circle41
2535,1912,1912_circle34
2536,1912,1912_circle20
2537,1912,1912_circle21
2538,1912,1912_circle1
2539,1912,1912_circle20
2540,1912,1912_circle0
2540,1912,1912_circle41
2541,1912,1912_circle10
2541,1912,1912_circle41
2542,1912,1912_circle15
2542,1912,1912_circle20
2543,1912,1912_circle0
2543,1912,1912_circle7
2543,1912,1912_circle10
2543,1912,1912_circle20
2543,1912,1912_circle38
2544,1912,1912_circle33
2544,1912,1912_circle36
2545,1912,sin_circulo
2546,1912,1912_circle20
2547,1912,sin_circulo
2548,1912,1912_circle4
2548,1912,1912_circle16
2549,1912,1912_circle20
2550,1912,1912_circle20
2551,1912,1912_circle20
2552,1912,sin_circulo
2553,1912,1912_circle20
2554,1912,sin_circulo
2555,1912,1912_circle8
2555,1912,1912_circle38
2556,1912,1912_circle20
2557,1912,1912_circle11
2557,1912,1912_circle41
2558,1912,1912_circle4
2558,1912,1912_circle13
2559,1912,1912_circle20
2560,1912,1912_circle14
2560,1912,1912_circle17
2560,1912,1912_circle20
2561,1912,1912_circle12
2561,1912,1912_circle20
2562,1912,1912_circle41
2563,1912,1912_circle20
2564,1912,1912_circle20
2565,1912,1912_circle15
2565,1912,1912_circle41
2566,1912,1912_circle41
2567,1912,1912_circle5
2567,1912,1912_circle38
2568,1912,1912_circle21
2568,1912,1912_circle36
2569,1912,1912_circle41
2570,1912,1912_circle34
2570,1912,1912_circle41
2571,1912,1912_circle1
2571,1912,1912_circle38
2572,1912,1912_circle20
2573,1912,1912_circle12
2573,1912,1912_circle20
2574,1912,1912_circle20
2575,1912,1912_circle20
2575,1912,1912_circle44
2576,1912,1912_circle20
2577,1912,1912_circle15
2577,1912,1912_circle18
2577,1912,1912_circle41
2578,1912,1912_circle20
2579,1912,1912_circle20
2580,1912,1912_circle41
2581,1912,1912_circle15
2581,1912,1912_circle41
2582,1912,1912_circle7
2582,1912,1912_circle38
2583,1912,1912_circle1
2584,1912,1912_circle20
2585,1912,1912_circle1
2586,1912,1912_circle20
2586,1912,1912_circle44
2587,1912,1912_circle15
2587,1912,1912_circle41
2588,1912,1912_circle32
2589,1912,1912_circle38
2590,1912,1912_circle20
2591,1912,1912_circle20
2592,1912,1912_circle38
2593,1912,1912_circle20
2594,1912,1912_circle38
2595,1912,1912_circle32
2596,1912,sin_circulo
2597,1912,1912_circle38
2598,1912,1912_circle15
2598,1912,1912_circle35
2598,1912,1912_circle38
2598,1912,1912_circle40
2598,1912,1912_circle43
2599,1912,1912_circle40
2600,1912,1912_circle20
2601,1912,1912_circle20
2602,1912,1912_circle20
2603,1912,1912_circle21
2603,1912,1912_circle41
2604,1912,1912_circle20
2605,1912,1912_circle15
2605,1912,1912_circle36
2606,1912,1912_circle20
2607,1912,1912_circle20
2608,1912,1912_circle38
2609,1912,1912_circle40
2610,1912,1912_circle11
2610,1912,1912_circle38
2610,1912,1912_circle41
2611,1912,1912_circle20
2612,1912,1912_circle41
2613,1912,1912_circle20
2614,1912,1912_circle36
2614,1912,1912_circle41
2615,1912,1912_circle20
2616,1912,1912_circle38
2616,1912,1912_circle42
2617,1912,1912_circle21
2618,1912,1912_circle41
2619,1912,1912_circle20
2619,1912,1912_circle44
2620,1912,1912_circle1
2621,1912,1912_circle4
2621,1912,1912_circle16
2622,1912,1912_circle27
2623,1912,1912_circle20
2624,1912,1912_circle20
2625,1912,1912_circle20
2626,1912,1912_circle1
2627,1912,1912_circle1
2628,1912,1912_circle36
2628,1912,1912_circle41
2629,1912,1912_circle33
2629,1912,1912_circle38
2630,1912,1912_circle20
2631,1912,1912_circle20
2632,1912,1912_circle36
2632,1912,1912_circle41
2633,1912,1912_circle1
2634,1912,1912_circle41
2635,1912,1912_circle33
2635,1912,1912_circle38
2636,1912,1912_circle1
2637,1912,1912_circle41
2638,1912,1912_circle20
2639,1912,1912_circle1
2640,1912,1912_circle1
2641,1912,1912_circle11
2642,1912,1912_circle15
2642,1912,1912_circle38
2642,1912,1912_circle40
2642,1912,1912_circle41
2643,1912,1912_circle7
2643,1912,1912_circle38
2644,1912,sin_circulo
2645,1912,1912_circle1
2646,1912,1912_circle20
2647,1912,1912_circle1
2648,1912,1912_circle1
2649,1912,1912_circle7
2649,1912,1912_circle15
2649,1912,1912_circle38
2650,1912,1912_circle27
2651,1912,1912_circle45
2652,1912,1912_circle21
2653,1912,1912_circle40
2654,1912,1912_circle20
2655,1912,1912_circle20
2656,1912,1912_circle41
2657,1912,1912_circle1
2658,1912,1912_circle1
2659,1912,1912_circle1
2659,1912,1912_circle41
2660,1912,1912_circle1
2661,1684,1684_circle2
2662,1684,1684_circle0
2663,1684,1684_circle14
2664,1684,1684_circle14
2665,1684,1684_circle7
2666,1684,1684_circle14
2667,1684,1684_circle8
2668,1684,1684_circle7
2669,1684,1684_circle14
2670,1684,1684_circle11
2671,1684,1684_circle0
2672,1684,1684_circle2
2673,1684,1684_circle14
2674,1684,1684_circle2
2675,1684,1684_circle7
2676,1684,1684_circle14
2677,1684,1684_circle8
2678,1684,1684_circle8
2679,1684,1684_circle14
2680,1684,1684_circle14
2681,1684,1684_circle14
2682,1684,1684_circle0
2683,1684,1684_circle14
2684,1684,1684_circle2
2685,1684,1684_circle13
2686,1684,1684_circle7
2687,1684,1684_circle2
2688,1684,1684_circle8
2689,1684,1684_circle14
2690,1684,1684_circle8
2691,1684,1684_circle16
2692,1684,sin_circulo
2693,1684,1684_circle8
2694,1684,1684_circle3
2694,1684,1684_circle14
2695,1684,1684_circle14
2696,1684,1684_circle0
2697,1684,1684_circle0
2698,1684,1684_circle14
2699,1684,1684_circle11
2700,1684,1684_circle8
2701,1684,1684_circle2
2702,1684,1684_circle7
2703,1684,1684_circle11
2704,1684,1684_circle1
2705,1684,1684_circle14
2706,1684,1684_circle14
2707,1684,1684_circle4
2708,1684,1684_circle2
2709,1684,sin_circulo
2710,1684,1684_circle14
2711,1684,1684_circle0
2712,1684,sin_circulo
2713,1684,1684_circle0
2714,1684,1684_circle6
2715,1684,1684_circle7
2716,1684,1684_circle2
2717,1684,1684_circle1
2718,1684,1684_circle7
2719,1684,1684_circle2
2720,1684,1684_circle2
2721,1684,sin_circulo
2722,1684,1684_circle4
2723,1684,1684_circle7
2724,1684,1684_circle0
2725,1684,sin_circulo
2726,1684,1684_circle14
2727,1684,1684_circle8
2728,1684,1684_circle0
2729,1684,1684_circle14
2730,1684,1684_circle7
2731,1684,1684_circle14
2732,1684,1684_circle9
2733,1684,1684_circle2
2734,1684,1684_circle8
2735,1684,1684_circle8
2736,1684,1684_circle5
2737,1684,1684_circle0
2738,1684,1684_circle14
2739,1684,1684_circle0
2740,1684,1684_circle1
2741,1684,1684_circle14
2742,1684,1684_circle2
2743,1684,1684_circle14
2744,1684,1684_circle7
2745,1684,1684_circle14
2746,1684,1684_circle14
2747,1684,1684_circle7
2748,1684,1684_circle2
2749,1684,1684_circle14
2750,1684,1684_circle14
2751,1684,1684_circle7
2752,1684,1684_circle8
2753,1684,1684_circle2
2754,1684,1684_circle14
2755,1684,1684_circle14
2756,1684,1684_circle14
2757,1684,1684_circle14
2758,1684,1684_circle7
2759,1684,1684_circle14
2760,1684,1684_circle8
2761,1684,1684_circle14
2762,1684,1684_circle5
2763,1684,1684_circle14
2764,1684,1684_circle8
2765,1684,1684_circle2
2766,1684,1684_circle14
2767,1684,1684_circle4
2768,1684,1684_circle7
2769,1684,1684_circle14
2770,1684,1684_circle2
2771,1684,1684_circle5
2772,1684,1684_circle7
2773,1684,1684_circle14
2774,1684,1684_circle16
2775,1684,1684_circle0
2776,1684,1684_circle9
2777,1684,1684_circle14
2778,1684,1684_circle2
2779,1684,1684_circle0
2780,1684,1684_circle2
2780,1684,1684_circle7
2780,1684,1684_circle8
2781,1684,1684_circle5
2782,1684,1684_circle14
2783,1684,1684_circle2
2784,1684,1684_circle8
2785,1684,1684_circle2
2786,1684,1684_circle14
2787,1684,1684_circle3
2788,1684,1684_circle9
2789,1684,1684_circle14
2790,1684,1684_circle8
2791,1684,1684_circle8
2792,1684,1684_circle16
2793,1684,1684_circle2
2794,1684,1684_circle14
2795,1684,1684_circle7
2796,1684,1684_circle2
2797,1684,1684_circle2
2798,1684,1684_circle14
2799,1684,1684_circle9
2800,1684,1684_circle14
2801,1684,1684_circle7
2802,1684,1684_circle8
2803,1684,1684_circle8
2804,1684,1684_circle5
2805,1684,1684_circle6
2806,1684,1684_circle14
2807,1684,1684_circle14
2808,1684,1684_circle4
2809,1684,1684_circle14
2810,1684,1684_circle14
2811,1684,sin_circulo
2812,1684,1684_circle8
2813,1684,1684_circle8
2814,1684,1684_circle1
2815,1684,1684_circle14
2816,1684,1684_circle7
2817,1684,1684_circle16
2818,1684,1684_circle8
2819,1684,1684_circle8
2820,1684,1684_circle0
2821,1684,1684_circle14
2822,1684,1684_circle8
2823,1684,sin_circulo
2824,1684,sin_circulo
2825,1684,1684_circle7
2826,1684,1684_circle8
2827,1684,1684_circle14
2828,1684,1684_circle2
2829,1684,1684_circle0
2830,1684,1684_circle0
2831,1684,1684_circle7
2832,1684,1684_circle14
2833,1684,1684_circle2
2834,1684,1684_circle11
2835,1684,1684_circle14
2836,1684,1684_circle5
2837,1684,1684_circle14
2838,1684,1684_circle1
2839,1684,1684_circle14
2840,1684,1684_circle2
2841,1684,1684_circle5
2842,1684,1684_circle4
2843,1684,1684_circle7
2844,1684,1684_circle7
2845,1684,1684_circle0
2846,1684,1684_circle2
2847,1684,1684_circle8
2848,1684,1684_circle8
2849,1684,1684_circle2
2850,1684,1684_circle14
2851,1684,1684_circle14
2852,1684,1684_circle14
2853,1684,1684_circle14
2854,1684,1684_circle14
2855,1684,sin_circulo
2856,1684,1684_circle8
2857,1684,1684_circle4
2858,1684,1684_circle5
2859,1684,1684_circle8
2860,1684,1684_circle0
2861,1684,1684_circle9
2862,1684,1684_circle14
2863,1684,1684_circle2
2864,1684,1684_circle14
2865,1684,1684_circle7
2866,1684,1684_circle10
2867,1684,1684_circle14
2868,1684,1684_circle8
2869,1684,1684_circle2
2870,1684,1684_circle0
2871,1684,1684_circle7
2872,1684,1684_circle14
2873,1684,1684_circle14
2874,1684,1684_circle14
2875,1684,1684_circle2
2876,1684,1684_circle8
2877,1684,1684_circle14
2878,1684,1684_circle7
2879,1684,1684_circle11
2880,1684,1684_circle14
2881,1684,1684_circle2
2882,1684,1684_circle8
2883,1684,1684_circle8
2884,1684,1684_circle14
2885,1684,1684_circle1
2886,1684,1684_circle15
2887,1684,1684_circle14
2888,1684,1684_circle14
2889,1684,1684_circle11
2890,1684,1684_circle14
2891,1684,1684_circle14
2892,1684,1684_circle0
2893,1684,1684_circle5
2894,1684,1684_circle2
2895,1684,1684_circle8
2896,1684,1684_circle14
2897,1684,1684_circle14
2898,1684,1684_circle5
2899,1684,1684_circle14
2900,1684,1684_circle0
2901,1684,1684_circle2
2902,1684,1684_circle9
2903,1684,1684_circle8
2904,1684,1684_circle2
2905,1684,1684_circle14
2906,1684,1684_circle14
2907,1684,1684_circle14
2908,1684,1684_circle14
2909,1684,1684_circle14
2910,1684,1684_circle14
2911,1684,1684_circle14
2912,1684,1684_circle14
2913,1684,1684_circle14
2914,1684,1684_circle7
2915,1684,1684_circle10
2916,1684,1684_circle14
2917,1684,1684_circle14
2918,1684,1684_circle7
2919,1684,1684_circle14
2920,1684,1684_circle14
2921,1684,1684_circle7
2922,1684,1684_circle6
2923,1684,1684_circle8
2924,1684,1684_circle14
2925,1684,1684_circle14
2926,1684,1684_circle4
2927,1684,1684_circle14
2928,1684,1684_circle14
2929,1684,1684_circle14
2930,1684,1684_circle9
2931,1684,1684_circle14
2932,1684,1684_circle7
2933,1684,1684_circle6
2934,1684,1684_circle0
2935,1684,1684_circle6
2936,1684,1684_circle2
2937,1684,1684_circle2
2938,1684,sin_circulo
2939,1684,1684_circle2
2940,1684,1684_circle14
2941,1684,1684_circle8
2942,1684,sin_circulo
2943,1684,1684_circle14
2944,1684,1684_circle14
2945,1684,1684_circle14
2946,1684,1684_circle14
2947,1684,1684_circle0
2948,1684,1684_circle14
2949,1684,1684_circle15
2950,1684,1684_circle7
2951,1684,1684_circle0
2952,1684,1684_circle14
2953,1684,1684_circle14
2954,1684,1684_circle5
2955,1684,1684_circle7
2956,1684,1684_circle14
2957,1684,1684_circle13
2958,1684,1684_circle8
2959,1684,1684_circle11
2960,1684,1684_circle14
2961,1684,1684_circle14
2962,1684,1684_circle0
2963,1684,1684_circle14
2964,1684,1684_circle4
2965,1684,1684_circle2
2966,1684,1684_circle14
2967,1684,1684_circle14
2968,1684,1684_circle8
2969,1684,1684_circle14
2970,1684,1684_circle2
2971,1684,1684_circle8
2972,1684,1684_circle11
2973,1684,1684_circle2
2974,1684,1684_circle14
2975,1684,1684_circle4
2976,1684,1684_circle2
2977,1684,sin_circulo
2978,1684,1684_circle14
2979,1684,1684_circle12
2980,1684,1684_circle4
2981,1684,1684_circle14
2982,1684,1684_circle11
2983,1684,1684_circle6
2984,1684,1684_circle7
2985,1684,1684_circle14
2986,1684,1684_circle14
2987,1684,1684_circle14
2988,1684,1684_circle14
2989,1684,1684_circle2
2990,1684,1684_circle0
2991,1684,1684_circle2
2992,1684,1684_circle2
2993,1684,1684_circle14
2994,1684,1684_circle14
2995,1684,1684_circle0
2996,1684,1684_circle7
2997,1684,1684_circle6
2998,1684,1684_circle8
2999,1684,1684_circle8
3000,1684,1684_circle14
3001,1684,1684_circle0
3002,1684,1684_circle0
3003,1684,1684_circle1
3004,1684,1684_circle14
3005,1684,1684_circle2
3006,1684,1684_circle4
3007,1684,1684_circle0
3008,1684,1684_circle11
3009,1684,1684_circle8
3010,1684,1684_circle14
3011,1684,1684_circle2
3011,1684,1684_circle8
3011,1684,1684_circle13
3012,1684,1684_circle6
3013,1684,1684_circle2
3014,1684,1684_circle14
3015,1684,1684_circle8
3016,1684,1684_circle2
3017,1684,1684_circle2
3018,1684,1684_circle0
3019,1684,1684_circle0
3020,1684,1684_circle8
3021,1684,1684_circle2
3022,1684,1684_circle14
3023,1684,1684_circle14
3024,1684,1684_circle8
3025,1684,1684_circle14
3026,1684,1684_circle14
3027,1684,1684_circle7
3028,1684,1684_circle6
3029,1684,1684_circle14
3030,1684,1684_circle14
3031,1684,1684_circle4
3032,1684,1684_circle7
3033,1684,1684_circle14
3034,1684,sin_circulo
3035,1684,1684_circle2
3036,1684,1684_circle14
3037,1684,1684_circle16
3038,1684,1684_circle2
3039,1684,1684_circle2
3040,1684,1684_circle14
3041,1684,1684_circle2
3042,1684,1684_circle14
3043,1684,1684_circle7
3044,1684,1684_circle14
3045,1684,1684_circle14
3046,1684,1684_circle2
3047,1684,1684_circle14
3048,1684,1684_circle7
3049,1684,1684_circle2
3050,1684,1684_circle7
3051,1684,1684_circle2
3052,1684,1684_circle14
3053,1684,1684_circle9
3054,1684,1684_circle14
3055,1684,1684_circle14
3055,1684,1684_circle16
3056,1684,1684_circle14
3057,1684,1684_circle8
3058,1684,1684_circle2
3059,1684,1684_circle14
3060,1684,1684_circle2
3061,1684,1684_circle13
3062,1684,1684_circle0
3063,1684,1684_circle6
3064,1684,1684_circle14
3065,1684,1684_circle14
3066,1684,1684_circle15
3067,1684,1684_circle7
3068,1684,1684_circle0
3069,1684,1684_circle0
3070,1684,1684_circle2
3071,1684,1684_circle12
3072,1684,1684_circle8
3073,1684,1684_circle14
3074,1684,1684_circle16
3075,1684,1684_circle7
3076,1684,1684_circle2
3077,1684,1684_circle0
3078,1684,1684_circle14
3079,1684,1684_circle2
3080,1684,1684_circle14
3081,1684,1684_circle13
3082,1684,1684_circle2
3083,1684,1684_circle15
3084,1684,1684_circle14
3085,1684,1684_circle14
3086,1684,1684_circle0
3087,1684,1684_circle7
3088,1684,1684_circle8
3089,1684,1684_circle2
3090,1684,1684_circle14
3091,1684,sin_circulo
3092,1684,1684_circle14
3093,1684,1684_circle7
3094,1684,1684_circle4
3095,1684,1684_circle14
3096,1684,1684_circle14
3097,1684,1684_circle8
3098,1684,1684_circle14
3099,1684,1684_circle8
3100,1684,1684_circle0
3101,1684,1684_circle2
3102,1684,1684_circle2
3103,1684,1684_circle0
3104,1684,1684_circle14
3105,1684,1684_circle9
3106,1684,1684_circle2
3107,1684,1684_circle7
3108,1684,1684_circle14
3109,1684,1684_circle2
3110,1684,1684_circle8
3111,1684,1684_circle2
3112,1684,1684_circle2
3113,1684,1684_circle2
3114,1684,1684_circle14
3115,1684,1684_circle2
3116,1684,1684_circle2
3117,1684,1684_circle14
3118,1684,1684_circle0
3119,1684,1684_circle14
3120,1684,1684_circle2
3121,1684,1684_circle4
3122,1684,1684_circle9
3123,1684,1684_circle14
3124,1684,1684_circle7
3125,1684,sin_circulo
3126,1684,1684_circle15
3127,1684,1684_circle16
3128,1684,1684_circle15
3129,1684,1684_circle14
3130,1684,1684_circle14
3131,1684,1684_circle9
3132,1684,1684_circle2
3133,1684,1684_circle4
3134,1684,1684_circle7
3135,1684,1684_circle14
3136,1684,1684_circle7
3137,1684,1684_circle14
3138,1684,1684_circle8
3139,1684,1684_circle14
3140,1684,1684_circle7
3141,1684,1684_circle9
3142,1684,1684_circle14
3143,1684,1684_circle14
3144,1684,1684_circle7
3145,1684,1684_circle2
3146,1684,1684_circle2
3147,1684,1684_circle16
3148,1684,1684_circle2
3149,1684,sin_circulo
3150,1684,1684_circle2
3151,1684,1684_circle7
3152,1684,1684_circle2
3153,1684,1684_circle14
3154,1684,1684_circle0
3155,1684,1684_circle6
3156,1684,1684_circle7
3157,1684,1684_circle4
3158,1684,1684_circle14
3159,1684,1684_circle4
3160,1684,1684_circle7
3161,1684,1684_circle8
3162,1684,1684_circle0
3163,1684,1684_circle14
3164,1684,1684_circle8
3165,1684,1684_circle8
3166,1684,1684_circle14
3167,1684,1684_circle7
3168,1684,1684_circle0
3169,1684,1684_circle2
3170,1684,1684_circle2
3171,1684,1684_circle7
3172,1684,1684_circle2
3173,1684,1684_circle10
3174,1684,1684_circle14
3175,1684,1684_circle2
3176,1684,1684_circle0
3177,1684,1684_circle0
3178,1684,1684_circle8
3179,1684,1684_circle2
3180,1684,1684_circle9
3181,1684,1684_circle9
3182,1684,1684_circle2
3183,1684,1684_circle14
3184,1684,1684_circle14
3185,1684,1684_circle2
3186,1684,1684_circle0
3187,1684,1684_circle7
3188,1684,1684_circle2
3189,1684,1684_circle7
3190,1684,1684_circle5
3191,1684,1684_circle0
3192,1684,1684_circle2
3193,1684,1684_circle14
3194,1684,1684_circle2
3195,1684,1684_circle14
3196,1684,1684_circle7
3197,1684,1684_circle2
3198,1684,1684_circle2
3199,1684,1684_circle7
3200,1684,1684_circle9
3201,1684,1684_circle2
3202,1684,1684_circle14
3203,1684,1684_circle0
3204,1684,1684_circle2
3205,1684,1684_circle8
3206,1684,1684_circle2
3207,1684,1684_circle0
3208,1684,sin_circulo
3209,1684,1684_circle2
3210,1684,1684_circle0
3211,1684,1684_circle8
3212,1684,1684_circle2
3213,1684,1684_circle14
3214,1684,1684_circle5
3215,1684,1684_circle8
3216,1684,1684_circle9
3217,1684,sin_circulo
3218,1684,1684_circle9
3219,1684,1684_circle7
3220,1684,1684_circle14
3221,1684,1684_circle5
3222,1684,1684_circle8
3223,1684,1684_circle0
3224,1684,1684_circle2
3225,1684,1684_circle2
3226,1684,1684_circle14
3227,1684,1684_circle14
3228,1684,1684_circle14
3229,1684,1684_circle14
3230,1684,1684_circle8
3231,1684,1684_circle14
3232,1684,1684_circle14
3233,1684,1684_circle0
3234,1684,1684_circle14
3235,1684,sin_circulo
3236,1684,1684_circle7
3237,1684,1684_circle14
3238,1684,1684_circle14
3239,1684,1684_circle2
3240,1684,1684_circle2
3241,1684,1684_circle0
3242,1684,1684_circle8
3243,1684,1684_circle14
3244,1684,1684_circle0
3245,1684,1684_circle8
3246,1684,1684_circle0
3247,1684,1684_circle2
3248,1684,1684_circle5
3249,1684,1684_circle7
3250,1684,1684_circle14
3251,1684,1684_circle9
3252,1684,1684_circle2
3253,1684,1684_circle7
3254,1684,1684_circle2
3255,1684,1684_circle7
3256,1684,1684_circle7
3257,1684,1684_circle14
3258,1684,1684_circle8
3259,1684,sin_circulo
3260,1684,1684_circle2
3261,1684,1684_circle2
3262,1684,1684_circle2
3263,1684,1684_circle8
3264,1684,1684_circle7
3265,1684,1684_circle2
3266,1684,1684_circle13
3267,1684,1684_circle2
3268,1684,sin_circulo
3269,1684,1684_circle14
3270,1684,1684_circle4
3271,1684,1684_circle9
3272,1684,1684_circle2
3273,1684,1684_circle0
3274,1684,1684_circle2
3275,1684,1684_circle5
3276,1684,1684_circle7
3277,1684,1684_circle2
3278,1684,1684_circle8
3279,1684,1684_circle7
3280,1684,1684_circle2
3281,1684,1684_circle2
3282,1684,1684_circle16
3283,1684,1684_circle11
3284,1684,1684_circle14
3285,1684,1684_circle0
3286,1684,1684_circle14
3287,1684,1684_circle2
3288,1684,1684_circle2
3289,1684,sin_circulo
3290,1684,1684_circle1
3291,1684,1684_circle2
3292,1684,1684_circle8
3293,1684,1684_circle14
3294,1684,1684_circle14
3295,1684,1684_circle0
3296,1684,1684_circle2
3297,1684,1684_circle2
3298,1684,1684_circle2
3299,1684,1684_circle2
3300,1684,1684_circle14
3301,1684,1684_circle14
3302,1684,1684_circle8
3303,1684,1684_circle14
3304,1684,1684_circle14
3305,1684,1684_circle8
3306,1684,1684_circle2
3307,1684,1684_circle7
3308,1684,1684_circle13
3309,1684,1684_circle11
3310,1684,1684_circle15
3311,1684,1684_circle11
3312,1684,1684_circle7
3313,1684,1684_circle2
3314,1684,1684_circle11
3315,1684,1684_circle14
3316,1684,1684_circle2
3317,1684,1684_circle14
3318,1684,1684_circle11
3319,1684,1684_circle8
3320,1684,1684_circle2
3321,1684,1684_circle2
3322,1684,1684_circle15
3323,1684,1684_circle7
3324,1684,1684_circle14
3325,1684,1684_circle11
3326,1684,1684_circle7
3327,1684,1684_circle5
3328,1684,1684_circle4
3328,1684,1684_circle12
3329,1684,1684_circle8
3330,1684,1684_circle8
3331,1684,1684_circle8
3332,1684,1684_circle2
3333,1684,1684_circle14
3334,1684,1684_circle0
3335,1684,1684_circle8
3336,1684,1684_circle15
3337,1684,1684_circle7
3338,1684,1684_circle4
3339,1684,1684_circle14
3340,1684,1684_circle8
3341,1684,sin_circulo
3342,1684,1684_circle8
3343,1684,1684_circle8
3344,1684,1684_circle2
3345,1684,1684_circle2
3346,1684,1684_circle0
3347,1684,1684_circle2
3348,1684,1684_circle14
3349,1684,1684_circle8
3350,1684,1684_circle2
3351,1684,1684_circle2
3352,1684,1684_circle2
3353,1684,1684_circle2
3354,1684,1684_circle9
3355,1684,1684_circle2
3356,1684,1684_circle0
3357,1684,1684_circle2
3358,1684,1684_circle7
3359,1684,1684_circle0
3360,1684,1684_circle2
3361,1684,1684_circle8
3362,1684,1684_circle14
3363,1684,1684_circle14
3364,1684,1684_circle14
3365,1684,1684_circle7
3366,1684,1684_circle0
3367,1684,1684_circle2
3368,1684,1684_circle6
3369,1684,1684_circle7
3370,1684,1684_circle4
3371,1684,1684_circle0
3372,1684,1684_circle9
3373,1684,1684_circle8
3374,1684,1684_circle8
3375,1684,1684_circle8
3376,1684,1684_circle4
3377,1684,1684_circle2
3378,1684,1684_circle2
3379,1684,1684_circle0
3380,1684,1684_circle7
3381,1684,1684_circle2
3382,1684,1684_circle11
3383,1684,1684_circle5
3384,1684,1684_circle14
3385,1684,1684_circle7
3386,1684,1684_circle2
3387,1684,1684_circle14
3388,1684,1684_circle14
3389,1684,1684_circle5
3390,1684,1684_circle14
3391,1684,1684_circle2
3392,1684,1684_circle14
3393,1684,1684_circle7
3394,1684,1684_circle14
3395,1684,1684_circle7
3396,1684,1684_circle2
3397,1684,1684_circle2
3398,1684,1684_circle13
3399,1684,1684_circle14
3400,1684,1684_circle14
3401,1684,1684_circle4
3402,1684,1684_circle4
3403,1684,1684_circle2
3404,1684,1684_circle7
3405,1684,1684_circle13
3406,1684,1684_circle2
3407,1684,1684_circle8
3408,1684,1684_circle4
3409,1684,1684_circle7
3410,1684,1684_circle0
3411,1684,1684_circle2
3412,1684,1684_circle0
3413,1684,1684_circle14
3414,1684,1684_circle14
3415,1684,1684_circle0
3416,1684,1684_circle2
3417,1684,1684_circle14
3418,1684,1684_circle7
3419,1684,1684_circle2
3420,1684,1684_circle0
3421,1684,1684_circle4
3422,1684,1684_circle2
3423,1684,1684_circle11
3424,1684,1684_circle5
3425,1684,1684_circle4
3426,1684,1684_circle14
3427,1684,1684_circle4
3428,1684,1684_circle14
3429,1684,1684_circle4
3430,1684,1684_circle14
3431,1684,1684_circle8
3432,1684,1684_circle8
3433,1684,1684_circle14
3434,1684,1684_circle2
3435,1684,1684_circle14
3436,1684,1684_circle14
3437,3437,sin_circulo
3438,3437,sin_circulo
3439,3437,sin_circulo
3440,3437,sin_circulo
3441,3437,sin_circulo
3442,3437,sin_circulo
3443,3437,sin_circulo
3444,3437,sin_circulo
3445,3437,sin_circulo
3446,3437,sin_circulo
3447,3437,sin_circulo
3448,3437,sin_circulo
3449,3437,sin_circulo
3450,3437,sin_circulo
3451,3437,sin_circulo
3452,3437,sin_circulo
3453,3437,sin_circulo
3454,3437,3437_circle4
3454,3437,3437_circle14
3455,3437,sin_circulo
3456,3437,3437_circle3
3456,3437,3437_circle5
3456,3437,3437_circle19
3457,3437,sin_circulo
3458,3437,sin_circulo
3459,3437,sin_circulo
3460,3437,sin_circulo
3461,3437,sin_circulo
3462,3437,sin_circulo
3463,3437,sin_circulo
3464,3437,sin_circulo
3465,3437,sin_circulo
3466,3437,sin_circulo
3467,3437,sin_circulo
3468,3437,sin_circulo
3469,3437,sin_circulo
3470,3437,3437_circle15
3471,3437,sin_circulo
3472,3437,sin_circulo
3473,3437,sin_circulo
3474,3437,sin_circulo
3475,3437,sin_circulo
3476,3437,3437_circle11
3477,3437,3437_circle17
3477,3437,3437_circle31
3478,3437,sin_circulo
3479,3437,sin_circulo
3480,3437,sin_circulo
3481,3437,sin_circulo
3482,3437,3437_circle15
3483,3437,sin_circulo
3484,3437,sin_circulo
3485,3437,sin_circulo
3486,3437,sin_circulo
3487,3437,sin_circulo
3488,3437,3437_circle0
3488,3437,3437_circle3
3489,3437,sin_circulo
3490,3437,sin_circulo
3491,3437,sin_circulo
3492,3437,sin_circulo
3493,3437,sin_circulo
3494,3437,3437_circle12
3494,3437,3437_circle14
3495,3437,sin_circulo
3496,3437,sin_circulo
3497,3437,sin_circulo
3498,3437,sin_circulo
3499,3437,sin_circulo
3500,3437,sin_circulo
3501,3437,sin_circulo
3502,3437,sin_circulo
3503,3437,sin_circulo
3504,3437,sin_circulo
3505,3437,sin_circulo
3506,3437,3437_circle13
3506,3437,3437_circle14
3506,3437,3437_circle18
3507,3437,sin_circulo
3508,3437,sin_circulo
3509,3437,sin_circulo
3510,3437,sin_circulo
3511,3437,sin_circulo
3512,3437,sin_circulo
3513,3437,sin_circulo
3514,3437,sin_circulo
3515,3437,sin_circulo
3516,3437,sin_circulo
3517,3437,sin_circulo
3518,3437,3437_circle0
3518,3437,3437_circle3
3518,3437,3437_circle17
3518,3437,3437_circle27
3519,3437,sin_circulo
3520,3437,sin_circulo
3521,3437,3437_circle3
3521,3437,3437_circle4
3521,3437,3437_circle15
3522,3437,sin_circulo
3523,3437,sin_circulo
3524,3437,sin_circulo
3525,3437,sin_circulo
3526,3437,sin_circulo
3527,3437,sin_circulo
3528,3437,sin_circulo
3529,3437,sin_circulo
3530,3437,sin_circulo
3531,3437,sin_circulo
3532,3437,sin_circulo
3533,3437,sin_circulo
3534,3437,3437_circle14
3535,3437,sin_circulo
3536,3437,sin_circulo
3537,3437,sin_circulo
3538,3437,sin_circulo
3539,3437,3437_circle14
3540,3437,sin_circulo
3541,3437,sin_circulo
3542,3437,sin_circulo
3543,3437,sin_circulo
3544,3437,3437_circle7
3544,3437,3437_circle25
3545,3437,sin_circulo
3546,3437,sin_circulo
3547,3437,sin_circulo
3548,3437,3437_circle25
3549,3437,sin_circulo
3550,3437,sin_circulo
3551,3437,3437_circle5
3551,3437,3437_circle14
3552,3437,sin_circulo
3553,3437,3437_circle15
3553,3437,3437_circle22
3554,3437,3437_circle14
3555,3437,3437_circle14
3555,3437,3437_circle20
3556,3437,sin_circulo
3557,3437,sin_circulo
3558,3437,3437_circle13
3558,3437,3437_circle14
3559,3437,sin_circulo
3560,3437,sin_circulo
3561,3437,sin_circulo
3562,3437,sin_circulo
3563,3437,sin_circulo
3564,3437,3437_circle14
3565,3437,sin_circulo
3566,3437,3437_circle5
3566,3437,3437_circle14
3567,3437,3437_circle16
3568,3437,3437_circle14
3569,3437,sin_circulo
3570,3437,sin_circulo
3571,3437,sin_circulo
3572,3437,sin_circulo
3573,3437,sin_circulo
3574,3437,3437_circle0
3574,3437,3437_circle3
3575,3437,sin_circulo
3576,3437,sin_circulo
3577,3437,sin_circulo
3578,3437,sin_circulo
3579,3437,sin_circulo
3580,3437,sin_circulo
3581,3437,sin_circulo
3582,3437,sin_circulo
3583,3437,sin_circulo
3584,3437,sin_circulo
3585,3437,sin_circulo
3586,3437,3437_circle3
3586,3437,3437_circle4
3586,3437,3437_circle5
3586,3437,3437_circle19
3586,3437,3437_circle26
3587,3437,sin_circulo
3588,3437,sin_circulo
3589,3437,sin_circulo
3590,3437,sin_circulo
3591,3437,sin_circulo
3592,3437,3437_circle4
3592,3437,3437_circle25
3593,3437,3437_circle13
3593,3437,3437_circle14
3594,3437,sin_circulo
3595,3437,sin_circulo
3596,3437,sin_circulo
3597,3437,sin_circulo
3598,3437,sin_circulo
3599,3437,sin_circulo
3600,3437,sin_circulo
3601,3437,sin_circulo
3602,3437,sin_circulo
3603,3437,sin_circulo
3604,3437,3437_circle0
3604,3437,3437_circle3
3604,3437,3437_circle14
3605,3437,3437_circle0
3605,3437,3437_circle3
3606,3437,sin_circulo
3607,3437,sin_circulo
3608,3437,sin_circulo
3609,3437,sin_circulo
3610,3437,sin_circulo
3611,3437,sin_circulo
3612,3437,3437_circle11
3612,3437,3437_circle14
3613,3437,sin_circulo
3614,3437,sin_circulo
3615,3437,3437_circle15
3615,3437,3437_circle22
3616,3437,sin_circulo
3617,3437,3437_circle8
3617,3437,3437_circle12
3617,3437,3437_circle14
3618,3437,sin_circulo
3619,3437,sin_circulo
3620,3437,sin_circulo
3621,3437,sin_circulo
3622,3437,sin_circulo
3623,3437,3437_circle1
3623,3437,3437_circle14
3623,3437,3437_circle30
3624,3437,3437_circle2
3625,3437,sin_circulo
3626,3437,sin_circulo
3627,3437,sin_circulo
3628,3437,sin_circulo
3629,3437,sin_circulo
3630,3437,sin_circulo
3631,3437,sin_circulo
3632,3437,sin_circulo
3633,3437,3437_circle3
3633,3437,3437_circle19
3633,3437,3437_circle26
3634,3437,sin_circulo
3635,3437,sin_circulo
3636,3437,sin_circulo
3637,3437,sin_circulo
3638,3437,sin_circulo
3639,3437,sin_circulo
3640,3437,3437_circle0
3640,3437,3437_circle3
3641,3437,sin_circulo
3642,3437,sin_circulo
3643,3437,sin_circulo
3644,3437,sin_circulo
3645,3437,3437_circle14
3646,3437,sin_circulo
3647,3437,sin_circulo
3648,3437,sin_circulo
3649,3437,sin_circulo
3650,3437,sin_circulo
3651,3437,3437_circle3
3652,3437,sin_circulo
3653,3437,sin_circulo
3654,3437,sin_circulo
3655,3437,sin_circulo
3656,3437,3437_circle3
3657,3437,sin_circulo
3658,3437,sin_circulo
3659,3437,sin_circulo
3660,3437,3437_circle25
3661,3437,sin_circulo
3662,3437,sin_circulo
3663,3437,sin_circulo
3664,3437,sin_circulo
3665,3437,sin_circulo
3666,3437,sin_circulo
3667,3437,sin_circulo
3668,3437,sin_circulo
3669,3437,sin_circulo
3670,3437,sin_circulo
3671,3437,sin_circulo
3672,3437,sin_circulo
3673,3437,sin_circulo
3674,3437,3437_circle3
3674,3437,3437_circle25
3675,3437,3437_circle11
3675,3437,3437_circle14
3676,3437,sin_circulo
3677,3437,3437_circle3
3677,3437,3437_circle4
3677,3437,3437_circle14
3677,3437,3437_circle22
3677,3437,3437_circle28
3678,3437,sin_circulo
3679,3437,sin_circulo
3680,3437,3437_circle14
3680,3437,3437_circle18
3681,3437,sin_circulo
3682,3437,3437_circle2
3683,3437,sin_circulo
3684,3437,sin_circulo
3685,3437,sin_circulo
3686,3437,sin_circulo
3687,3437,sin_circulo
3688,3437,sin_circulo
3689,3437,3437_circle4
3689,3437,3437_circle14
3690,3437,3437_circle8
3690,3437,3437_circle12
3690,3437,3437_circle14
3691,3437,sin_circulo
3692,3437,sin_circulo
3693,3437,sin_circulo
3694,3437,sin_circulo
3695,3437,sin_circulo
3696,3437,sin_circulo
3697,3437,sin_circulo
3698,3437,sin_circulo
3699,3437,sin_circulo
3700,3437,sin_circulo
3701,3437,sin_circulo
3702,3437,sin_circulo
3703,3437,sin_circulo
3704,3437,sin_circulo
3705,3437,3437_circle14
3705,3437,3437_circle15
3705,3437,3437_circle22
3706,3437,sin_circulo
3707,3437,sin_circulo
3708,3437,sin_circulo
3709,3437,sin_circulo
3710,3437,sin_circulo
3711,3437,sin_circulo
3712,3437,sin_circulo
3713,3437,sin_circulo
3714,3437,sin_circulo
3715,3437,sin_circulo
3716,3437,sin_circulo
3717,3437,sin_circulo
3718,3437,3437_circle14
3718,3437,3437_circle18
3719,3437,3437_circle14
3720,3437,sin_circulo
3721,3437,3437_circle4
3721,3437,3437_circle5
3721,3437,3437_circle14
3721,3437,3437_circle19
3722,3437,sin_circulo
3723,3437,sin_circulo
3724,3437,sin_circulo
3725,3437,sin_circulo
3726,3437,sin_circulo
3727,3437,sin_circulo
3728,3437,sin_circulo
3729,3437,sin_circulo
3730,3437,sin_circulo
3731,3437,sin_circulo
3732,3437,sin_circulo
3733,3437,sin_circulo
3734,3437,sin_circulo
3735,3437,sin_circulo
3736,3437,sin_circulo
3737,3437,sin_circulo
3738,3437,sin_circulo
3739,3437,sin_circulo
3740,3437,sin_circulo
3741,3437,sin_circulo
3742,3437,sin_circulo
3743,3437,sin_circulo
3744,3437,sin_circulo
3745,3437,sin_circulo
3746,3437,sin_circulo
3747,3437,sin_circulo
3748,3437,sin_circulo
3749,3437,sin_circulo
3750,3437,sin_circulo
3751,3437,sin_circulo
3752,3437,sin_circulo
3753,3437,3437_circle3
3753,3437,3437_circle15
3754,3437,sin_circulo
3755,3437,sin_circulo
3756,3437,sin_circulo
3757,3437,sin_circulo
3758,3437,3437_circle13
3758,3437,3437_circle14
3758,3437,3437_circle18
3759,3437,3437_circle11
3759,3437,3437_circle14
3760,3437,sin_circulo
3761,3437,sin_circulo
3762,3437,sin_circulo
3763,3437,3437_circle10
3763,3437,3437_circle14
3764,3437,sin_circulo
3765,3437,sin_circulo
3766,3437,3437_circle14
3766,3437,3437_circle15
3767,3437,sin_circulo
3768,3437,sin_circulo
3769,3437,sin_circulo
3770,3437,3437_circle14
3771,3437,3437_circle2
3771,3437,3437_circle14
3772,3437,3437_circle31
3773,3437,sin_circulo
3774,3437,sin_circulo
3775,3437,3437_circle7
3775,3437,3437_circle25
3776,3437,sin_circulo
3777,3437,3437_circle14
3778,3437,sin_circulo
3779,3437,3437_circle31
3780,3437,sin_circulo
3781,3437,sin_circulo
3782,3437,3437_circle1
3782,3437,3437_circle14
3783,3437,sin_circulo
3784,3437,sin_circulo
3785,3437,sin_circulo
3786,3437,3437_circle1
3786,3437,3437_circle14
3787,3437,sin_circulo
3788,3437,sin_circulo
3789,3437,sin_circulo
3790,3437,sin_circulo
3791,3437,3437_circle14
3791,3437,3437_circle15
3792,3437,sin_circulo
3793,3437,sin_circulo
3794,3437,sin_circulo
3795,3437,sin_circulo
3796,3437,sin_circulo
3797,3437,sin_circulo
3798,3437,sin_circulo
3799,3437,3437_circle11
3800,3437,sin_circulo
3801,3437,sin_circulo
3802,3437,sin_circulo
3803,3437,3437_circle14
3803,3437,3437_circle25
3804,3437,sin_circulo
3805,3437,sin_circulo
3806,3437,sin_circulo
3807,3437,sin_circulo
3808,3437,sin_circulo
3809,3437,sin_circulo
3810,3437,3437_circle13
3810,3437,3437_circle14
3810,3437,3437_circle18
3811,3437,sin_circulo
3812,3437,sin_circulo
3813,3437,sin_circulo
3814,3437,sin_circulo
3815,3437,sin_circulo
3816,3437,sin_circulo
3817,3437,sin_circulo
3818,3437,sin_circulo
3819,3437,3437_circle14
3819,3437,3437_circle16
3820,3437,sin_circulo
3821,3437,sin_circulo
3822,3437,sin_circulo
3823,3437,3437_circle14
3824,3437,sin_circulo
3825,3437,3437_circle14
3826,3437,sin_circulo
3827,3437,sin_circulo
3828,3437,sin_circulo
3829,3437,sin_circulo
3830,3437,3437_circle3
3830,3437,3437_circle4
3830,3437,3437_circle9
3831,3437,sin_circulo
3832,3437,3437_circle0
3832,3437,3437_circle3
3833,3437,sin_circulo
3834,3437,3437_circle8
3834,3437,3437_circle14
3834,3437,3437_circle21
3835,3437,sin_circulo
3836,3437,3437_circle11
3836,3437,3437_circle14
3837,3437,3437_circle11
3838,3437,sin_circulo
3839,3437,sin_circulo
3840,3437,sin_circulo
3841,3437,sin_circulo
3842,3437,sin_circulo
3843,3437,3437_circle14
3843,3437,3437_circle25
3844,3437,3437_circle11
3845,3437,sin_circulo
3846,3437,sin_circulo
3847,3437,sin_circulo
3848,3437,sin_circulo
3849,3437,sin_circulo
3850,3437,sin_circulo
3851,3437,sin_circulo
3852,3437,sin_circulo
3853,3437,sin_circulo
3854,3437,sin_circulo
3855,3437,sin_circulo
3856,3437,sin_circulo
3857,3437,sin_circulo
3858,3437,sin_circulo
3859,3437,sin_circulo
3860,3437,3437_circle0
3860,3437,3437_circle3
3861,3437,3437_circle14
3861,3437,3437_circle29
3862,3437,sin_circulo
3863,3437,sin_circulo
3864,3437,sin_circulo
3865,3437,sin_circulo
3866,3437,sin_circulo
3867,3437,sin_circulo
3868,3437,sin_circulo
3869,3437,sin_circulo
3870,3437,sin_circulo
3871,3437,sin_circulo
3872,3437,sin_circulo
3873,3437,sin_circulo
3874,3437,sin_circulo
3875,3437,sin_circulo
3876,3437,sin_circulo
3877,3437,sin_circulo
3878,3437,sin_circulo
3879,3437,sin_circulo
3880,3437,3437_circle3
3880,3437,3437_circle4
3881,3437,sin_circulo
3882,3437,sin_circulo
3883,3437,sin_circulo
3884,3437,sin_circulo
3885,3437,sin_circulo
3886,3437,sin_circulo
3887,3437,sin_circulo
3888,3437,sin_circulo
3889,3437,sin_circulo
3890,3437,sin_circulo
3891,3437,sin_circulo
3892,3437,sin_circulo
3893,3437,3437_circle11
3893,3437,3437_circle14
3894,3437,3437_circle2
3895,3437,3437_circle6
3895,3437,3437_circle14
3896,3437,sin_circulo
3897,3437,sin_circulo
3898,3437,sin_circulo
3899,3437,sin_circulo
3900,3437,sin_circulo
3901,3437,sin_circulo
3902,3437,sin_circulo
3903,3437,sin_circulo
3904,3437,sin_circulo
3905,3437,sin_circulo
3906,3437,sin_circulo
3907,3437,3437_circle3
3907,3437,3437_circle15
3908,3437,sin_circulo
3909,3437,sin_circulo
3910,3437,sin_circulo
3911,3437,sin_circulo
3912,3437,3437_circle16
3913,3437,sin_circulo
3914,3437,sin_circulo
3915,3437,sin_circulo
3916,3437,sin_circulo
3917,3437,sin_circulo
3918,3437,sin_circulo
3919,3437,sin_circulo
3920,3437,sin_circulo
3921,3437,sin_circulo
3922,3437,sin_circulo
3923,3437,sin_circulo
3924,3437,sin_circulo
3925,3437,sin_circulo
3926,3437,sin_circulo
3927,3437,sin_circulo
3928,3437,sin_circulo
3929,3437,sin_circulo
3930,3437,sin_circulo
3931,3437,sin_circulo
3932,3437,sin_circulo
3933,3437,sin_circulo
3934,3437,sin_circulo
3935,3437,sin_circulo
3936,3437,sin_circulo
3937,3437,sin_circulo
3938,3437,3437_circle0
3938,3437,3437_circle3
3938,3437,3437_circle19
3939,3437,3437_circle2
3939,3437,3437_circle24
3940,3437,sin_circulo
3941,3437,sin_circulo
3942,3437,sin_circulo
3943,3437,sin_circulo
3944,3437,sin_circulo
3945,3437,3437_circle14
3946,3437,sin_circulo
3947,3437,3437_circle1
3947,3437,3437_circle14
3947,3437,3437_circle18
3948,3437,3437_circle3
3948,3437,3437_circle4
3948,3437,3437_circle5
3948,3437,3437_circle24
3949,3437,3437_circle2
3950,3437,sin_circulo
3951,3437,sin_circulo
3952,3437,sin_circulo
3953,3437,sin_circulo
3954,3437,sin_circulo
3955,3437,sin_circulo
3956,3437,sin_circulo
3957,3437,sin_circulo
3958,3437,sin_circulo
3959,3437,sin_circulo
3960,3437,sin_circulo
3961,3437,sin_circulo
3962,3437,3437_circle3
3962,3437,3437_circle5
3962,3437,3437_circle19
3963,3437,3437_circle2
3963,3437,3437_circle23
3964,3437,sin_circulo
3965,3437,sin_circulo
3966,3437,sin_circulo
3967,3437,sin_circulo
3968,3437,sin_circulo
3969,3437,sin_circulo
3970,3437,sin_circulo
3971,3437,sin_circulo
3972,3437,sin_circulo
3973,3437,sin_circulo
3974,3437,sin_circulo
3975,3437,sin_circulo
3976,3437,sin_circulo
3977,3437,sin_circulo
3978,3437,sin_circulo
3979,3437,3437_circle25
3980,3980,sin_circulo
3981,3980,3980_circle6
3982,3980,3980_circle15
3983,3980,3980_circle9
3984,3980,3980_circle7
3985,3980,3980_circle16
3986,3980,3980_circle9
3987,3980,3980_circle3
3988,3980,3980_circle8
3989,3980,3980_circle0
3990,3980,3980_circle10
3991,3980,3980_circle6
3992,3980,3980_circle9
3993,3980,3980_circle16
3994,3980,3980_circle6
3995,3980,3980_circle16
3996,3980,3980_circle6
3997,3980,3980_circle6
3998,3980,3980_circle6
3999,3980,3980_circle6
4000,3980,3980_circle9
4001,3980,3980_circle11
4002,3980,3980_circle6
4003,3980,3980_circle16
4004,3980,3980_circle16
4005,3980,3980_circle6
4006,3980,3980_circle4
4007,3980,3980_circle10
4008,3980,3980_circle6
4009,3980,3980_circle0
4010,3980,3980_circle1
4011,3980,3980_circle6
4012,3980,3980_circle12
4013,3980,3980_circle2
4014,3980,3980_circle14
4015,3980,3980_circle3
4016,3980,3980_circle10
4017,3980,3980_circle9
4018,3980,3980_circle6
4019,3980,3980_circle6
4020,3980,3980_circle6
4021,3980,3980_circle8
4022,3980,sin_circulo
4023,3980,3980_circle6
4024,3980,3980_circle3
4025,3980,3980_circle10
4026,3980,3980_circle8
4027,3980,3980_circle6
4028,3980,3980_circle6
4029,3980,3980_circle11
4030,3980,3980_circle8
4031,3980,3980_circle6
4032,3980,3980_circle6
4033,3980,3980_circle9
4034,3980,3980_circle6
4035,3980,3980_circle5
4036,3980,3980_circle6
4037,3980,3980_circle1
4038,3980,3980_circle13
