id,grado,es_ego,ego_red,num_ego_redes,circulo_real
0,347,True,0,2,sin_circulo
1,17,False,0,1,0_circle15
2,10,False,0,1,0_circle10
3,17,False,0,1,0_circle15
4,10,False,0,1,sin_circulo
5,13,False,0,1,0_circle16
6,6,False,0,1,0_circle15
7,20,False,0,1,0_circle15
8,8,False,0,1,sin_circulo
9,57,False,0,1,0_circle15
10,10,False,0,1,0_circle15
11,1,False,0,1,sin_circulo
12,1,False,0,1,0_circle21
13,31,False,0,1,0_circle11
14,15,False,0,1,0_circle10
15,1,False,0,1,0_circle15
16,9,False,0,1,0_circle15
17,13,False,0,1,0_circle6
18,1,False,0,1,sin_circulo
19,16,False,0,1,sin_circulo
20,15,False,0,1,0_circle6
21,65,False,0,1,0_circle15
22,11,False,0,1,0_circle15
23,17,False,0,1,0_circle5
24,16,False,0,1,0_circle16
25,69,False,0,1,0_circle15
26,68,False,0,1,0_circle15
27,5,False,0,1,sin_circulo
28,13,False,0,1,0_circle23
29,13,False,0,1,0_circle0
30,17,False,0,1,sin_circulo
31,23,False,0,1,0_circle15
32,6,False,0,1,0_circle6
33,2,False,0,1,0_circle19
34,5,False,0,3,0_circle16
35,2,False,0,1,0_circle6
36,11,False,0,1,0_circle15
37,1,False,0,1,0_circle16
38,9,False,0,1,0_circle15
39,15,False,0,1,0_circle15
40,44,False,0,1,0_circle15
41,24,False,0,1,0_circle6
42,2,False,0,1,0_circle10
43,1,False,0,1,sin_circulo
44,6,False,0,1,0_circle19
45,12,False,0,1,0_circle15
46,5,False,0,1,0_circle7
47,2,False,0,1,0_circle15
48,22,False,0,1,0_circle16
49,4,False,0,1,0_circle15
50,11,False,0,1,0_circle15
51,7,False,0,1,0_circle3
52,2,False,0,1,0_circle6
53,31,False,0,1,sin_circulo
54,8,False,0,1,0_circle0
55,17,False,0,1,0_circle4
56,78,False,0,1,0_circle15
57,15,False,0,1,0_circle16
58,12,False,107,4,107_circle3
59,19,False,0,1,0_circle4
60,8,False,0,1,0_circle15
61,3,False,0,1,0_circle0
62,26,False,0,1,0_circle15
63,6,False,0,1,0_circle15
64,7,False,0,1,0_circle15
65,12,False,0,1,0_circle15
66,15,False,0,1,0_circle11
67,76,False,0,1,0_circle15
68,9,False,0,1,0_circle13
69,10,False,0,1,0_circle4
70,2,False,0,1,0_circle11
71,3,False,0,1,0_circle0
72,24,False,0,1,0_circle15
73,10,False,0,1,0_circle9
74,1,False,0,1,0_circle9
75,14,False,0,1,sin_circulo
76,3,False,0,1,0_circle11
77,6,False,0,1,0_circle15
78,9,False,0,1,sin_circulo
79,12,False,0,1,0_circle15
80,23,False,0,1,0_circle16
81,3,False,0,1,0_circle0
82,34,False,0,1,0_circle15
83,7,False,0,1,0_circle3
84,13,False,0,1,0_circle4
85,14,False,0,1,0_circle16
86,6,False,0,1,0_circle13
87,13,False,0,1,0_circle15
88,20,False,0,1,sin_circulo
89,8,False,0,1,0_circle15
90,2,False,0,1,0_circle17
91,8,False,0,1,sin_circulo
92,21,False,0,1,0_circle16
93,8,False,0,1,0_circle6
94,22,False,0,1,0_circle16
95,6,False,0,1,0_circle15
96,9,False,0,1,0_circle15
97,3,False,0,1,0_circle0
98,49,False,0,1,0_circle15
99,13,False,0,1,0_circle2
100,9,False,0,1,sin_circulo
101,19,False,0,1,0_circle16
102,6,False,0,1,sin_circulo
103,16,False,0,1,0_circle15
104,32,False,0,1,0_circle15
105,14,False,0,1,0_circle15
106,8,False,0,1,sin_circulo
107,1045,True,107,4,sin_circulo
108,13,False,0,1,0_circle15
109,37,False,0,1,0_circle15
110,5,False,0,1,0_circle0
111,14,False,0,1,0_circle6
112,3,False,0,1,sin_circulo
113,40,False,0,1,0_circle11
114,1,False,0,1,0_circle15
115,21,False,0,1,0_circle6
116,17,False,0,1,0_circle2
117,6,False,0,1,0_circle15
118,36,False,0,1,0_circle11
119,62,False,0,1,0_circle15
120,4,False,0,1,sin_circulo
121,12,False,0,1,0_circle15
122,63,False,0,1,0_circle4
123,18,False,0,1,0_circle15
124,4,False,0,1,0_circle15
125,4,False,0,1,0_circle4
126,7,False,0,1,0_circle17
127,16,False,0,1,0_circle15
128,28,False,0,1,0_circle15
129,7,False,0,1,0_circle15
130,16,False,0,1,sin_circulo
131,7,False,0,1,0_circle13
132,16,False,0,1,0_circle0
133,18,False,0,1,0_circle15
134,19,False,0,1,0_circle11
135,10,False,0,1,0_circle15
136,133,False,1912,2,1912_circle1
137,16,False,0,1,0_circle6
138,2,False,0,1,0_circle13
139,9,False,0,1,0_circle15
140,11,False,0,1,0_circle2
141,28,False,0,1,0_circle15
142,43,False,0,1,0_circle15
143,12,False,0,1,0_circle13
144,15,False,0,1,0_circle2
145,2,False,0,1,0_circle17
146,10,False,0,1,0_circle9
147,6,False,0,1,0_circle2
148,20,False,0,1,0_circle15
149,14,False,0,1,0_circle23
150,11,False,0,1,0_circle2
151,7,False,0,1,0_circle11
152,5,False,0,1,0_circle15
153,2,False,0,1,sin_circulo
154,2,False,0,1,0_circle9
155,3,False,0,1,0_circle2
156,12,False,0,1,0_circle4
157,3,False,0,1,0_circle15
158,25,False,0,1,0_circle11
159,14,False,0,1,sin_circulo
160,2,False,0,1,sin_circulo
161,25,False,0,1,0_circle11
162,8,False,0,1,0_circle23
163,6,False,0,1,0_circle0
164,3,False,0,1,0_circle9
165,11,False,0,1,0_circle11
166,4,False,0,1,sin_circulo
167,7,False,0,1,sin_circulo
168,11,False,0,1,0_circle15
169,38,False,0,1,0_circle15
170,46,False,0,1,0_circle15
171,22,False,107,3,sin_circulo
172,41,False,0,1,0_circle15
173,12,False,0,3,0_circle1
174,4,False,0,1,0_circle20
175,17,False,0,1,0_circle14
176,14,False,0,1,0_circle15
177,11,False,0,1,0_circle18
178,13,False,0,1,sin_circulo
179,3,False,0,1,0_circle17
180,20,False,0,1,0_circle16
181,10,False,0,1,sin_circulo
182,3,False,0,1,sin_circulo
183,2,False,0,1,0_circle0
184,18,False,0,1,sin_circulo
185,26,False,0,1,0_circle15
186,44,False,0,1,0_circle15
187,16,False,0,1,0_circle16
188,48,False,0,1,0_circle15
189,7,False,0,1,0_circle15
190,4,False,0,1,0_circle15
191,3,False,0,1,sin_circulo
192,5,False,0,1,0_circle6
193,5,False,0,1,0_circle0
194,19,False,0,1,0_circle16
195,9,False,0,1,sin_circulo
196,13,False,0,1,0_circle15
197,16,False,0,1,0_circle15
198,12,False,0,2,0_circle15
199,47,False,0,1,0_circle11
200,57,False,0,1,0_circle15
201,4,False,0,1,sin_circulo
202,4,False,0,1,0_circle16
203,57,False,0,1,0_circle11
204,22,False,0,1,0_circle9
205,2,False,0,1,sin_circulo
206,4,False,0,1,0_circle9
207,3,False,0,1,0_circle15
208,7,False,0,1,0_circle15
209,1,False,0,1,0_circle6
210,1,False,0,1,0_circle17
211,30,False,0,1,0_circle11
212,18,False,0,1,0_circle11
213,39,False,0,1,0_circle15
214,17,False,0,1,0_circle6
215,1,False,0,1,0_circle0
216,2,False,0,1,0_circle10
217,8,False,0,1,sin_circulo
218,9,False,0,1,0_circle11
219,6,False,0,1,0_circle15
220,4,False,0,1,0_circle20
221,8,False,0,1,sin_circulo
222,11,False,0,1,0_circle0
223,27,False,0,1,0_circle4
224,28,False,0,1,0_circle15
225,10,False,0,1,0_circle7
226,14,False,0,1,sin_circulo
227,15,False,0,1,0_circle14
228,3,False,0,1,sin_circulo
229,6,False,0,1,0_circle0
230,9,False,0,1,sin_circulo
231,21,False,0,1,sin_circulo
232,25,False,0,1,sin_circulo
233,2,False,0,1,0_circle15
234,2,False,0,1,sin_circulo
235,5,False,0,1,0_circle11
236,37,False,0,1,0_circle4
237,7,False,0,1,0_circle3
238,23,False,0,1,0_circle11
239,59,False,0,1,0_circle4
240,3,False,0,1,0_circle11
241,2,False,0,1,sin_circulo
242,24,False,0,1,0_circle15
243,8,False,0,1,sin_circulo
244,2,False,0,1,0_circle20
245,5,False,0,1,0_circle0
246,14,False,0,1,0_circle15
247,3,False,0,1,0_circle15
248,21,False,0,1,0_circle15
249,24,False,0,1,0_circle16
250,5,False,0,1,0_circle4
251,14,False,0,1,0_circle15
252,65,False,0,1,0_circle11
253,3,False,0,1,0_circle0
254,17,False,0,1,0_circle16
255,2,False,0,1,0_circle15
256,2,False,0,1,0_circle15
257,18,False,0,1,0_circle4
258,15,False,0,1,0_circle4
259,8,False,0,1,0_circle0
260,8,False,0,1,sin_circulo
261,38,False,0,1,0_circle15
262,4,False,0,1,0_circle20
263,7,False,0,1,sin_circulo
264,5,False,0,1,0_circle0
265,27,False,0,1,0_circle11
266,18,False,0,1,0_circle16
267,2,False,0,1,0_circle22
268,11,False,0,1,0_circle4
269,6,False,0,1,0_circle15
270,4,False,0,1,0_circle2
271,73,False,0,1,0_circle15
272,45,False,0,1,sin_circulo
273,9,False,0,1,sin_circulo
274,14,False,0,1,0_circle15
275,10,False,0,1,sin_circulo
276,18,False,0,1,0_circle15
277,65,False,0,1,0_circle15
278,10,False,0,1,0_circle12
279,2,False,0,1,0_circle9
280,43,False,0,1,0_circle4
281,16,False,0,1,0_circle15
282,2,False,0,1,0_circle8
283,5,False,0,1,sin_circulo
284,16,False,0,1,sin_circulo
285,47,False,0,1,0_circle15
286,2,False,0,1,0_circle15
287,1,False,0,1,sin_circulo
288,4,False,0,1,0_circle15
289,4,False,0,1,0_circle6
290,14,False,0,1,0_circle15
291,36,False,0,1,0_circle15
292,1,False,0,1,0_circle9
293,3,False,0,1,0_circle20
294,3,False,0,1,0_circle15
295,10,False,0,1,0_circle4
296,7,False,0,1,sin_circulo
297,25,False,0,1,0_circle15
298,11,False,0,1,0_circle0
299,20,False,0,1,0_circle16
300,7,False,0,1,sin_circulo
301,3,False,0,1,0_circle15
302,20,False,0,1,sin_circulo
303,21,False,0,1,0_circle15
304,55,False,0,1,0_circle15
305,2,False,0,1,sin_circulo
306,9,False,0,1,sin_circulo
307,4,False,0,1,sin_circulo
308,24,False,0,1,0_circle11
309,10,False,0,1,0_circle15
310,13,False,0,1,0_circle6
311,7,False,0,1,0_circle11
312,26,False,0,1,0_circle6
313,37,False,0,1,0_circle11
314,13,False,0,1,0_circle15
315,56,False,0,1,0_circle15
316,2,False,0,1,0_circle15
317,7,False,0,1,0_circle15
318,11,False,0,1,0_circle15
319,8,False,0,1,0_circle15
320,21,False,0,1,sin_circulo
321,3,False,0,1,0_circle6
322,72,False,0,1,0_circle15
323,39,False,0,1,0_circle15
324,26,False,0,1,0_circle11
325,39,False,0,1,0_circle15
326,19,False,0,1,0_circle6
327,4,False,0,1,0_circle2
328,9,False,0,1,0_circle15
329,30,False,0,1,sin_circulo
330,16,False,0,1,0_circle16
331,20,False,0,1,0_circle11
332,43,False,0,1,0_circle11
333,8,False,0,1,0_circle19
334,28,False,0,1,0_circle0
335,1,False,0,1,sin_circulo
336,3,False,0,1,0_circle9
337,9,False,0,1,0_circle6
338,7,False,0,1,0_circle15
339,27,False,0,1,0_circle15
340,6,False,0,1,0_circle15
341,12,False,0,1,0_circle15
342,34,False,0,1,0_circle15
343,18,False,0,1,0_circle6
344,9,False,0,1,0_circle4
345,16,False,0,1,0_circle15
346,27,False,0,1,sin_circulo
347,7,False,0,1,0_circle15
348,229,True,348,3,sin_circulo
349,5,False,348,1,348_circle1
350,21,False,348,1,348_circle1
351,5,False,348,1,348_circle6
352,23,False,348,1,348_circle1
353,102,False,107,2,sin_circulo
354,26,False,348,1,348_circle1
355,39,False,348,1,348_circle1
356,3,False,348,1,348_circle1
357,18,False,348,1,348_circle1
358,1,False,348,1,348_circle6
359,26,False,348,1,348_circle1
360,43,False,348,1,348_circle1
361,23,False,348,1,348_circle1
362,19,False,348,1,348_circle1
363,96,False,107,3,107_circle3
364,9,False,348,1,348_circle6
365,6,False,348,1,348_circle11
366,97,False,107,2,107_circle3
367,32,False,348,1,348_circle1
368,34,False,348,1,348_circle1
369,26,False,348,1,348_circle1
370,71,False,348,2,348_circle1
371,5,False,348,1,348_circle1
372,17,False,348,1,348_circle1
373,94,False,348,2,348_circle0
374,68,False,348,2,348_circle1
375,17,False,348,1,348_circle1
376,133,False,107,3,sin_circulo
377,2,False,348,1,348_circle1
378,62,False,348,2,348_circle1
379,2,False,348,1,348_circle1
380,11,False,348,1,348_circle1
381,12,False,348,1,348_circle1
382,12,False,348,1,348_circle1
383,3,False,348,1,348_circle1
384,4,False,348,1,sin_circulo
385,8,False,348,1,348_circle1
386,3,False,348,1,sin_circulo
387,36,False,348,1,348_circle0
388,38,False,348,1,348_circle0
389,48,False,107,2,107_circle1
390,6,False,348,1,348_circle1
391,61,False,348,2,348_circle0
392,39,False,348,1,348_circle1
393,7,False,348,1,348_circle6
394,36,False,348,2,348_circle1
395,77,False,348,2,348_circle1
396,27,False,348,1,348_circle1
397,47,False,348,1,348_circle1
398,33,False,348,1,348_circle1
399,8,False,348,1,348_circle6
400,73,False,348,2,348_circle0
401,2,False,348,1,sin_circulo
402,57,False,348,1,348_circle1
403,20,False,348,1,348_circle1
404,51,False,348,1,348_circle1
405,11,False,348,1,348_circle1
406,4,False,348,1,348_circle1
407,15,False,348,1,348_circle1
408,55,False,348,1,348_circle0
409,34,False,348,1,348_circle1
410,15,False,348,1,348_circle1
411,3,False,348,1,348_circle10
412,99,False,348,2,348_circle1
413,17,False,348,1,348_circle1
414,159,True,414,3,sin_circulo
415,26,False,348,1,348_circle1
416,21,False,348,1,348_circle1
417,62,False,348,1,348_circle1
418,23,False,348,1,348_circle1
419,57,False,348,1,348_circle1
420,34,False,107,2,107_circle3
421,25,False,348,1,348_circle1
422,60,False,348,2,348_circle1
423,57,False,348,2,348_circle1
424,17,False,348,1,348_circle1
425,19,False,348,1,348_circle1
426,18,False,348,1,348_circle1
427,9,False,348,2,348_circle4
428,115,False,107,4,107_circle3
429,10,False,348,1,348_circle1
430,38,False,348,1,348_circle1
431,71,False,348,2,348_circle0
432,55,False,348,1,348_circle1
433,10,False,348,1,348_circle1
434,33,False,348,2,348_circle1
435,10,False,348,1,348_circle1
436,60,False,348,2,348_circle1
437,10,False,348,1,348_circle1
438,71,False,348,2,348_circle1
439,43,False,348,1,348_circle1
440,14,False,348,1,348_circle1
441,8,False,348,1,348_circle6
442,12,False,348,1,348_circle1
443,2,False,348,1,sin_circulo
444,47,False,348,1,348_circle1
445,27,False,348,1,348_circle1
446,18,False,348,1,348_circle1
447,1,False,348,1,348_circle6
448,3,False,348,1,348_circle1
449,10,False,348,1,348_circle1
450,22,False,348,1,348_circle0
451,25,False,348,1,348_circle1
452,42,False,348,1,348_circle0
453,5,False,348,1,348_circle1
454,3,False,348,1,348_circle6
455,37,False,348,1,348_circle1
456,61,False,348,1,348_circle1
457,20,False,348,1,348_circle1
458,26,False,348,1,348_circle1
459,10,False,348,1,348_circle1
460,66,False,348,1,348_circle1
461,53,False,348,2,348_circle0
462,19,False,348,1,348_circle1
463,43,False,348,1,348_circle0
464,5,False,348,1,sin_circulo
465,78,False,348,2,348_circle1
466,9,False,348,1,348_circle1
467,4,False,348,1,348_circle1
468,2,False,348,1,348_circle10
469,22,False,348,1,348_circle1
470,16,False,348,1,348_circle1
471,31,False,348,1,348_circle1
472,5,False,348,1,348_circle1
473,32,False,348,1,348_circle1
474,20,False,348,1,348_circle1
475,122,False,107,3,sin_circulo
476,6,False,348,1,348_circle1
477,12,False,348,1,348_circle1
478,8,False,348,1,348_circle1
479,37,False,348,1,348_circle1
480,7,False,348,2,348_circle1
481,27,False,348,1,348_circle1
482,34,False,348,1,348_circle1
483,231,False,107,3,sin_circulo
484,107,False,107,2,sin_circulo
485,5,False,348,1,348_circle1
486,16,False,348,1,348_circle1
487,33,False,348,1,348_circle1
488,28,False,348,1,348_circle1
489,24,False,348,1,348_circle1
490,13,False,348,1,348_circle1
491,11,False,348,1,348_circle1
492,65,False,348,2,348_circle1
493,56,False,348,1,348_circle1
494,23,False,348,1,348_circle1
495,23,False,348,1,348_circle1
496,40,False,348,2,348_circle1
497,83,False,348,1,348_circle1
498,6,False,348,1,348_circle10
499,3,False,348,1,348_circle1
500,83,False,348,2,348_circle0
501,8,False,348,1,348_circle6
502,11,False,348,1,348_circle1
503,58,False,348,1,348_circle1
504,43,False,348,1,348_circle1
505,13,False,348,1,348_circle1
506,72,False,348,2,348_circle1
507,65,False,348,1,348_circle1
508,16,False,348,1,348_circle1
509,15,False,348,1,348_circle1
510,26,False,348,1,348_circle1
511,30,False,348,1,348_circle1
512,29,False,348,1,348_circle1
513,89,False,348,2,348_circle0
514,64,False,348,2,348_circle1
515,61,False,348,2,348_circle1
516,20,False,348,1,348_circle1
517,104,False,107,2,107_circle3
518,19,False,348,1,348_circle1
519,25,False,348,1,348_circle1
520,50,False,348,1,348_circle1
521,15,False,348,1,348_circle1
522,11,False,348,1,348_circle1
523,43,False,348,1,348_circle1
524,64,False,348,2,348_circle0
525,69,False,348,1,348_circle0
526,98,False,107,2,107_circle6
527,46,False,348,1,348_circle1
528,13,False,348,1,348_circle1
529,9,False,348,1,348_circle1
530,4,False,348,1,348_circle1
531,40,False,348,1,348_circle1
532,10,False,348,1,348_circle1
533,6,False,348,1,348_circle1
534,8,False,348,1,348_circle1
535,12,False,348,1,348_circle1
536,22,False,348,1,348_circle1
537,40,False,348,1,348_circle1
538,87,False,107,2,sin_circulo
539,22,False,348,1,348_circle1
540,8,False,348,1,348_circle1
541,10,False,348,1,348_circle1
542,58,False,348,2,348_circle1
543,21,False,348,1,348_circle1
544,67,False,348,2,348_circle1
545,46,False,348,1,348_circle1
546,30,False,348,1,348_circle1
547,32,False,348,1,348_circle1
548,32,False,348,1,348_circle1
549,7,False,348,1,348_circle4
550,1,False,348,1,sin_circulo
551,17,False,348,1,348_circle1
552,4,False,348,1,sin_circulo
553,85,False,348,2,348_circle1
554,18,False,348,1,348_circle1
555,38,False,348,1,348_circle1
556,48,False,348,2,348_circle1
557,37,False,348,1,348_circle1
558,20,False,348,2,348_circle1
559,83,False,348,2,348_circle1
560,30,False,348,1,348_circle1
561,81,False,348,2,348_circle1
562,5,False,348,1,348_circle1
563,91,False,107,4,107_circle1
564,9,False,348,1,348_circle6
565,20,False,348,1,348_circle1
566,85,False,107,3,107_circle3
567,63,False,3437,3,sin_circulo
568,12,False,348,1,348_circle1
569,15,False,348,1,348_circle1
570,35,False,348,1,348_circle1
571,3,False,348,1,348_circle1
572,4,False,348,1,348_circle1
573,32,False,414,1,414_circle6
574,11,False,414,1,414_circle6
575,12,False,414,1,414_circle6
576,14,False,414,1,414_circle4
577,22,False,414,1,414_circle4
578,24,False,414,1,414_circle4
579,39,False,414,1,414_circle3
580,84,False,107,2,sin_circulo
581,2,False,414,1,sin_circulo
582,21,False,414,1,414_circle4
583,25,False,414,1,414_circle4
584,15,False,414,1,414_circle5
585,1,False,414,1,sin_circulo
586,7,False,414,1,sin_circulo
587,10,False,414,1,sin_circulo
588,14,False,414,1,414_circle6
589,21,False,414,1,414_circle6
590,14,False,414,1,414_circle1
591,46,False,414,1,414_circle1
592,41,False,414,1,414_circle3
593,5,False,414,1,sin_circulo
594,8,False,414,2,414_circle2
595,19,False,414,1,414_circle4
596,46,False,107,2,sin_circulo
597,22,False,414,1,414_circle3
598,16,False,414,1,414_circle6
599,23,False,414,1,414_circle4
600,24,False,414,1,414_circle4
601,25,False,107,2,sin_circulo
602,1,False,414,1,414_circle5
603,18,False,414,1,414_circle3
604,35,False,414,1,414_circle1
605,18,False,414,1,414_circle6
606,91,False,107,2,107_circle3
607,1,False,414,1,414_circle1
608,1,False,414,1,sin_circulo
609,30,False,414,1,414_circle6
610,5,False,414,1,sin_circulo
611,16,False,414,1,414_circle3
612,15,False,414,1,414_circle6
613,1,False,414,1,sin_circulo
614,32,False,414,1,414_circle1
615,24,False,414,1,414_circle4
616,19,False,414,1,414_circle5
617,25,False,414,1,414_circle6
618,24,False,414,1,414_circle6
619,26,False,414,1,414_circle6
620,20,False,414,1,414_circle6
621,7,False,414,1,414_circle6
622,13,False,414,1,414_circle6
623,17,False,414,1,414_circle6
624,1,False,414,1,sin_circulo
625,21,False,414,1,414_circle6
626,14,False,414,1,414_circle6
627,24,False,414,1,414_circle4
628,12,False,414,1,414_circle4
629,11,False,107,2,sin_circulo
630,39,False,414,1,414_circle6
631,11,False,414,1,414_circle5
632,22,False,414,1,414_circle4
633,15,False,414,1,414_circle6
634,16,False,414,1,sin_circulo
635,22,False,414,1,414_circle4
636,25,False,414,1,414_circle6
637,115,False,107,2,sin_circulo
638,1,False,414,1,414_circle6
639,11,False,414,1,414_circle5
640,23,False,414,1,414_circle4
641,66,False,107,2,sin_circulo
642,2,False,414,1,sin_circulo
643,24,False,414,1,414_circle4
644,25,False,414,1,414_circle6
645,29,False,414,1,sin_circulo
646,13,False,414,1,sin_circulo
647,19,False,414,1,414_circle4
648,2,False,414,1,sin_circulo
649,5,False,107,2,sin_circulo
650,22,False,414,1,414_circle4
651,73,False,107,2,107_circle3
652,4,False,414,1,sin_circulo
653,28,False,414,1,414_circle6
654,33,False,414,1,414_circle6
655,6,False,414,1,414_circle6
656,3,False,414,1,sin_circulo
657,7,False,414,1,414_circle6
658,24,False,414,1,414_circle4
659,24,False,414,1,414_circle4
660,3,False,414,1,414_circle5
661,24,False,414,1,414_circle4
662,24,False,414,1,414_circle4
663,9,False,414,1,414_circle6
664,17,False,414,1,414_circle6
665,18,False,414,1,414_circle4
666,18,False,414,1,414_circle6
667,3,False,414,1,414_circle2
668,1,False,414,1,414_circle1
669,34,False,414,1,414_circle1
670,23,False,414,1,414_circle4
671,5,False,414,1,sin_circulo
672,8,False,414,1,414_circle6
673,4,False,414,1,sin_circulo
674,1,False,414,1,414_circle1
675,23,False,414,1,414_circle4
676,18,False,414,1,414_circle1
677,22,False,414,1,414_circle3
678,26,False,414,1,414_circle5
679,7,False,414,1,414_circle5
680,27,False,414,1,414_circle6
681,23,False,414,1,414_circle4
682,13,False,414,1,414_circle5
683,33,False,414,1,414_circle1
684,20,False,414,1,414_circle3
685,17,False,414,1,414_circle6
686,170,True,686,1,sin_circulo
687,28,False,686,1,686_circle0
688,45,False,686,1,686_circle4
689,8,False,686,1,686_circle2
690,9,False,686,1,686_circle9
691,6,False,686,1,686_circle1
692,1,False,686,1,686_circle3
693,14,False,686,1,686_circle4
694,54,False,686,1,686_circle4
695,41,False,686,1,686_circle4
696,31,False,686,1,686_circle4
697,52,False,686,2,686_circle0
698,68,True,698,3,sin_circulo
699,2,False,686,1,686_circle2
700,7,False,686,1,686_circle0
701,21,False,686,1,686_circle4
702,8,False,686,1,686_circle2
703,43,False,686,2,686_circle0
704,5,False,686,1,686_circle8
705,69,False,686,1,686_circle0
706,18,False,686,1,686_circle4
707,10,False,686,1,686_circle2
708,29,False,686,2,686_circle0
709,17,False,686,1,686_circle0
710,8,False,686,1,686_circle3
711,20,False,686,1,686_circle9
712,13,False,686,1,686_circle2
713,71,False,686,2,686_circle4
714,14,False,686,1,686_circle2
715,10,False,686,1,686_circle3
716,12,False,686,1,686_circle0
717,4,False,686,1,686_circle0
718,30,False,686,1,686_circle0
719,64,False,686,2,686_circle0
720,18,False,686,1,686_circle0
721,5,False,686,1,686_circle6
722,14,False,686,1,686_circle1
723,12,False,686,1,686_circle9
724,47,False,686,1,686_circle4
725,8,False,686,1,686_circle2
726,36,False,686,1,686_circle4
727,26,False,686,1,686_circle9
728,38,False,686,1,686_circle0
729,13,False,686,2,686_circle3
730,15,False,686,1,686_circle0
731,26,False,686,1,686_circle4
732,14,False,686,1,686_circle2
733,8,False,686,1,686_circle1
734,23,False,686,1,686_circle9
735,5,False,686,1,686_circle3
736,14,False,686,1,686_circle1
737,16,False,686,1,686_circle0
738,25,False,686,1,686_circle9
739,29,False,686,1,686_circle0
740,8,False,686,1,686_circle8
741,17,False,686,1,686_circle0
742,12,False,686,1,686_circle1
743,3,False,686,1,686_circle1
744,2,False,686,1,686_circle7
745,57,False,686,2,686_circle0
746,9,False,686,1,686_circle1
747,57,False,686,2,686_circle0
748,19,False,686,1,686_circle0
749,2,False,686,1,686_circle7
750,2,False,686,1,686_circle8
751,12,False,686,1,686_circle9
752,38,False,686,1,686_circle4
753,13,False,686,2,686_circle3
754,30,False,686,1,686_circle0
755,19,False,686,1,686_circle0
756,10,False,686,1,686_circle9
757,4,False,686,1,686_circle1
758,20,False,686,1,686_circle0
759,10,False,686,1,686_circle0
760,30,False,686,1,686_circle4
761,8,False,686,1,686_circle3
762,13,False,686,1,686_circle3
763,14,False,686,1,686_circle0
764,28,False,686,1,686_circle0
765,14,False,686,1,686_circle0
766,35,False,686,1,686_circle4
767,8,False,686,1,686_circle2
768,14,False,686,1,686_circle1
769,15,False,686,2,686_circle0
770,27,False,686,1,686_circle0
771,15,False,686,1,686_circle1
772,18,False,686,2,686_circle4
773,36,False,686,1,686_circle4
774,37,False,686,2,686_circle0
775,2,False,686,1,686_circle0
776,9,False,686,2,686_circle2
777,18,False,686,1,686_circle4
778,16,False,686,1,686_circle4
779,18,False,686,1,686_circle0
780,34,False,686,1,686_circle0
781,52,False,686,1,686_circle0
782,13,False,686,1,686_circle0
783,18,False,686,1,686_circle0
784,40,False,686,1,686_circle9
785,3,False,686,1,686_circle7
786,9,False,686,1,686_circle1
787,29,False,686,1,686_circle0
788,4,False,686,1,686_circle2
789,13,False,686,1,686_circle1
790,4,False,686,1,686_circle0
791,7,False,686,1,686_circle2
792,23,False,686,1,686_circle0
793,20,False,686,1,686_circle0
794,14,False,686,1,686_circle9
795,18,False,686,1,686_circle9
796,7,False,686,1,686_circle2
797,26,False,686,1,686_circle0
798,7,False,686,2,686_circle0
799,12,False,686,1,686_circle9
800,37,False,686,2,686_circle4
801,1,False,686,1,686_circle7
802,5,False,686,1,686_circle2
803,20,False,686,2,686_circle0
804,16,False,686,2,686_circle0
805,66,False,686,2,686_circle0
806,15,False,686,1,686_circle1
807,20,False,686,1,686_circle0
808,9,False,686,1,686_circle0
809,18,False,686,1,686_circle0
810,32,False,686,2,686_circle2
811,9,False,686,2,686_circle3
812,8,False,686,1,686_circle0
813,10,False,686,1,686_circle1
814,26,False,686,1,686_circle0
815,39,False,686,1,686_circle0
816,9,False,686,1,686_circle1
817,24,False,686,1,686_circle0
818,16,False,686,1,686_circle2
819,37,False,686,2,686_circle0
820,38,False,686,1,686_circle0
821,9,False,686,1,686_circle4
822,15,False,686,1,686_circle2
823,56,False,686,2,686_circle0
824,58,False,686,1,686_circle0
825,6,False,686,2,686_circle3
826,11,False,686,1,686_circle9
827,45,False,686,1,686_circle0
828,79,False,686,2,686_circle0
829,34,False,686,1,686_circle9
830,55,False,686,2,686_circle0
831,15,False,686,1,686_circle0
832,4,False,686,1,686_circle0
833,15,False,686,1,686_circle1
834,43,False,686,1,686_circle4
835,20,False,686,1,686_circle0
836,12,False,686,1,686_circle0
837,13,False,686,1,686_circle0
838,22,False,686,1,686_circle0
839,15,False,686,1,686_circle2
840,27,False,686,2,686_circle0
841,2,False,686,1,686_circle0
842,37,False,686,1,686_circle9
843,13,False,686,1,686_circle0
844,14,False,686,1,686_circle4
845,23,False,686,1,686_circle4
846,6,False,686,1,686_circle7
847,27,False,686,1,686_circle4
848,21,False,686,1,686_circle9
849,30,False,686,1,686_circle0
850,10,False,686,1,686_circle1
851,4,False,686,1,686_circle5
852,4,False,686,1,686_circle0
853,44,False,686,1,686_circle4
854,3,False,686,1,686_circle1
855,4,False,686,1,686_circle10
856,39,False,686,2,686_circle0
857,12,False,3437,2,sin_circulo
858,5,False,698,1,698_circle5
859,2,False,698,1,sin_circulo
860,2,False,1684,2,1684_circle1
861,10,False,698,1,sin_circulo
862,24,False,3437,2,sin_circulo
863,11,False,698,1,698_circle1
864,5,False,698,1,698_circle1
865,4,False,698,1,698_circle10
866,5,False,698,1,698_circle5
867,8,False,698,1,698_circle8
868,4,False,698,1,698_circle10
869,7,False,698,1,sin_circulo
870,7,False,698,1,698_circle5
871,7,False,698,1,698_circle5
872,7,False,698,1,698_circle8
873,6,False,698,1,698_circle8
874,7,False,698,1,698_circle8
875,1,False,698,1,698_circle1
876,11,False,698,1,698_circle1
877,4,False,698,1,698_circle8
878,10,False,698,1,698_circle1
879,6,False,698,1,698_circle5
880,8,False,698,1,698_circle2
881,7,False,698,1,698_circle5
882,8,False,698,1,698_circle1
883,1,False,698,1,698_circle12
884,4,False,698,1,698_circle1
885,9,False,698,1,698_circle8
886,8,False,698,1,698_circle1
887,6,False,698,1,698_circle8
888,9,False,698,1,698_circle1
889,13,False,698,1,698_circle1
890,7,False,698,1,sin_circulo
891,1,False,698,1,sin_circulo
892,1,False,698,1,sin_circulo
893,4,False,698,1,698_circle1
894,4,False,698,1,sin_circulo
895,6,False,698,1,698_circle5
896,126,False,107,1,sin_circulo
897,66,False,107,1,sin_circulo
898,38,False,107,1,sin_circulo
899,3,False,107,1,107_circle7
900,13,False,107,1,sin_circulo
901,34,False,107,1,107_circle8
902,46,False,107,1,sin_circulo
903,34,False,107,1,107_circle8
904,3,False,107,1,sin_circulo
905,17,False,107,1,sin_circulo
906,78,False,107,1,107_circle6
907,13,False,107,1,sin_circulo
908,32,False,107,1,107_circle6
909,12,False,107,1,sin_circulo
910,5,False,107,1,107_circle8
911,1,False,107,1,sin_circulo
912,9,False,107,1,107_circle7
913,44,False,107,1,107_circle2
914,16,False,107,1,107_circle3
915,35,False,107,1,107_circle3
916,147,False,107,1,107_circle6
917,130,False,107,1,sin_circulo
918,1,False,107,1,sin_circulo
919,29,False,107,1,sin_circulo
920,13,False,107,1,107_circle6
921,106,False,107,1,107_circle6
922,30,False,107,1,107_circle6
923,8,False,107,1,107_circle6
924,45,False,107,1,sin_circulo
925,167,False,107,1,107_circle6
926,21,False,107,1,107_circle6
927,75,False,107,1,107_circle6
928,9,False,107,1,sin_circulo
929,5,False,107,1,107_circle6
930,52,False,107,1,sin_circulo
931,15,False,107,1,sin_circulo
932,63,False,107,1,sin_circulo
933,25,False,107,1,sin_circulo
934,82,False,107,1,107_circle6
935,7,False,107,1,sin_circulo
936,37,False,107,1,sin_circulo
937,7,False,107,1,sin_circulo
938,29,False,107,1,107_circle8
939,17,False,107,1,sin_circulo
940,17,False,107,1,sin_circulo
941,54,False,107,1,sin_circulo
942,65,False,107,1,sin_circulo
943,12,False,107,1,sin_circulo
944,37,False,107,1,sin_circulo
945,4,False,107,1,sin_circulo
946,166,False,107,1,107_circle6
947,115,False,107,1,107_circle6
948,38,False,107,1,sin_circulo
949,23,False,107,1,sin_circulo
950,10,False,107,1,107_circle1
951,20,False,107,1,107_circle6
952,84,False,107,1,107_circle6
953,109,False,107,1,sin_circulo
954,55,False,107,1,sin_circulo
955,10,False,107,1,107_circle0
956,10,False,107,1,sin_circulo
957,65,False,107,1,sin_circulo
958,24,False,107,1,107_circle8
959,46,False,107,1,sin_circulo
960,103,False,107,1,sin_circulo
961,13,False,107,1,107_circle6
962,27,False,107,1,sin_circulo
963,33,False,107,1,107_circle8
964,26,False,107,1,sin_circulo
965,16,False,107,1,sin_circulo
966,115,False,107,1,107_circle6
967,107,False,107,1,107_circle6
968,40,False,107,1,107_circle7
969,32,False,107,1,sin_circulo
970,15,False,107,1,sin_circulo
971,34,False,107,1,107_circle5
972,21,False,107,1,sin_circulo
973,18,False,107,1,sin_circulo
974,11,False,107,1,sin_circulo
975,54,False,107,1,sin_circulo
976,24,False,107,1,107_circle3
977,26,False,107,1,sin_circulo
978,104,False,107,1,107_circle6
979,10,False,107,1,107_circle4
980,128,False,107,1,107_circle6
981,47,False,107,1,sin_circulo
982,68,False,107,1,107_circle6
983,62,False,107,1,107_circle6
984,42,False,107,1,sin_circulo
985,7,False,107,1,sin_circulo
986,11,False,107,1,sin_circulo
987,6,False,107,1,107_circle2
988,41,False,107,1,sin_circulo
989,35,False,107,1,sin_circulo
990,29,False,107,2,107_circle6
991,19,False,107,1,107_circle6
992,31,False,107,1,107_circle8
993,154,False,107,1,sin_circulo
994,27,False,107,1,sin_circulo
995,66,False,107,1,sin_circulo
996,4,False,107,1,107_circle6
997,96,False,107,1,sin_circulo
998,9,False,107,1,sin_circulo
999,77,False,107,1,sin_circulo
1000,16,False,107,1,sin_circulo
1001,39,False,107,1,107_circle7
1002,4,False,107,1,sin_circulo
1003,95,False,107,1,107_circle6
1004,120,False,107,1,sin_circulo
1005,14,False,107,1,sin_circulo
1006,142,False,107,1,107_circle6
1007,16,False,107,1,sin_circulo
1008,8,False,107,1,107_circle6
1009,57,False,107,1,sin_circulo
1010,36,False,107,1,sin_circulo
1011,32,False,107,1,sin_circulo
1012,32,False,107,1,107_circle7
1013,12,False,107,1,107_circle1
1014,99,False,107,1,sin_circulo
1015,36,False,107,1,107_circle5
1016,9,False,107,1,107_circle4
1017,149,False,107,1,107_circle6
1018,51,False,107,1,107_circle5
1019,58,False,107,1,sin_circulo
1020,58,False,107,1,sin_circulo
1021,61,False,107,1,sin_circulo
1022,4,False,107,1,sin_circulo
1023,9,False,107,1,sin_circulo
1024,85,False,107,1,sin_circulo
1025,29,False,107,1,107_circle3
1026,80,False,107,1,107_circle6
1027,3,False,107,1,sin_circulo
1028,67,False,107,1,107_circle6
1029,79,False,107,1,107_circle6
1030,11,False,107,1,107_circle0
1031,4,False,107,1,107_circle1
1032,79,False,107,1,sin_circulo
1033,17,False,107,1,sin_circulo
1034,3,False,107,1,107_circle6
1035,26,False,107,1,107_circle2
1036,58,False,107,1,107_circle5
1037,37,False,107,1,sin_circulo
1038,5,False,107,1,107_circle7
1039,27,False,107,1,107_circle6
1040,67,False,107,1,sin_circulo
1041,48,False,107,1,sin_circulo
1042,15,False,107,1,sin_circulo
1043,12,False,107,1,107_circle0
1044,28,False,107,1,sin_circulo
1045,12,False,107,1,107_circle0
1046,3,False,107,1,sin_circulo
1047,65,False,107,1,sin_circulo
1048,106,False,107,1,107_circle6
1049,82,False,107,1,107_circle6
1050,11,False,107,1,107_circle6
1051,46,False,107,1,sin_circulo
1052,63,False,107,1,107_circle2
1053,8,False,107,1,107_circle4
1054,54,False,107,1,107_circle6
1055,14,False,107,1,107_circle6
1056,65,False,107,1,107_circle6
1057,5,False,107,1,107_circle4
1058,7,False,107,1,107_circle6
1059,165,False,107,1,107_circle6
1060,51,False,107,1,107_circle5
1061,10,False,107,1,sin_circulo
1062,22,False,107,1,107_circle7
1063,22,False,107,1,sin_circulo
1064,27,False,107,1,sin_circulo
1065,2,False,107,1,sin_circulo
1066,68,False,107,1,sin_circulo
1067,76,False,107,1,sin_circulo
1068,49,False,107,1,107_circle6
1069,21,False,107,1,107_circle6
1070,78,False,107,1,sin_circulo
1071,3,False,107,1,sin_circulo
1072,26,False,107,1,sin_circulo
1073,10,False,107,1,107_circle6
1074,63,False,107,1,107_circle6
1075,80,False,107,1,107_circle6
1076,142,False,107,1,107_circle6
1077,15,False,107,1,107_circle6
1078,183,False,107,1,sin_circulo
1079,123,False,107,1,107_circle6
1080,60,False,107,1,107_circle3
1081,30,False,107,1,sin_circulo
1082,57,False,107,1,sin_circulo
1083,106,False,107,1,sin_circulo
1084,15,False,107,1,107_circle6
1085,66,False,107,2,107_circle6
1086,205,False,107,1,107_circle6
1087,7,False,107,1,107_circle1
1088,14,False,107,1,107_circle6
1089,14,False,107,1,107_circle6
1090,13,False,107,1,sin_circulo
1091,20,False,107,1,sin_circulo
1092,50,False,107,1,107_circle6
1093,9,False,107,1,sin_circulo
1094,11,False,107,1,sin_circulo
1095,24,False,107,1,sin_circulo
1096,1,False,107,1,sin_circulo
1097,36,False,107,1,107_circle8
1098,23,False,107,1,107_circle6
1099,56,False,107,1,107_circle5
1100,64,False,107,1,sin_circulo
1101,123,False,107,1,107_circle6
1102,51,False,107,1,sin_circulo
1103,8,False,107,1,sin_circulo
1104,109,False,107,1,sin_circulo
1105,4,False,107,1,sin_circulo
1106,27,False,107,1,sin_circulo
1107,141,False,107,1,107_circle6
1108,43,False,107,1,sin_circulo
1109,38,False,107,1,sin_circulo
1110,70,False,107,1,107_circle6
1111,9,False,107,1,107_circle0
1112,54,False,107,1,107_circle6
1113,47,False,107,1,107_circle3
1114,38,False,107,1,107_circle3
1115,36,False,107,1,107_circle5
1116,29,False,107,1,107_circle6
1117,122,False,107,1,sin_circulo
1118,35,False,107,1,107_circle8
1119,1,False,107,1,sin_circulo
1120,51,False,107,1,107_circle5
1121,24,False,107,1,sin_circulo
1122,49,False,107,1,sin_circulo
1123,71,False,107,1,107_circle6
1124,130,False,107,1,107_circle6
1125,117,False,107,1,sin_circulo
1126,198,False,107,1,107_circle6
1127,21,False,107,1,sin_circulo
1128,98,False,107,1,107_circle6
1129,60,False,107,1,sin_circulo
1130,66,False,107,1,sin_circulo
1131,32,False,107,1,sin_circulo
1132,142,False,107,1,107_circle6
1133,6,False,107,1,107_circle7
1134,11,False,107,1,sin_circulo
1135,68,False,107,1,107_circle6
1136,33,False,107,1,sin_circulo
1137,29,False,107,1,107_circle8
1138,14,False,107,1,107_circle4
1139,24,False,107,1,sin_circulo
1140,9,False,107,1,107_circle6
1141,18,False,107,1,sin_circulo
1142,33,False,107,1,107_circle3
1143,14,False,107,1,107_circle5
1144,21,False,107,1,107_circle1
1145,1,False,107,1,107_circle6
1146,147,False,107,1,107_circle6
1147,5,False,107,1,sin_circulo
1148,65,False,107,1,sin_circulo
1149,102,False,107,1,107_circle6
1150,14,False,107,1,sin_circulo
1151,6,False,107,1,107_circle6
1152,17,False,107,1,sin_circulo
1153,139,False,107,1,sin_circulo
1154,9,False,107,1,sin_circulo
1155,45,False,107,1,107_circle3
1156,99,False,107,1,sin_circulo
1157,5,False,107,1,sin_circulo
1158,66,False,107,1,107_circle5
1159,61,False,107,1,sin_circulo
1160,88,False,107,1,sin_circulo
1161,19,False,107,1,107_circle6
1162,8,False,107,1,sin_circulo
1163,100,False,107,1,sin_circulo
1164,27,False,107,1,sin_circulo
1165,26,False,107,1,107_circle6
1166,57,False,107,1,sin_circulo
1167,28,False,107,1,sin_circulo
1168,6,False,107,1,sin_circulo
1169,19,False,107,1,sin_circulo
1170,36,False,107,1,sin_circulo
1171,24,False,107,2,sin_circulo
1172,113,False,107,1,107_circle6
1173,115,False,107,1,sin_circulo
1174,18,False,107,1,107_circle1
1175,132,False,107,1,sin_circulo
1176,2,False,107,1,sin_circulo
1177,15,False,107,1,107_circle4
1178,13,False,107,1,107_circle6
1179,45,False,107,1,107_circle3
1180,45,False,107,1,sin_circulo
1181,89,False,107,1,107_circle6
1182,66,False,107,1,107_circle6
1183,34,False,107,1,107_circle2
1184,158,False,107,1,107_circle6
1185,156,False,107,1,sin_circulo
1186,17,False,107,1,107_circle8
1187,20,False,107,1,sin_circulo
1188,32,False,107,1,sin_circulo
1189,38,False,107,1,sin_circulo
1190,39,False,107,1,sin_circulo
1191,110,False,107,1,107_circle6
1192,97,False,107,1,sin_circulo
1193,9,False,107,1,107_circle6
1194,4,False,107,1,sin_circulo
1195,49,False,107,1,107_circle6
1196,26,False,107,1,sin_circulo
1197,15,False,107,1,107_circle0
1198,83,False,107,1,107_circle6
1199,217,False,107,1,sin_circulo
1200,4,False,107,1,sin_circulo
1201,58,False,107,1,107_circle6
1202,9,False,107,1,sin_circulo
1203,8,False,107,1,sin_circulo
1204,107,False,107,1,sin_circulo
1205,102,False,107,1,sin_circulo
1206,1,False,107,1,sin_circulo
1207,72,False,107,1,sin_circulo
1208,3,False,107,1,sin_circulo
1209,76,False,107,1,107_circle6
1210,40,False,107,1,sin_circulo
1211,173,False,107,1,107_circle6
1212,26,False,107,1,sin_circulo
1213,20,False,107,1,sin_circulo
1214,114,False,107,1,107_circle6
1215,43,False,107,1,107_circle5
1216,36,False,107,1,107_circle8
1217,47,False,107,1,sin_circulo
1218,11,False,107,1,sin_circulo
1219,54,False,107,1,107_circle6
1220,9,False,107,1,sin_circulo
1221,71,False,107,1,sin_circulo
1222,142,False,107,1,sin_circulo
1223,22,False,107,1,107_circle3
1224,2,False,107,1,sin_circulo
1225,30,False,107,1,sin_circulo
1226,35,False,107,1,sin_circulo
1227,84,False,107,1,107_circle5
1228,23,False,107,1,sin_circulo
1229,47,False,107,1,sin_circulo
1230,125,False,107,1,sin_circulo
1231,74,False,107,1,107_circle5
1232,29,False,107,1,107_circle8
1233,2,False,107,1,sin_circulo
1234,15,False,107,1,sin_circulo
1235,107,False,107,1,sin_circulo
1236,43,False,107,1,sin_circulo
1237,60,False,107,1,107_circle3
1238,152,False,107,1,107_circle6
1239,9,False,107,1,sin_circulo
1240,7,False,107,1,sin_circulo
1241,20,False,107,1,sin_circulo
1242,93,False,107,1,107_circle6
1243,112,False,107,1,107_circle6
1244,12,False,107,1,sin_circulo
1245,40,False,107,1,sin_circulo
1246,35,False,107,1,sin_circulo
1247,24,False,107,1,sin_circulo
1248,8,False,107,1,sin_circulo
1249,15,False,107,1,sin_circulo
1250,137,False,107,1,107_circle6
1251,12,False,107,1,107_circle1
1252,3,False,107,1,107_circle0
1253,3,False,107,1,sin_circulo
1254,6,False,107,1,107_circle0
1255,124,False,107,1,sin_circulo
1256,135,False,107,1,sin_circulo
1257,55,False,107,1,107_circle5
1258,42,False,107,1,sin_circulo
1259,47,False,107,1,sin_circulo
1260,38,False,107,1,sin_circulo
1261,68,False,107,1,107_circle5
1262,2,False,107,1,107_circle7
1263,6,False,107,1,107_circle2
1264,5,False,107,1,sin_circulo
1265,31,False,107,1,107_circle6
1266,13,False,107,1,sin_circulo
1267,120,False,107,1,107_circle6
1268,11,False,107,1,sin_circulo
1269,126,False,107,1,107_circle6
1270,2,False,107,1,sin_circulo
1271,96,False,107,1,107_circle6
1272,84,False,107,1,107_circle6
1273,64,False,107,1,sin_circulo
1274,25,False,107,1,sin_circulo
1275,57,False,107,1,sin_circulo
1276,2,False,107,1,sin_circulo
1277,124,False,107,1,sin_circulo
1278,36,False,107,1,107_circle6
1279,44,False,107,1,sin_circulo
1280,76,False,107,1,sin_circulo
1281,41,False,107,1,sin_circulo
1282,68,False,107,1,sin_circulo
1283,32,False,107,1,107_circle6
1284,60,False,107,1,sin_circulo
1285,55,False,107,1,sin_circulo
1286,23,False,107,1,sin_circulo
1287,66,False,107,1,sin_circulo
1288,92,False,107,1,107_circle6
1289,85,False,107,1,sin_circulo
1290,87,False,107,1,107_circle6
1291,113,False,107,1,107_circle6
1292,55,False,107,1,sin_circulo
1293,48,False,107,1,107_circle6
1294,22,False,107,1,sin_circulo
1295,5,False,107,1,sin_circulo
1296,25,False,107,1,sin_circulo
1297,6,False,107,1,sin_circulo
1298,71,False,107,1,sin_circulo
1299,31,False,107,1,sin_circulo
1300,31,False,107,1,sin_circulo
1301,6,False,107,1,107_circle6
1302,107,False,107,1,sin_circulo
1303,48,False,107,1,sin_circulo
1304,38,False,107,1,sin_circulo
1305,104,False,107,1,107_circle6
1306,26,False,107,1,sin_circulo
1307,31,False,107,1,sin_circulo
1308,20,False,107,1,sin_circulo
1309,43,False,107,1,sin_circulo
1310,27,False,107,1,sin_circulo
1311,24,False,107,1,sin_circulo
1312,80,False,107,1,107_circle6
1313,34,False,107,1,sin_circulo
1314,26,False,107,1,107_circle8
1315,44,False,107,1,sin_circulo
1316,32,False,107,1,sin_circulo
1317,21,False,107,1,107_circle6
1318,41,False,107,1,sin_circulo
1319,27,False,107,1,107_circle8
1320,64,False,107,1,107_circle3
1321,25,False,107,1,107_circle6
1322,90,False,107,1,sin_circulo
1323,77,False,107,1,sin_circulo
1324,40,False,107,1,sin_circulo
1325,18,False,107,1,sin_circulo
1326,2,False,107,1,sin_circulo
1327,49,False,107,1,107_circle6
1328,20,False,107,1,107_circle6
1329,136,False,107,1,107_circle6
1330,122,False,107,1,107_circle6
1331,146,False,107,1,sin_circulo
1332,42,False,107,1,107_circle3
1333,33,False,107,1,107_circle8
1334,100,False,107,1,107_circle6
1335,128,False,107,1,sin_circulo
1336,55,False,107,1,sin_circulo
1337,36,False,107,1,107_circle7
1338,68,False,107,1,sin_circulo
1339,100,False,107,1,107_circle6
1340,63,False,107,1,sin_circulo
1341,123,False,107,1,sin_circulo
1342,10,False,107,1,sin_circulo
1343,37,False,107,1,sin_circulo
1344,91,False,107,1,107_circle6
1345,97,False,107,1,sin_circulo
1346,5,False,107,1,sin_circulo
1347,74,False,107,1,sin_circulo
1348,37,False,107,1,sin_circulo
1349,42,False,107,1,sin_circulo
1350,33,False,107,1,sin_circulo
1351,67,False,107,1,107_circle6
1352,234,False,107,1,107_circle6
1353,3,False,107,1,sin_circulo
1354,5,False,107,1,sin_circulo
1355,37,False,107,1,sin_circulo
1356,20,False,107,1,sin_circulo
1357,31,False,107,1,sin_circulo
1358,77,False,107,1,sin_circulo
1359,84,False,107,1,sin_circulo
1360,37,False,107,1,107_circle6
1361,137,False,107,1,107_circle6
1362,3,False,107,1,sin_circulo
1363,21,False,107,1,107_circle8
1364,12,False,107,1,sin_circulo
1365,42,False,107,1,107_circle6
1366,66,False,107,1,sin_circulo
1367,166,False,107,1,107_circle6
1368,10,False,107,1,107_circle0
1369,53,False,107,1,107_circle6
1370,112,False,107,1,sin_circulo
1371,37,False,107,1,107_circle8
1372,7,False,107,1,sin_circulo
1373,73,False,107,1,sin_circulo
1374,42,False,107,1,sin_circulo
1375,74,False,107,1,107_circle6
1376,182,False,107,1,107_circle6
1377,190,False,107,1,107_circle6
1378,32,False,107,1,107_circle8
1379,51,False,107,1,107_circle5
1380,85,False,107,1,107_circle6
1381,27,False,107,1,107_circle5
1382,41,False,107,1,sin_circulo
1383,4,False,107,1,sin_circulo
1384,12,False,107,1,107_circle0
1385,15,False,107,1,107_circle1
1386,1,False,107,1,sin_circulo
1387,9,False,107,1,107_circle3
1388,84,False,107,1,sin_circulo
1389,46,False,107,1,sin_circulo
1390,193,False,107,1,107_circle6
1391,175,False,107,1,107_circle6
1392,37,False,107,1,sin_circulo
1393,53,False,107,1,sin_circulo
1394,2,False,107,1,sin_circulo
1395,2,False,107,1,107_circle7
1396,54,False,107,1,sin_circulo
1397,16,False,107,1,sin_circulo
1398,44,False,107,1,107_circle6
1399,178,False,107,1,sin_circulo
1400,22,False,107,1,sin_circulo
1401,12,False,107,1,sin_circulo
1402,74,False,107,1,107_circle6
1403,9,False,107,1,107_circle4
1404,50,False,107,1,sin_circulo
1405,50,False,107,2,107_circle6
1406,31,False,107,1,sin_circulo
1407,37,False,107,1,sin_circulo
1408,34,False,107,1,107_circle3
1409,106,False,107,1,sin_circulo
1410,21,False,107,1,107_circle1
1411,10,False,107,1,107_circle6
1412,22,False,107,1,sin_circulo
1413,60,False,107,1,107_circle5
1414,8,False,107,1,sin_circulo
1415,30,False,107,1,sin_circulo
1416,111,False,107,1,107_circle6
1417,5,False,107,1,sin_circulo
1418,21,False,107,1,107_circle5
1419,24,False,107,2,sin_circulo
1420,148,False,107,1,107_circle6
1421,24,False,107,1,107_circle1
1422,14,False,107,1,107_circle6
1423,61,False,107,1,107_circle5
1424,19,False,107,1,107_circle8
1425,34,False,107,1,sin_circulo
1426,64,False,107,1,sin_circulo
1427,66,False,107,1,sin_circulo
1428,29,False,107,1,sin_circulo
1429,38,False,107,1,107_circle2
1430,2,False,107,1,sin_circulo
1431,220,False,107,1,107_circle6
1432,55,False,107,1,sin_circulo
1433,23,False,107,1,sin_circulo
1434,15,False,107,1,sin_circulo
1435,56,False,107,1,107_circle6
1436,30,False,107,1,107_circle5
1437,56,False,107,1,sin_circulo
1438,34,False,107,1,sin_circulo
1439,21,False,107,1,107_circle7
1440,28,False,107,1,sin_circulo
1441,16,False,107,1,107_circle6
1442,5,False,107,1,107_circle7
1443,9,False,107,1,sin_circulo
1444,32,False,107,1,107_circle2
1445,9,False,107,1,107_circle6
1446,36,False,107,1,sin_circulo
1447,142,False,107,1,107_circle6
1448,52,False,107,1,107_circle5
1449,90,False,107,1,107_circle6
1450,23,False,107,2,107_circle6
1451,31,False,107,1,sin_circulo
1452,34,False,107,1,107_circle8
1453,28,False,107,1,sin_circulo
1454,52,False,107,1,sin_circulo
1455,5,False,107,1,sin_circulo
1456,132,False,107,1,sin_circulo
1457,62,False,107,1,sin_circulo
1458,33,False,107,1,107_circle6
1459,102,False,107,1,sin_circulo
1460,46,False,107,1,107_circle6
1461,8,False,107,1,sin_circulo
1462,84,False,107,1,sin_circulo
1463,10,False,107,1,sin_circulo
1464,26,False,107,1,sin_circulo
1465,108,False,107,2,sin_circulo
1466,1,False,107,1,sin_circulo
1467,124,False,107,1,107_circle6
1468,31,False,107,1,107_circle8
1469,57,False,107,1,107_circle2
1470,71,False,107,1,107_circle6
1471,169,False,107,1,107_circle6
1472,90,False,107,1,sin_circulo
1473,54,False,107,1,sin_circulo
1474,4,False,107,1,sin_circulo
1475,72,False,107,1,sin_circulo
1476,5,False,107,1,sin_circulo
1477,9,False,107,1,107_circle6
1478,17,False,107,1,sin_circulo
1479,84,False,107,1,sin_circulo
1480,93,False,107,1,107_circle6
1481,17,False,107,1,sin_circulo
1482,49,False,107,1,sin_circulo
1483,96,False,107,1,sin_circulo
1484,22,False,107,1,107_circle6
1485,47,False,107,1,107_circle6
1486,5,False,107,1,sin_circulo
1487,63,False,107,1,107_circle3
1488,135,False,107,1,sin_circulo
1489,22,False,107,1,sin_circulo
1490,9,False,107,1,sin_circulo
1491,125,False,107,1,107_circle6
1492,13,False,107,1,sin_circulo
1493,26,False,107,1,sin_circulo
1494,26,False,107,1,107_circle6
1495,67,False,107,1,sin_circulo
1496,48,False,107,1,sin_circulo
1497,29,False,107,1,sin_circulo
1498,6,False,107,1,sin_circulo
1499,12,False,107,1,sin_circulo
1500,29,False,107,1,sin_circulo
1501,18,False,107,1,sin_circulo
1502,70,False,107,1,sin_circulo
1503,28,False,107,1,sin_circulo
1504,58,False,107,1,107_circle2
1505,59,False,107,2,107_circle6
1506,8,False,107,1,sin_circulo
1507,37,False,107,1,sin_circulo
1508,33,False,107,1,sin_circulo
1509,131,False,107,1,107_circle6
1510,4,False,107,1,sin_circulo
1511,30,False,107,1,sin_circulo
1512,34,False,107,1,sin_circulo
1513,52,False,107,1,107_circle6
1514,35,False,107,1,sin_circulo
1515,69,False,107,1,107_circle5
1516,159,False,107,1,107_circle6
1517,36,False,107,1,107_circle6
1518,14,False,107,1,sin_circulo
1519,33,False,107,1,107_circle6
1520,117,False,107,1,107_circle6
1521,6,False,107,1,107_circle6
1522,156,False,107,1,107_circle6
1523,69,False,107,1,107_circle6
1524,41,False,107,1,107_circle6
1525,57,False,107,1,sin_circulo
1526,22,False,107,1,sin_circulo
1527,12,False,107,1,sin_circulo
1528,70,False,107,1,107_circle6
1529,42,False,107,1,sin_circulo
1530,105,False,107,1,sin_circulo
1531,22,False,107,1,107_circle2
1532,39,False,107,1,107_circle6
1533,35,False,107,1,107_circle8
1534,33,False,107,2,107_circle6
1535,64,False,107,1,107_circle6
1536,82,False,107,1,sin_circulo
1537,19,False,107,1,107_circle6
1538,72,False,107,1,sin_circulo
1539,79,False,107,1,107_circle6
1540,69,False,107,1,107_circle6
1541,33,False,107,1,sin_circulo
1542,55,False,107,1,107_circle2
1543,33,False,107,1,sin_circulo
1544,15,False,107,1,107_circle6
1545,43,False,107,1,sin_circulo
1546,3,False,107,1,sin_circulo
1547,122,False,107,1,107_circle6
1548,38,False,107,1,107_circle8
1549,49,False,107,1,107_circle1
1550,38,False,107,1,sin_circulo
1551,171,False,107,1,107_circle6
1552,7,False,107,1,sin_circulo
1553,37,False,107,1,107_circle6
1554,160,False,107,1,107_circle6
1555,35,False,107,1,107_circle1
1556,25,False,107,1,sin_circulo
1557,151,False,107,1,107_circle6
1558,2,False,107,1,107_circle6
1559,186,False,107,1,107_circle6
1560,1,False,107,1,sin_circulo
1561,25,False,107,1,107_circle6
1562,10,False,107,1,107_circle7
1563,112,False,107,1,107_circle6
1564,16,False,107,1,107_circle6
1565,44,False,107,1,sin_circulo
1566,20,False,107,1,sin_circulo
1567,33,False,107,1,sin_circulo
1568,29,False,107,1,107_circle8
1569,48,False,107,1,sin_circulo
1570,124,False,107,1,sin_circulo
1571,60,False,107,1,sin_circulo
1572,43,False,107,1,107_circle6
1573,89,False,107,1,sin_circulo
1574,67,False,107,1,107_circle3
1575,20,False,107,1,sin_circulo
1576,66,False,107,1,sin_circulo
1577,170,False,107,2,sin_circulo
1578,36,False,107,1,sin_circulo
1579,5,False,107,1,107_circle6
1580,83,False,107,1,107_circle6
1581,1,False,107,1,sin_circulo
1582,41,False,107,1,sin_circulo
1583,97,False,107,1,sin_circulo
1584,211,False,107,1,107_circle6
1585,20,False,107,1,107_circle6
1586,3,False,107,1,sin_circulo
1587,53,False,107,1,sin_circulo
1588,23,False,107,1,107_circle6
1589,205,False,107,1,107_circle6
1590,88,False,107,1,sin_circulo
1591,95,False,107,1,107_circle5
1592,25,False,107,1,sin_circulo
1593,32,False,107,1,107_circle6
1594,16,False,107,1,107_circle6
1595,39,False,107,1,sin_circulo
1596,77,False,107,1,sin_circulo
1597,112,False,107,1,107_circle6
1598,136,False,107,1,sin_circulo
1599,11,False,107,1,sin_circulo
1600,117,False,107,1,107_circle6
1601,32,False,107,1,107_circle8
1602,12,False,107,1,sin_circulo
1603,145,False,107,1,107_circle6
1604,148,False,107,1,sin_circulo
1605,90,False,107,1,sin_circulo
1606,31,False,107,1,sin_circulo
1607,5,False,107,1,107_circle4
1608,117,False,107,1,107_circle6
1609,92,False,107,1,sin_circulo
1610,179,False,107,1,107_circle6
1611,72,False,107,1,sin_circulo
1612,190,False,107,1,107_circle6
1613,182,False,107,1,107_circle6
1614,71,False,107,1,107_circle6
1615,24,False,107,1,sin_circulo
1616,50,False,107,1,107_circle3
1617,117,False,107,1,107_circle6
1618,24,False,107,1,107_circle7
1619,114,False,107,1,107_circle6
1620,128,False,107,1,107_circle6
1621,189,False,107,1,107_circle6
1622,177,False,107,1,107_circle6
1623,100,False,107,1,107_circle6
1624,35,False,107,1,sin_circulo
1625,25,False,107,1,sin_circulo
1626,37,False,107,1,107_circle6
1627,3,False,107,1,sin_circulo
1628,82,False,107,1,sin_circulo
1629,22,False,107,1,107_circle8
1630,67,False,107,1,sin_circulo
1631,9,False,107,1,sin_circulo
1632,79,False,107,1,sin_circulo
1633,23,False,107,1,sin_circulo
1634,38,False,107,1,sin_circulo
1635,34,False,107,1,107_circle5
1636,77,False,107,1,107_circle5
1637,99,False,107,1,107_circle6
1638,34,False,107,1,sin_circulo
1639,78,False,107,1,107_circle6
1640,8,False,107,1,sin_circulo
1641,14,False,107,1,107_circle6
1642,28,False,107,2,107_circle6
1643,100,False,107,1,107_circle6
1644,69,False,107,1,107_circle6
1645,56,False,107,1,sin_circulo
1646,18,False,107,1,sin_circulo
1647,50,False,107,1,sin_circulo
1648,25,False,107,1,sin_circulo
1649,35,False,107,1,sin_circulo
1650,21,False,107,1,sin_circulo
1651,4,False,107,1,sin_circulo
1652,81,False,107,1,107_circle6
1653,74,False,107,1,107_circle6
1654,7,False,107,1,sin_circulo
1655,56,False,107,1,sin_circulo
1656,34,False,107,2,sin_circulo
1657,5,False,107,1,107_circle7
1658,19,False,107,1,107_circle7
1659,82,False,107,1,107_circle6
1660,24,False,107,1,sin_circulo
1661,80,False,107,1,sin_circulo
1662,146,False,107,1,sin_circulo
1663,235,False,107,1,107_circle6
1664,6,False,107,1,107_circle4
1665,127,False,107,1,sin_circulo
1666,36,False,107,2,107_circle6
1667,27,False,107,1,sin_circulo
1668,122,False,107,1,107_circle6
1669,137,False,107,1,107_circle6
1670,11,False,107,1,sin_circulo
1671,32,False,107,1,sin_circulo
1672,25,False,107,1,sin_circulo
1673,40,False,107,1,sin_circulo
1674,25,False,107,1,sin_circulo
1675,117,False,107,1,107_circle6
1676,16,False,107,1,107_circle1
1677,36,False,107,1,sin_circulo
1678,18,False,107,1,107_circle6
1679,27,False,107,1,107_circle3
1680,61,False,107,1,sin_circulo
1681,25,False,107,1,sin_circulo
1682,38,False,107,1,107_circle5
1683,123,False,107,1,107_circle6
1684,792,True,1684,2,sin_circulo
1685,93,False,107,1,sin_circulo
1686,35,False,107,1,sin_circulo
1687,43,False,107,1,sin_circulo
1688,95,False,107,1,107_circle6
1689,124,False,107,1,107_circle6
1690,2,False,107,1,107_circle2
1691,60,False,107,1,107_circle5
1692,50,False,107,1,107_circle3
1693,3,False,107,1,sin_circulo
1694,34,False,107,1,sin_circulo
1695,30,False,107,1,sin_circulo
1696,12,False,107,1,sin_circulo
1697,8,False,107,1,107_circle6
1698,19,False,107,1,107_circle6
1699,42,False,107,1,107_circle2
1700,17,False,107,1,107_circle6
1701,7,False,107,1,107_circle6
1702,45,False,107,1,107_circle6
1703,70,False,107,1,sin_circulo
1704,25,False,107,1,sin_circulo
1705,27,False,107,1,sin_circulo
1706,42,False,107,1,sin_circulo
1707,185,False,107,1,sin_circulo
1708,10,False,107,1,107_circle6
1709,62,False,107,1,sin_circulo
1710,15,False,107,1,107_circle6
1711,5,False,107,1,sin_circulo
1712,105,False,107,1,sin_circulo
1713,4,False,107,1,sin_circulo
1714,187,False,107,1,107_circle6
1715,65,False,107,1,sin_circulo
1716,60,False,107,1,sin_circulo
1717,139,False,107,1,107_circle6
1718,155,False,107,2,sin_circulo
1719,19,False,107,1,107_circle6
1720,49,False,107,1,sin_circulo
1721,115,False,107,1,107_circle6
1722,56,False,107,1,107_circle6
1723,49,False,107,1,107_circle6
1724,59,False,107,1,107_circle6
1725,51,False,107,1,sin_circulo
1726,21,False,107,2,107_circle6
1727,32,False,107,1,107_circle2
1728,32,False,107,1,sin_circulo
1729,80,False,107,1,sin_circulo
1730,226,False,107,1,107_circle6
1731,8,False,107,1,sin_circulo
1732,48,False,107,1,sin_circulo
1733,38,False,107,1,107_circle8
1734,49,False,107,1,sin_circulo
1735,109,False,107,1,107_circle6
1736,156,False,107,1,107_circle6
1737,79,False,107,1,107_circle6
1738,26,False,107,1,107_circle2
1739,14,False,107,1,sin_circulo
1740,37,False,107,1,sin_circulo
1741,104,False,107,1,sin_circulo
1742,79,False,107,1,sin_circulo
1743,26,False,107,1,sin_circulo
1744,37,False,107,1,sin_circulo
1745,19,False,107,1,107_circle2
1746,202,False,107,1,107_circle6
1747,22,False,107,1,107_circle8
1748,13,False,107,1,sin_circulo
1749,13,False,107,1,sin_circulo
1750,126,False,107,1,107_circle6
1751,50,False,107,1,sin_circulo
1752,115,False,107,1,107_circle6
1753,82,False,107,1,107_circle6
1754,57,False,107,1,sin_circulo
1755,2,False,107,1,sin_circulo
1756,16,False,107,1,sin_circulo
1757,131,False,107,1,107_circle6
1758,27,False,107,2,107_circle6
1759,6,False,107,1,sin_circulo
1760,3,False,107,1,107_circle2
1761,121,False,107,1,107_circle6
1762,4,False,107,1,sin_circulo
1763,32,False,107,1,sin_circulo
1764,25,False,107,1,sin_circulo
1765,66,False,107,1,107_circle6
1766,40,False,107,1,107_circle3
1767,36,False,107,1,107_circle3
1768,209,False,107,1,sin_circulo
1769,25,False,107,1,107_circle6
1770,47,False,107,1,sin_circulo
1771,20,False,107,1,sin_circulo
1772,61,False,107,1,sin_circulo
1773,23,False,107,1,sin_circulo
1774,40,False,107,1,107_circle6
1775,8,False,107,1,sin_circulo
1776,5,False,107,1,sin_circulo
1777,5,False,107,1,sin_circulo
1778,38,False,107,1,sin_circulo
1779,22,False,107,1,107_circle6
1780,20,False,107,1,107_circle7
1781,26,False,107,1,sin_circulo
1782,67,False,107,1,sin_circulo
1783,121,False,107,1,sin_circulo
1784,17,False,107,1,107_circle8
1785,30,False,107,1,sin_circulo
1786,97,False,107,1,sin_circulo
1787,38,False,107,1,107_circle8
1788,10,False,107,1,sin_circulo
1789,103,False,107,1,107_circle6
1790,38,False,107,1,sin_circulo
1791,131,False,107,1,107_circle6
1792,6,False,107,1,107_circle6
1793,145,False,107,1,107_circle6
1794,57,False,107,1,sin_circulo
1795,89,False,107,1,107_circle6
1796,71,False,107,1,107_circle6
1797,5,False,107,1,sin_circulo
1798,34,False,107,1,107_circle8
1799,152,False,107,1,107_circle6
1800,245,False,107,1,107_circle6
1801,23,False,107,1,sin_circulo
1802,12,False,107,1,sin_circulo
1803,25,False,107,1,107_circle6
1804,195,False,107,1,sin_circulo
1805,22,False,107,1,107_circle6
1806,32,False,107,1,sin_circulo
1807,51,False,107,1,107_circle2
1808,14,False,107,1,107_circle5
1809,113,False,107,1,107_circle6
1810,102,False,107,1,sin_circulo
1811,63,False,107,1,107_circle6
1812,44,False,107,1,sin_circulo
1813,156,False,107,1,107_circle6
1814,10,False,107,1,107_circle7
1815,24,False,107,1,sin_circulo
1816,131,False,107,1,107_circle6
1817,15,False,107,1,107_circle6
1818,30,False,107,1,107_circle7
1819,88,False,107,1,107_circle6
1820,67,False,107,1,sin_circulo
1821,27,False,107,1,107_circle7
1822,12,False,107,1,sin_circulo
1823,127,False,107,1,107_circle6
1824,58,False,107,1,sin_circulo
1825,29,False,107,1,sin_circulo
1826,102,False,107,1,sin_circulo
1827,201,False,107,1,107_circle6
1828,56,False,107,1,107_circle5
1829,16,False,107,1,sin_circulo
1830,16,False,107,1,sin_circulo
1831,42,False,107,1,sin_circulo
1832,46,False,107,1,sin_circulo
1833,191,False,107,1,107_circle6
1834,1,False,107,1,sin_circulo
1835,182,False,107,1,107_circle6
1836,25,False,107,1,107_circle6
1837,38,False,107,1,107_circle8
1838,6,False,107,1,107_circle6
1839,165,False,107,1,sin_circulo
1840,10,False,107,1,sin_circulo
1841,49,False,107,1,sin_circulo
1842,119,False,107,1,107_circle6
1843,40,False,107,1,107_circle6
1844,70,False,107,1,sin_circulo
1845,101,False,107,1,107_circle6
1846,38,False,107,1,107_circle6
1847,26,False,107,1,sin_circulo
1848,36,False,107,1,107_circle5
1849,119,False,107,1,sin_circulo
1850,29,False,107,1,sin_circulo
1851,42,False,107,1,107_circle6
1852,22,False,107,1,107_circle6
1853,12,False,107,1,sin_circulo
1854,2,False,107,1,sin_circulo
1855,6,False,107,1,sin_circulo
1856,4,False,107,1,sin_circulo
1857,73,False,107,1,sin_circulo
1858,29,False,107,1,sin_circulo
1859,46,False,107,1,107_circle5
1860,17,False,107,1,sin_circulo
1861,99,False,107,1,107_circle6
1862,54,False,107,1,sin_circulo
1863,49,False,107,1,107_circle6
1864,107,False,107,1,sin_circulo
1865,8,False,107,1,107_circle6
1866,31,False,107,1,sin_circulo
1867,123,False,107,1,107_circle6
1868,121,False,107,1,sin_circulo
1869,15,False,107,1,sin_circulo
1870,23,False,107,1,sin_circulo
1871,82,False,107,1,sin_circulo
1872,50,False,107,1,107_circle5
1873,41,False,107,1,sin_circulo
1874,13,False,107,1,sin_circulo
1875,28,False,107,1,107_circle5
1876,56,False,107,1,sin_circulo
1877,64,False,107,1,107_circle6
1878,35,False,107,1,sin_circulo
1879,150,False,107,1,sin_circulo
1880,32,False,107,1,107_circle8
1881,53,False,107,1,107_circle3
1882,51,False,107,1,107_circle3
1883,18,False,107,1,107_circle6
1884,32,False,107,1,sin_circulo
1885,28,False,107,1,107_circle7
1886,105,False,107,1,107_circle6
1887,11,False,107,1,sin_circulo
1888,254,False,107,1,107_circle6
1889,15,False,107,1,sin_circulo
1890,6,False,107,1,sin_circulo
1891,71,False,107,1,107_circle5
1892,12,False,107,1,sin_circulo
1893,83,False,107,1,sin_circulo
1894,63,False,107,1,sin_circulo
1895,37,False,107,1,107_circle8
1896,9,False,107,1,107_circle4
1897,36,False,107,1,107_circle7
1898,101,False,107,1,sin_circulo
1899,79,False,107,1,107_circle5
1900,26,False,107,1,107_circle6
1901,14,False,107,1,sin_circulo
1902,130,False,107,1,107_circle6
1903,40,False,107,1,sin_circulo
1904,30,False,107,1,sin_circulo
1905,11,False,107,1,sin_circulo
1906,22,False,107,1,sin_circulo
1907,30,False,107,1,sin_circulo
1908,10,False,107,1,sin_circulo
1909,41,False,107,1,sin_circulo
1910,31,False,107,1,sin_circulo
1911,39,False,107,1,sin_circulo
1912,755,True,1912,1,sin_circulo
1913,19,False,1912,1,1912_circle36
1914,47,False,1912,1,1912_circle1
1915,11,False,1912,1,1912_circle15
1916,79,False,1912,1,sin_circulo
1917,190,False,1912,1,1912_circle20
1918,161,False,1912,1,1912_circle20
1919,55,False,1912,1,1912_circle1
1920,123,False,1912,1,1912_circle38
1921,40,False,1912,1,1912_circle1
1922,15,False,1912,1,1912_circle15
1923,56,False,1912,1,1912_circle6
1924,6,False,1912,1,sin_circulo
1925,125,False,1912,1,1912_circle20
1926,134,False,1912,1,1912_circle41
1927,55,False,1912,1,1912_circle1
1928,23,False,1912,1,1912_circle1
1929,151,False,1912,1,1912_circle20
1930,13,False,1912,1,1912_circle41
1931,39,False,1912,1,1912_circle1
1932,95,False,1912,1,1912_circle38
1933,11,False,1912,1,1912_circle41
1934,12,False,1912,1,1912_circle41
1935,50,False,1912,1,1912_circle1
1936,22,False,1912,1,1912_circle41
1937,4,False,1912,1,1912_circle41
1938,189,False,1912,1,1912_circle20
1939,79,False,1912,1,1912_circle21
1940,93,False,1912,1,sin_circulo
1941,223,False,1912,1,1912_circle0
1942,39,False,1912,1,1912_circle20
1943,192,False,1912,1,1912_circle20
1944,29,False,1912,1,1912_circle41
1945,146,False,1912,1,1912_circle38
1946,191,False,1912,1,1912_circle20
1947,120,False,1912,1,1912_circle6
1948,108,False,1912,1,1912_circle38
1949,8,False,1912,1,1912_circle15
1950,12,False,1912,1,1912_circle1
1951,64,False,1912,1,1912_circle1
1952,17,False,1912,1,1912_circle23
1953,123,False,1912,1,1912_circle20
1954,93,False,1912,1,1912_circle1
1955,92,False,1912,1,1912_circle38
1956,8,False,1912,1,1912_circle13
1957,39,False,1912,1,1912_circle31
1958,34,False,1912,1,1912_circle31
1959,120,False,1912,1,1912_circle5
1960,43,False,1912,1,1912_circle41
1961,7,False,1912,1,1912_circle34
1962,187,False,1912,1,1912_circle20
1963,86,False,1912,1,1912_circle20
1964,96,False,1912,1,1912_circle11
1965,20,False,1912,1,1912_circle41
1966,172,False,1912,1,1912_circle20
1967,2,False,1912,1,1912_circle21
1968,35,False,1912,1,1912_circle1
1969,4,False,1912,1,1912_circle20
1970,72,False,1912,1,1912_circle21
1971,176,False,1912,1,1912_circle20
1972,70,False,1912,1,1912_circle31
1973,65,False,1912,1,1912_circle31
1974,7,False,1912,1,1912_circle45
1975,36,False,1912,1,1912_circle41
1976,39,False,1912,1,1912_circle1
1977,9,False,1912,1,1912_circle36
1978,15,False,1912,1,1912_circle41
1979,176,False,1912,1,1912_circle20
1980,57,False,1912,1,1912_circle31
1981,55,False,1912,1,1912_circle21
1982,19,False,1912,1,sin_circulo
1983,199,False,1912,1,1912_circle20
1984,178,False,1912,1,1912_circle20
1985,224,False,1912,1,1912_circle10
1986,153,False,1912,1,1912_circle20
1987,36,False,1912,1,1912_circle29
1988,24,False,1912,1,1912_circle27
1989,87,False,1912,1,1912_circle20
1990,20,False,1912,1,1912_circle41
1991,49,False,1912,1,1912_circle1
1992,15,False,1912,1,1912_circle27
1993,203,False,1912,1,1912_circle20
1994,64,False,1912,1,1912_circle38
1995,63,False,1912,1,1912_circle1
1996,4,False,1912,1,1912_circle15
1997,135,False,1912,1,1912_circle20
1998,54,False,1912,1,1912_circle1
1999,34,False,1912,1,1912_circle1
2000,33,False,1912,1,1912_circle1
2001,60,False,1912,1,1912_circle1
2002,85,False,1912,1,1912_circle21
2003,48,False,1912,1,1912_circle21
2004,50,False,1912,1,1912_circle1
2005,155,False,1912,1,1912_circle20
2006,52,False,1912,1,1912_circle1
2007,171,False,1912,1,1912_circle20
2008,7,False,1912,1,1912_circle41
2009,45,False,1912,1,1912_circle1
2010,84,False,1912,1,1912_circle36
2011,40,False,1912,1,1912_circle1
2012,15,False,1912,1,1912_circle1
2013,9,False,1912,1,1912_circle41
2014,10,False,1912,1,1912_circle1
2015,5,False,1912,1,1912_circle1
2016,18,False,1912,1,1912_circle1
2017,7,False,1912,1,1912_circle15
2018,55,False,1912,1,1912_circle1
2019,19,False,1912,1,1912_circle20
2020,158,False,1912,1,1912_circle1
2021,31,False,1912,1,1912_circle20
2022,50,False,1912,1,1912_circle1
2023,25,False,1912,1,1912_circle15
2024,53,False,1912,1,1912_circle1
2025,30,False,1912,1,1912_circle1
2026,96,False,1912,1,1912_circle5
2027,44,False,1912,1,1912_circle1
2028,106,False,1912,1,1912_circle38
2029,34,False,1912,1,1912_circle41
2030,187,False,1912,1,1912_circle20
2031,53,False,1912,1,1912_circle11
2032,147,False,1912,1,1912_circle38
2033,173,False,1912,1,1912_circle20
2034,8,False,1912,1,1912_circle10
2035,30,False,1912,1,1912_circle41
2036,21,False,1912,1,1912_circle36
2037,173,False,1912,1,1912_circle20
2038,123,False,1912,1,1912_circle11
2039,112,False,1912,1,1912_circle38
2040,152,False,1912,1,1912_circle20
2041,8,False,1912,1,1912_circle15
2042,96,False,1912,1,1912_circle10
2043,174,False,1912,1,1912_circle20
2044,25,False,1912,1,sin_circulo
2045,176,False,1912,1,1912_circle20
2046,123,False,1912,1,1912_circle3
2047,205,False,1912,1,1912_circle0
2048,17,False,1912,1,1912_circle20
2049,37,False,1912,1,1912_circle41
2050,23,False,1912,1,sin_circulo
2051,9,False,1912,1,1912_circle36
2052,106,False,1912,1,1912_circle8
2053,115,False,1912,1,1912_circle21
2054,163,False,1912,1,1912_circle21
2055,73,False,1912,1,1912_circle20
2056,115,False,1912,1,1912_circle20
2057,42,False,1912,1,1912_circle29
2058,76,False,1912,1,sin_circulo
2059,193,False,1912,1,1912_circle3
2060,106,False,1912,1,1912_circle20
2061,48,False,1912,1,1912_circle31
2062,76,False,1912,1,1912_circle15
2063,141,False,1912,1,1912_circle20
2064,186,False,1912,1,1912_circle20
2065,26,False,1912,1,1912_circle36
2066,9,False,1912,1,1912_circle36
2067,33,False,1912,1,1912_circle20
2068,141,False,1912,1,1912_circle38
2069,168,False,1912,1,1912_circle20
2070,13,False,1912,1,1912_circle41
2071,123,False,1912,1,1912_circle38
2072,129,False,1912,1,1912_circle21
2073,195,False,1912,1,1912_circle20
2074,162,False,1912,1,1912_circle20
2075,48,False,1912,1,1912_circle21
2076,17,False,1912,1,1912_circle27
2077,126,False,1912,1,1912_circle20
2078,204,False,1912,1,1912_circle20
2079,1,False,1912,1,sin_circulo
2080,9,False,1912,1,1912_circle41
2081,172,False,1912,1,1912_circle17
2082,18,False,1912,1,1912_circle36
2083,147,False,1912,1,1912_circle20
2084,141,False,1912,1,1912_circle20
2085,30,False,1912,1,1912_circle41
2086,136,False,1912,1,1912_circle20
2087,156,False,1912,1,1912_circle38
2088,198,False,1912,1,1912_circle20
2089,23,False,1912,1,1912_circle41
2090,189,False,1912,1,1912_circle20
2091,34,False,1912,1,1912_circle41
2092,43,False,1912,1,1912_circle20
2093,177,False,1912,1,1912_circle20
2094,7,False,1912,1,1912_circle0
2095,154,False,1912,1,1912_circle20
2096,21,False,1912,1,1912_circle10
2097,38,False,1912,1,1912_circle1
2098,117,False,1912,1,1912_circle12
2099,16,False,1912,1,1912_circle8
2100,6,False,1912,1,1912_circle16
2101,71,False,1912,1,1912_circle21
2102,132,False,1912,1,1912_circle38
2103,184,False,1912,1,1912_circle20
2104,181,False,1912,1,1912_circle20
2105,11,False,1912,1,1912_circle41
2106,4,False,1912,1,1912_circle24
2107,37,False,1912,1,sin_circulo
2108,164,False,1912,1,1912_circle3
2109,135,False,1912,1,1912_circle20
2110,43,False,1912,1,1912_circle21
2111,184,False,1912,1,1912_circle10
2112,160,False,1912,1,1912_circle20
2113,10,False,1912,1,1912_circle16
2114,15,False,1912,1,1912_circle15
2115,136,False,1912,1,1912_circle20
2116,65,False,1912,1,1912_circle1
2117,142,False,1912,1,1912_circle38
2118,188,False,1912,1,1912_circle20
2119,15,False,1912,1,1912_circle41
2120,23,False,1912,1,1912_circle15
2121,158,False,1912,1,1912_circle20
2122,146,False,1912,1,1912_circle20
2123,203,False,1912,1,1912_circle20
2124,169,False,1912,1,1912_circle20
2125,121,False,1912,1,1912_circle7
2126,54,False,1912,1,1912_circle34
2127,112,False,1912,1,1912_circle38
2128,92,False,1912,1,1912_circle33
2129,38,False,1912,1,1912_circle36
2130,11,False,1912,1,1912_circle36
2131,198,False,1912,1,1912_circle20
2132,94,False,1912,1,1912_circle21
2133,159,False,1912,1,1912_circle11
2134,85,False,1912,1,1912_circle6
2135,88,False,1912,1,1912_circle38
2136,74,False,1912,1,1912_circle20
2137,49,False,1912,1,1912_circle12
2138,138,False,1912,1,1912_circle38
2139,178,False,1912,1,1912_circle20
2140,171,False,1912,1,1912_circle20
2141,24,False,1912,1,1912_circle41
2142,221,False,1912,1,1912_circle10
2143,102,False,1912,1,1912_circle1
2144,78,False,1912,1,1912_circle40
2145,43,False,1912,1,1912_circle41
2146,24,False,1912,1,1912_circle41
2147,41,False,1912,1,1912_circle20
2148,90,False,1912,1,1912_circle38
2149,128,False,1912,1,1912_circle35
2150,192,False,1912,1,1912_circle20
2151,86,False,1912,1,1912_circle38
2152,18,False,1912,1,1912_circle41
2153,139,False,1912,1,1912_circle5
2154,160,False,1912,1,1912_circle20
2155,41,False,1912,1,1912_circle41
2156,27,False,1912,1,1912_circle15
2157,39,False,1912,1,1912_circle1
2158,10,False,1912,1,1912_circle41
2159,48,False,1912,1,1912_circle1
2160,24,False,1912,1,1912_circle41
2161,82,False,1912,1,1912_circle21
2162,15,False,1912,1,1912_circle41
2163,31,False,1912,1,1912_circle7
2164,92,False,1912,1,1912_circle20
2165,128,False,1912,1,1912_circle20
2166,9,False,1912,1,sin_circulo
2167,5,False,1912,1,1912_circle34
2168,3,False,1912,1,1912_circle15
2169,109,False,1912,1,1912_circle36
2170,18,False,1912,1,1912_circle27
2171,66,False,1912,1,1912_circle1
2172,193,False,1912,1,1912_circle20
2173,30,False,1912,1,1912_circle41
2174,120,False,1912,1,1912_circle10
2175,8,False,1912,1,1912_circle41
2176,117,False,1912,1,1912_circle11
2177,11,False,1912,1,1912_circle21
2178,3,False,1912,1,1912_circle41
2179,94,False,1912,1,1912_circle20
2180,114,False,1912,1,sin_circulo
2181,17,False,1912,1,1912_circle41
2182,8,False,1912,1,1912_circle17
2183,134,False,1912,1,1912_circle0
2184,186,False,1912,1,1912_circle20
2185,17,False,1912,1,1912_circle4
2186,18,False,1912,1,1912_circle11
2187,148,False,1912,1,1912_circle38
2188,194,False,1912,1,1912_circle20
2189,113,False,1912,1,1912_circle20
2190,168,False,1912,1,1912_circle20
2191,88,False,1912,1,1912_circle5
2192,41,False,1912,1,1912_circle1
2193,14,False,1912,1,1912_circle41
2194,109,False,1912,1,1912_circle38
2195,1,False,1912,1,sin_circulo
2196,110,False,1912,1,1912_circle38
2197,22,False,1912,1,1912_circle41
2198,55,False,1912,1,sin_circulo
2199,175,False,1912,1,1912_circle21
2200,173,False,1912,1,1912_circle20
2201,190,False,1912,1,1912_circle20
2202,49,False,1912,1,sin_circulo
2203,100,False,1912,1,1912_circle38
2204,4,False,1912,1,1912_circle10
2205,14,False,1912,1,sin_circulo
2206,210,False,1912,1,1912_circle20
2207,22,False,1912,1,sin_circulo
2208,22,False,1912,1,1912_circle45
2209,36,False,1912,1,1912_circle11
2210,98,False,1912,1,1912_circle20
2211,54,False,1912,1,1912_circle11
2212,140,False,1912,1,1912_circle20
2213,103,False,1912,1,sin_circulo
2214,27,False,1912,1,1912_circle36
2215,58,False,1912,1,1912_circle29
2216,133,False,1912,1,1912_circle20
2217,13,False,1912,1,1912_circle4
2218,205,False,1912,1,1912_circle20
2219,5,False,1912,1,1912_circle4
2220,195,False,1912,1,1912_circle20
2221,41,False,1912,1,1912_circle15
2222,46,False,1912,1,1912_circle21
2223,116,False,1912,1,1912_circle38
2224,129,False,1912,1,1912_circle7
2225,42,False,1912,1,1912_circle31
2226,51,False,1912,1,sin_circulo
2227,7,False,1912,1,1912_circle36
2228,32,False,1912,1,1912_circle41
2229,207,False,1912,1,1912_circle20
2230,5,False,1912,1,1912_circle8
2231,36,False,1912,1,1912_circle15
2232,71,False,1912,1,1912_circle15
2233,222,False,1912,1,1912_circle20
2234,29,False,1912,1,1912_circle20
2235,70,False,1912,1,1912_circle21
2236,37,False,1912,1,1912_circle41
2237,124,False,1912,1,1912_circle20
2238,13,False,1912,1,1912_circle41
2239,44,False,1912,1,sin_circulo
2240,201,False,1912,1,1912_circle20
2241,119,False,1912,1,1912_circle10
2242,40,False,1912,1,1912_circle41
2243,59,False,1912,1,1912_circle15
2244,200,False,1912,1,1912_circle20
2245,7,False,1912,1,1912_circle34
2246,95,False,1912,1,1912_circle8
2247,122,False,1912,1,1912_circle8
2248,18,False,1912,1,1912_circle41
2249,19,False,1912,1,1912_circle36
2250,109,False,1912,1,1912_circle38
2251,9,False,1912,1,1912_circle36
2252,10,False,1912,1,1912_circle21
2253,157,False,1912,1,1912_circle20
2254,90,False,1912,1,1912_circle4
2255,10,False,1912,1,1912_circle27
2256,7,False,1912,1,1912_circle36
2257,155,False,1912,1,1912_circle20
2258,49,False,1912,1,1912_circle20
2259,55,False,1912,1,1912_circle27
2260,20,False,1912,1,1912_circle23
2261,129,False,1912,1,1912_circle20
2262,14,False,1912,1,1912_circle20
2263,7,False,1912,1,1912_circle36
2264,75,False,1912,1,sin_circulo
2265,11,False,1912,1,1912_circle36
2266,234,False,1912,1,1912_circle10
2267,83,False,1912,1,1912_circle20
2268,130,False,1912,1,1912_circle1
2269,1,False,1912,1,sin_circulo
2270,15,False,1912,1,1912_circle36
2271,180,False,1912,1,1912_circle20
2272,29,False,1912,1,1912_circle41
2273,91,False,1912,1,1912_circle38
2274,35,False,1912,1,1912_circle21
2275,185,False,1912,1,1912_circle20
2276,154,False,1912,1,1912_circle20
2277,16,False,1912,1,1912_circle41
2278,174,False,1912,1,1912_circle20
2279,129,False,1912,1,1912_circle38
2280,59,False,1912,1,1912_circle21
2281,9,False,1912,1,sin_circulo
2282,154,False,1912,1,1912_circle21
2283,161,False,1912,1,1912_circle8
2284,56,False,1912,1,1912_circle1
2285,55,False,1912,1,sin_circulo
2286,24,False,1912,1,1912_circle41
2287,68,False,1912,1,1912_circle20
2288,21,False,1912,1,1912_circle20
2289,160,False,1912,1,1912_circle38
2290,184,False,1912,1,1912_circle20
2291,17,False,1912,1,1912_circle36
2292,142,False,1912,1,1912_circle33
2293,54,False,1912,1,1912_circle20
2294,122,False,1912,1,1912_circle21
2295,23,False,1912,1,1912_circle7
2296,34,False,1912,1,1912_circle11
2297,38,False,1912,1,1912_circle1
2298,17,False,1912,1,1912_circle7
2299,155,False,1912,1,1912_circle20
2300,122,False,1912,1,1912_circle20
2301,10,False,1912,1,1912_circle21
2302,123,False,1912,1,1912_circle33
2303,29,False,1912,1,sin_circulo
2304,66,False,1912,1,1912_circle8
2305,16,False,1912,1,sin_circulo
2306,113,False,1912,1,1912_circle20
2307,141,False,1912,1,1912_circle20
2308,156,False,1912,1,1912_circle20
2309,199,False,1912,1,1912_circle20
2310,23,False,1912,1,1912_circle11
2311,51,False,1912,1,1912_circle20
2312,16,False,1912,1,1912_circle36
2313,85,False,1912,1,1912_circle41
2314,19,False,1912,1,1912_circle41
2315,73,False,1912,1,1912_circle38
2316,10,False,1912,1,1912_circle15
2317,36,False,1912,1,1912_circle41
2318,37,False,1912,1,1912_circle11
2319,122,False,1912,1,1912_circle38
2320,16,False,1912,1,1912_circle27
2321,7,False,1912,1,1912_circle23
2322,46,False,1912,1,1912_circle41
2323,183,False,1912,1,1912_circle20
2324,197,False,1912,1,1912_circle20
2325,79,False,1912,1,1912_circle11
2326,180,False,1912,1,1912_circle20
2327,125,False,1912,1,1912_circle21
2328,166,False,1912,1,1912_circle15
2329,124,False,1912,1,1912_circle20
2330,48,False,1912,1,sin_circulo
2331,190,False,1912,1,1912_circle41
2332,103,False,1912,1,1912_circle0
2333,160,False,1912,1,1912_circle21
2334,139,False,1912,1,1912_circle20
2335,34,False,1912,1,1912_circle41
2336,150,False,1912,1,1912_circle15
2337,35,False,1912,1,1912_circle1
2338,109,False,1912,1,1912_circle38
2339,182,False,1912,1,1912_circle20
2340,198,False,1912,1,1912_circle20
2341,26,False,1912,1,1912_circle1
2342,28,False,1912,1,1912_circle41
2343,79,False,1912,1,1912_circle38
2344,121,False,1912,1,1912_circle10
2345,52,False,1912,1,1912_circle36
2346,36,False,1912,1,1912_circle1
2347,291,False,1912,1,1912_circle20
2348,151,False,1912,1,1912_circle12
2349,18,False,1912,1,1912_circle27
2350,28,False,1912,1,1912_circle20
2351,110,False,1912,1,1912_circle38
2352,168,False,1912,1,1912_circle20
2353,86,False,1912,1,1912_circle20
2354,177,False,1912,1,1912_circle20
2355,30,False,1912,1,1912_circle36
2356,172,False,1912,1,1912_circle20
2357,13,False,1912,1,1912_circle41
2358,6,False,1912,1,1912_circle8
2359,147,False,1912,1,1912_circle20
2360,12,False,1912,1,1912_circle41
2361,45,False,1912,1,1912_circle41
2362,25,False,1912,1,1912_circle41
2363,167,False,1912,1,1912_circle20
2364,65,False,1912,1,1912_circle1
2365,55,False,1912,1,1912_circle31
2366,36,False,1912,1,1912_circle41
2367,50,False,1912,1,1912_circle38
2368,79,False,1912,1,sin_circulo
2369,197,False,1912,1,1912_circle3
2370,158,False,1912,1,1912_circle20
2371,36,False,1912,1,1912_circle36
2372,105,False,1912,1,1912_circle38
2373,12,False,1912,1,1912_circle41
2374,168,False,1912,1,1912_circle20
2375,6,False,1912,1,1912_circle4
2376,179,False,1912,1,1912_circle20
2377,94,False,1912,1,1912_circle21
2378,50,False,1912,1,1912_circle1
2379,36,False,1912,1,1912_circle41
2380,3,False,1912,1,sin_circulo
2381,176,False,1912,1,1912_circle20
2382,2,False,1912,1,1912_circle10
2383,24,False,1912,1,sin_circulo
2384,188,False,1912,1,1912_circle21
2385,57,False,1912,1,1912_circle29
2386,139,False,1912,1,1912_circle20
2387,50,False,1912,1,1912_circle20
2388,6,False,1912,1,1912_circle41
2389,28,False,1912,1,1912_circle36
2390,49,False,1912,1,1912_circle21
2391,72,False,1912,1,1912_circle20
2392,92,False,1912,1,1912_circle20
2393,32,False,1912,1,1912_circle20
2394,95,False,1912,1,1912_circle21
2395,179,False,1912,1,1912_circle20
2396,69,False,1912,1,1912_circle21
2397,35,False,1912,1,1912_circle41
2398,108,False,1912,1,1912_circle27
2399,77,False,1912,1,1912_circle21
2400,19,False,1912,1,1912_circle36
2401,21,False,1912,1,1912_circle27
2402,15,False,1912,1,1912_circle36
2403,17,False,1912,1,1912_circle41
2404,170,False,1912,1,1912_circle20
2405,20,False,1912,1,1912_circle41
2406,36,False,1912,1,1912_circle41
2407,89,False,1912,1,1912_circle20
2408,153,False,1912,1,1912_circle20
2409,178,False,1912,1,1912_circle20
2410,207,False,1912,1,1912_circle20
2411,32,False,1912,1,1912_circle41
2412,31,False,1912,1,1912_circle41
2413,17,False,1912,1,1912_circle36
2414,183,False,1912,1,1912_circle20
2415,41,False,1912,1,1912_circle21
2416,37,False,1912,1,1912_circle11
2417,70,False,1912,1,sin_circulo
2418,117,False,1912,1,1912_circle20
2419,109,False,1912,1,1912_circle11
2420,81,False,1912,1,1912_circle38
2421,8,False,1912,1,1912_circle10
2422,5,False,1912,1,1912_circle36
2423,165,False,1912,1,1912_circle20
2424,11,False,1912,1,1912_circle15
2425,36,False,1912,1,1912_circle13
2426,18,False,1912,1,1912_circle12
2427,25,False,1912,1,sin_circulo
2428,191,False,1912,1,1912_circle20
2429,86,False,1912,1,sin_circulo
2430,146,False,1912,1,1912_circle20
2431,5,False,1912,1,1912_circle23
2432,28,False,1912,1,1912_circle21
2433,147,False,1912,1,1912_circle20
2434,91,False,1912,1,1912_circle21
2435,27,False,1912,1,sin_circulo
2436,94,False,1912,1,1912_circle33
2437,5,False,1912,1,1912_circle10
2438,68,False,1912,1,1912_circle21
2439,10,False,1912,1,1912_circle4
2440,34,False,1912,1,1912_circle41
2441,4,False,1912,1,1912_circle36
2442,3,False,1912,1,1912_circle20
2443,23,False,1912,1,1912_circle20
2444,16,False,1912,1,1912_circle27
2445,70,False,1912,1,1912_circle36
2446,161,False,1912,1,1912_circle20
2447,49,False,1912,1,1912_circle1
2448,33,False,1912,1,1912_circle36
2449,46,False,1912,1,1912_circle20
2450,12,False,1912,1,1912_circle36
2451,109,False,1912,1,1912_circle21
2452,10,False,1912,1,1912_circle41
2453,14,False,1912,1,1912_circle45
2454,16,False,1912,1,1912_circle36
2455,16,False,1912,1,1912_circle10
2456,8,False,1912,1,1912_circle2
2457,1,False,1912,1,1912_circle32
2458,99,False,1912,1,1912_circle15
2459,46,False,1912,1,1912_circle1
2460,169,False,1912,1,1912_circle20
2461,124,False,1912,1,1912_circle4
2462,96,False,1912,1,1912_circle20
2463,126,False,1912,1,1912_circle33
2464,202,False,1912,1,1912_circle20
2465,60,False,1912,1,1912_circle40
2466,11,False,1912,1,1912_circle27
2467,130,False,1912,1,sin_circulo
2468,177,False,1912,1,1912_circle10
2469,135,False,1912,1,1912_circle20
2470,1,False,1912,1,1912_circle10
2471,132,False,1912,1,1912_circle38
2472,77,False,1912,1,1912_circle1
2473,49,False,1912,1,1912_circle38
2474,26,False,1912,1,1912_circle41
2475,97,False,1912,1,1912_circle38
2476,36,False,1912,1,1912_circle20
2477,113,False,1912,1,1912_circle20
2478,93,False,1912,1,1912_circle20
2479,46,False,1912,1,1912_circle21
2480,27,False,1912,1,1912_circle41
2481,3,False,1912,1,1912_circle34
2482,160,False,1912,1,1912_circle20
2483,3,False,1912,1,1912_circle32
2484,126,False,1912,1,1912_circle20
2485,137,False,1912,1,1912_circle20
2486,18,False,1912,1,1912_circle27
2487,9,False,1912,1,1912_circle34
2488,39,False,1912,1,1912_circle36
2489,108,False,1912,1,1912_circle20
2490,15,False,1912,1,sin_circulo
2491,121,False,1912,1,1912_circle35
2492,178,False,1912,1,1912_circle20
2493,6,False,1912,1,sin_circulo
2494,39,False,1912,1,1912_circle1
2495,145,False,1912,1,1912_circle20
2496,22,False,1912,1,1912_circle38
2497,25,False,1912,1,1912_circle36
2498,94,False,1912,1,1912_circle5
2499,93,False,1912,1,1912_circle20
2500,181,False,1912,1,1912_circle20
2501,76,False,1912,1,1912_circle15
2502,43,False,1912,1,1912_circle7
2503,16,False,1912,1,1912_circle41
2504,151,False,1912,1,1912_circle20
2505,5,False,1912,1,1912_circle45
2506,124,False,1912,1,1912_circle12
2507,201,False,1912,1,1912_circle20
2508,98,False,1912,1,sin_circulo
2509,134,False,1912,1,1912_circle21
2510,138,False,1912,1,sin_circulo
2511,140,False,1912,1,1912_circle21
2512,105,False,1912,1,1912_circle14
2513,15,False,1912,1,1912_circle27
2514,9,False,1912,1,1912_circle36
2515,13,False,1912,1,1912_circle27
2516,88,False,1912,1,1912_circle7
2517,6,False,1912,1,1912_circle36
2518,48,False,1912,1,1912_circle31
2519,35,False,1912,1,1912_circle7
2520,165,False,1912,1,1912_circle20
2521,141,False,1912,1,1912_circle17
2522,14,False,1912,1,sin_circulo
2523,17,False,1912,1,1912_circle9
2524,13,False,1912,1,1912_circle36
2525,35,False,1912,1,1912_circle11
2526,191,False,1912,1,1912_circle20
2527,4,False,1912,1,1912_circle32
2528,7,False,1912,1,1912_circle13
2529,36,False,1912,1,1912_circle36
2530,29,False,1912,1,1912_circle36
2531,23,False,1912,1,1912_circle4
2532,106,False,1912,1,1912_circle20
2533,99,False,1912,1,1912_circle38
2534,18,False,1912,1,1912_circle36
2535,11,False,1912,1,1912_circle34
2536,63,False,1912,1,1912_circle20
2537,95,False,1912,1,1912_circle21
2538,56,False,1912,1,1912_circle1
2539,140,False,1912,1,1912_circle20
2540,31,False,1912,1,1912_circle0
2541,2,False,1912,1,1912_circle10
2542,196,False,1912,1,1912_circle15
2543,294,False,1912,1,1912_circle0
2544,30,False,1912,1,1912_circle33
2545,9,False,1912,1,sin_circulo
2546,144,False,1912,1,1912_circle20
2547,54,False,1912,1,sin_circulo
2548,8,False,1912,1,1912_circle4
2549,161,False,1912,1,1912_circle20
2550,162,False,1912,1,1912_circle20
2551,158,False,1912,1,1912_circle20
2552,112,False,1912,1,sin_circulo
2553,173,False,1912,1,1912_circle20
2554,93,False,1912,1,sin_circulo
2555,135,False,1912,1,1912_circle8
2556,131,False,1912,1,1912_circle20
2557,31,False,1912,1,1912_circle11
2558,22,False,1912,1,1912_circle4
2559,165,False,1912,1,1912_circle20
2560,201,False,1912,1,1912_circle14
2561,155,False,1912,1,1912_circle12
2562,14,False,1912,1,1912_circle41
2563,110,False,1912,1,1912_circle20
2564,188,False,1912,1,1912_circle20
2565,4,False,1912,1,1912_circle15
2566,26,False,1912,1,1912_circle41
2567,116,False,1912,1,1912_circle5
2568,11,False,1912,1,1912_circle21
2569,1,False,1912,1,1912_circle41
2570,21,False,1912,1,1912_circle34
2571,30,False,1912,1,1912_circle1
2572,19,False,1912,1,1912_circle20
2573,152,False,1912,1,1912_circle12
2574,103,False,1912,1,1912_circle20
2575,141,False,1912,1,1912_circle20
2576,45,False,1912,1,1912_circle20
2577,20,False,1912,1,1912_circle15
2578,164,False,1912,1,1912_circle20
2579,116,False,1912,1,1912_circle20
2580,6,False,1912,1,1912_circle41
2581,24,False,1912,1,1912_circle15
2582,101,False,1912,1,1912_circle7
2583,46,False,1912,1,1912_circle1
2584,15,False,1912,1,1912_circle20
2585,40,False,1912,1,1912_circle1
2586,187,False,1912,1,1912_circle20
2587,19,False,1912,1,1912_circle15
2588,91,False,1912,1,1912_circle32
2589,79,False,1912,1,1912_circle38
2590,197,False,1912,1,1912_circle20
2591,96,False,1912,1,1912_circle20
2592,125,False,1912,1,1912_circle38
2593,185,False,1912,1,1912_circle20
2594,94,False,1912,1,1912_circle38
2595,3,False,1912,1,1912_circle32
2596,1,False,1912,1,sin_circulo
2597,105,False,1912,1,1912_circle38
2598,164,False,1912,1,1912_circle15
2599,14,False,1912,1,1912_circle40
2600,182,False,1912,1,1912_circle20
2601,190,False,1912,1,1912_circle20
2602,198,False,1912,1,1912_circle20
2603,68,False,1912,1,1912_circle21
2604,196,False,1912,1,1912_circle20
2605,17,False,1912,1,1912_circle15
2606,75,False,1912,1,1912_circle20
2607,195,False,1912,1,1912_circle20
2608,99,False,1912,1,1912_circle38
2609,49,False,1912,1,1912_circle40
2610,51,False,1912,1,1912_circle11
2611,207,False,1912,1,1912_circle20
2612,28,False,1912,1,1912_circle41
2613,31,False,1912,1,1912_circle20
2614,17,False,1912,1,1912_circle36
2615,185,False,1912,1,1912_circle20
2616,100,False,1912,1,1912_circle38
2617,114,False,1912,1,1912_circle21
2618,23,False,1912,1,1912_circle41
2619,164,False,1912,1,1912_circle20
2620,55,False,1912,1,1912_circle1
2621,6,False,1912,1,1912_circle4
2622,21,False,1912,1,1912_circle27
2623,130,False,1912,1,1912_circle20
2624,188,False,1912,1,1912_circle20
2625,186,False,1912,1,1912_circle20
2626,34,False,1912,1,1912_circle1
2627,41,False,1912,1,1912_circle1
2628,28,False,1912,1,1912_circle36
2629,127,False,1912,1,1912_circle33
2630,173,False,1912,1,1912_circle20
2631,116,False,1912,1,1912_circle20
2632,7,False,1912,1,1912_circle36
2633,41,False,1912,1,1912_circle1
2634,5,False,1912,1,1912_circle41
2635,20,False,1912,1,1912_circle33
2636,38,False,1912,1,1912_circle1
2637,35,False,1912,1,1912_circle41
2638,166,False,1912,1,1912_circle20
2639,37,False,1912,1,1912_circle1
2640,56,False,1912,1,1912_circle1
2641,19,False,1912,1,1912_circle11
2642,127,False,1912,1,1912_circle15
2643,100,False,1912,1,1912_circle7
2644,27,False,1912,1,sin_circulo
2645,54,False,1912,1,1912_circle1
2646,135,False,1912,1,1912_circle20
2647,48,False,1912,1,1912_circle1
2648,48,False,1912,1,1912_circle1
2649,122,False,1912,1,1912_circle7
2650,18,False,1912,1,1912_circle27
2651,7,False,1912,1,1912_circle45
2652,49,False,1912,1,1912_circle21
2653,72,False,1912,1,1912_circle40
2654,151,False,1912,1,1912_circle20
2655,168,False,1912,1,1912_circle20
2656,16,False,1912,1,1912_circle41
2657,52,False,1912,1,1912_circle1
2658,36,False,1912,1,1912_circle1
2659,58,False,1912,1,1912_circle1
2660,38,False,1912,1,1912_circle1
2661,99,False,1684,1,1684_circle2
2662,37,False,1684,1,1684_circle0
2663,26,False,1684,1,1684_circle14
2664,83,False,1684,1,1684_circle14
2665,50,False,1684,1,1684_circle7
2666,61,False,1684,1,1684_circle14
2667,20,False,1684,1,1684_circle8
2668,34,False,1684,1,1684_circle7
2669,97,False,1684,1,1684_circle14
2670,19,False,1684,1,1684_circle11
2671,6,False,1684,1,1684_circle0
2672,37,False,1684,1,1684_circle2
2673,29,False,1684,1,1684_circle14
2674,70,False,1684,1,1684_circle2
2675,38,False,1684,1,1684_circle7
2676,83,False,1684,1,1684_circle14
2677,15,False,1684,1,1684_circle8
2678,9,False,1684,1,1684_circle8
2679,93,False,1684,1,1684_circle14
2680,53,False,1684,1,1684_circle14
2681,45,False,1684,1,1684_circle14
2682,16,False,1684,1,1684_circle0
2683,78,False,1684,1,1684_circle14
2684,28,False,1684,1,1684_circle2
2685,12,False,1684,1,1684_circle13
2686,24,False,1684,1,1684_circle7
2687,21,False,1684,1,1684_circle2
2688,11,False,1684,1,1684_circle8
2689,67,False,1684,1,1684_circle14
2690,31,False,1684,1,1684_circle8
2691,3,False,1684,1,1684_circle16
2692,5,False,1684,1,sin_circulo
2693,18,False,1684,1,1684_circle8
2694,93,False,1684,1,1684_circle3
2695,11,False,1684,1,1684_circle14
2696,19,False,1684,1,1684_circle0
2697,16,False,1684,1,1684_circle0
2698,69,False,1684,1,1684_circle14
2699,13,False,1684,1,1684_circle11
2700,15,False,1684,1,1684_circle8
2701,26,False,1684,1,1684_circle2
2702,24,False,1684,1,1684_circle7
2703,18,False,1684,1,1684_circle11
2704,2,False,1684,1,1684_circle1
2705,27,False,1684,1,1684_circle14
2706,67,False,1684,1,1684_circle14
2707,15,False,1684,1,1684_circle4
2708,34,False,1684,1,1684_circle2
2709,12,False,1684,1,sin_circulo
2710,13,False,1684,1,1684_circle14
2711,31,False,1684,1,1684_circle0
2712,44,False,1684,1,sin_circulo
2713,31,False,1684,1,1684_circle0
2714,3,False,1684,1,1684_circle6
2715,32,False,1684,1,1684_circle7
2716,95,False,1684,1,1684_circle2
2717,54,False,1684,1,1684_circle1
2718,37,False,1684,1,1684_circle7
2719,100,False,1684,1,1684_circle2
2720,49,False,1684,1,1684_circle2
2721,6,False,1684,1,sin_circulo
2722,3,False,1684,1,1684_circle4
2723,12,False,1684,1,1684_circle7
2724,70,False,1684,1,1684_circle0
2725,8,False,1684,1,sin_circulo
2726,17,False,1684,1,1684_circle14
2727,13,False,1684,1,1684_circle8
2728,38,False,1684,1,1684_circle0
2729,63,False,1684,1,1684_circle14
2730,89,False,1684,1,1684_circle7
2731,29,False,1684,1,1684_circle14
2732,8,False,1684,1,1684_circle9
2733,24,False,1684,1,1684_circle2
2734,26,False,1684,1,1684_circle8
2735,19,False,1684,1,1684_circle8
2736,5,False,1684,1,1684_circle5
2737,21,False,1684,1,1684_circle0
2738,83,False,1684,1,1684_circle14
2739,31,False,1684,1,1684_circle0
2740,2,False,1684,1,1684_circle1
2741,57,False,1684,1,1684_circle14
2742,116,False,1684,1,1684_circle2
2743,51,False,1684,1,1684_circle14
2744,13,False,1684,1,1684_circle7
2745,33,False,1684,1,1684_circle14
2746,15,False,1684,1,1684_circle14
2747,13,False,1684,1,1684_circle7
2748,75,False,1684,1,1684_circle2
2749,53,False,1684,1,1684_circle14
2750,85,False,1684,1,1684_circle14
2751,35,False,1684,1,1684_circle7
2752,7,False,1684,1,1684_circle8
2753,52,False,1684,1,1684_circle2
2754,122,False,1684,1,1684_circle14
2755,89,False,1684,1,1684_circle14
2756,45,False,1684,1,1684_circle14
2757,83,False,1684,1,1684_circle14
2758,46,False,1684,1,1684_circle7
2759,22,False,1684,1,1684_circle14
2760,11,False,1684,1,1684_circle8
2761,28,False,1684,1,1684_circle14
2762,21,False,1684,1,1684_circle5
2763,63,False,1684,1,1684_circle14
2764,25,False,1684,1,1684_circle8
2765,47,False,1684,1,1684_circle2
2766,13,False,1684,1,1684_circle14
2767,6,False,1684,1,1684_circle4
2768,28,False,1684,1,1684_circle7
2769,12,False,1684,1,1684_circle14
2770,41,False,1684,1,1684_circle2
2771,14,False,1684,1,1684_circle5
2772,34,False,1684,1,1684_circle7
2773,57,False,1684,1,1684_circle14
2774,6,False,1684,1,1684_circle16
2775,27,False,1684,1,1684_circle0
2776,6,False,1684,1,1684_circle9
2777,83,False,1684,1,1684_circle14
2778,95,False,1684,1,1684_circle2
2779,19,False,1684,1,1684_circle0
2780,59,False,1684,1,1684_circle2
2781,66,False,1684,1,1684_circle5
2782,98,False,1684,1,1684_circle14
2783,33,False,1684,1,1684_circle2
2784,28,False,1684,1,1684_circle8
2785,44,False,1684,1,1684_circle2
2786,102,False,1684,1,1684_circle14
2787,49,False,1684,1,1684_circle3
2788,2,False,1684,1,1684_circle9
2789,19,False,1684,1,1684_circle14
2790,9,False,1684,1,1684_circle8
2791,12,False,1684,1,1684_circle8
2792,3,False,1684,1,1684_circle16
2793,99,False,1684,1,1684_circle2
2794,19,False,1684,1,1684_circle14
2795,24,False,1684,1,1684_circle7
2796,60,False,1684,1,1684_circle2
2797,27,False,1684,1,1684_circle2
2798,3,False,1684,1,1684_circle14
2799,8,False,1684,1,1684_circle9
2800,82,False,1684,1,1684_circle14
2801,10,False,1684,1,1684_circle7
2802,10,False,1684,1,1684_circle8
2803,22,False,1684,1,1684_circle8
2804,9,False,1684,1,1684_circle5
2805,8,False,1684,1,1684_circle6
2806,50,False,1684,1,1684_circle14
2807,22,False,1684,1,1684_circle14
2808,3,False,1684,1,1684_circle4
2809,19,False,1684,1,1684_circle14
2810,58,False,1684,1,1684_circle14
2811,7,False,1684,1,sin_circulo
2812,25,False,1684,1,1684_circle8
2813,27,False,1684,1,1684_circle8
2814,2,False,1684,1,1684_circle1
2815,57,False,1684,1,1684_circle14
2816,11,False,1684,1,1684_circle7
2817,5,False,1684,1,1684_circle16
2818,16,False,1684,1,1684_circle8
2819,24,False,1684,1,1684_circle8
2820,15,False,1684,1,1684_circle0
2821,13,False,1684,1,1684_circle14
2822,14,False,1684,1,1684_circle8
2823,38,False,1684,1,sin_circulo
2824,6,False,1684,1,sin_circulo
2825,20,False,1684,1,1684_circle7
2826,10,False,1684,1,1684_circle8
2827,75,False,1684,1,1684_circle14
2828,78,False,1684,1,1684_circle2
2829,28,False,1684,1,1684_circle0
2830,22,False,1684,1,1684_circle0
2831,18,False,1684,1,1684_circle7
2832,30,False,1684,1,1684_circle14
2833,82,False,1684,1,1684_circle2
2834,9,False,1684,1,1684_circle11
2835,44,False,1684,1,1684_circle14
2836,31,False,1684,1,1684_circle5
2837,14,False,1684,1,1684_circle14
2838,4,False,1684,1,1684_circle1
2839,137,False,1684,1,1684_circle14
2840,33,False,1684,1,1684_circle2
2841,31,False,1684,1,1684_circle5
2842,1,False,1684,1,1684_circle4
2843,29,False,1684,1,1684_circle7
2844,29,False,1684,1,1684_circle7
2845,26,False,1684,1,1684_circle0
2846,27,False,1684,1,1684_circle2
2847,12,False,1684,1,1684_circle8
2848,21,False,1684,1,1684_circle8
2849,81,False,1684,1,1684_circle2
2850,33,False,1684,1,1684_circle14
2851,22,False,1684,1,1684_circle14
2852,11,False,1684,1,1684_circle14
2853,62,False,1684,1,1684_circle14
2854,36,False,1684,1,1684_circle14
2855,4,False,1684,1,sin_circulo
2856,18,False,1684,1,1684_circle8
2857,2,False,1684,1,1684_circle4
2858,17,False,1684,1,1684_circle5
2859,20,False,1684,1,1684_circle8
2860,3,False,1684,1,1684_circle0
2861,11,False,1684,1,1684_circle9
2862,71,False,1684,1,1684_circle14
2863,104,False,1684,1,1684_circle2
2864,75,False,1684,1,1684_circle14
2865,39,False,1684,1,1684_circle7
2866,78,False,1684,1,1684_circle10
2867,80,False,1684,1,1684_circle14
2868,21,False,1684,1,1684_circle8
2869,70,False,1684,1,1684_circle2
2870,22,False,1684,1,1684_circle0
2871,42,False,1684,1,1684_circle7
2872,76,False,1684,1,1684_circle14
2873,73,False,1684,1,1684_circle14
2874,47,False,1684,1,1684_circle14
2875,52,False,1684,1,1684_circle2
2876,14,False,1684,1,1684_circle8
2877,104,False,1684,1,1684_circle14
2878,11,False,1684,1,1684_circle7
2879,16,False,1684,1,1684_circle11
2880,66,False,1684,1,1684_circle14
2881,45,False,1684,1,1684_circle2
2882,10,False,1684,1,1684_circle8
2883,15,False,1684,1,1684_circle8
2884,6,False,1684,1,1684_circle14
2885,4,False,1684,1,1684_circle1
2886,10,False,1684,1,1684_circle15
2887,40,False,1684,1,1684_circle14
2888,15,False,1684,1,1684_circle14
2889,19,False,1684,1,1684_circle11
2890,88,False,1684,1,1684_circle14
2891,22,False,1684,1,1684_circle14
2892,29,False,1684,1,1684_circle0
2893,8,False,1684,1,1684_circle5
2894,61,False,1684,1,1684_circle2
2895,9,False,1684,1,1684_circle8
2896,50,False,1684,1,1684_circle14
2897,54,False,1684,1,1684_circle14
2898,8,False,1684,1,1684_circle5
2899,6,False,1684,1,1684_circle14
2900,11,False,1684,1,1684_circle0
2901,77,False,1684,1,1684_circle2
2902,7,False,1684,1,1684_circle9
2903,8,False,1684,1,1684_circle8
2904,72,False,1684,1,1684_circle2
2905,74,False,1684,1,1684_circle14
2906,92,False,1684,1,1684_circle14
2907,32,False,1684,1,1684_circle14
2908,27,False,1684,1,1684_circle14
2909,77,False,1684,1,1684_circle14
2910,83,False,1684,1,1684_circle14
2911,69,False,1684,1,1684_circle14
2912,61,False,1684,1,1684_circle14
2913,75,False,1684,1,1684_circle14
2914,41,False,1684,1,1684_circle7
2915,91,False,1684,1,1684_circle10
2916,87,False,1684,1,1684_circle14
2917,18,False,1684,1,1684_circle14
2918,20,False,1684,1,1684_circle7
2919,70,False,1684,1,1684_circle14
2920,74,False,1684,1,1684_circle14
2921,40,False,1684,1,1684_circle7
2922,3,False,1684,1,1684_circle6
2923,16,False,1684,1,1684_circle8
2924,40,False,1684,1,1684_circle14
2925,79,False,1684,1,1684_circle14
2926,10,False,1684,1,1684_circle4
2927,92,False,1684,1,1684_circle14
2928,86,False,1684,1,1684_circle14
2929,48,False,1684,1,1684_circle14
2930,8,False,1684,1,1684_circle9
2931,53,False,1684,1,1684_circle14
2932,40,False,1684,1,1684_circle7
2933,14,False,1684,1,1684_circle6
2934,20,False,1684,1,1684_circle0
2935,12,False,1684,1,1684_circle6
2936,60,False,1684,1,1684_circle2
2937,63,False,1684,1,1684_circle2
2938,20,False,1684,1,sin_circulo
2939,69,False,1684,1,1684_circle2
2940,64,False,1684,1,1684_circle14
2941,11,False,1684,1,1684_circle8
2942,10,False,1684,1,sin_circulo
2943,82,False,1684,1,1684_circle14
2944,106,False,1684,1,1684_circle14
2945,54,False,1684,1,1684_circle14
2946,59,False,1684,1,1684_circle14
2947,17,False,1684,1,1684_circle0
2948,21,False,1684,1,1684_circle14
2949,20,False,1684,1,1684_circle15
2950,48,False,1684,1,1684_circle7
2951,102,False,1684,1,1684_circle0
2952,3,False,1684,1,1684_circle14
2953,34,False,1684,1,1684_circle14
2954,13,False,1684,1,1684_circle5
2955,44,False,1684,1,1684_circle7
2956,96,False,1684,1,1684_circle14
2957,14,False,1684,1,1684_circle13
2958,42,False,1684,1,1684_circle8
2959,17,False,1684,1,1684_circle11
2960,92,False,1684,1,1684_circle14
2961,11,False,1684,1,1684_circle14
2962,19,False,1684,1,1684_circle0
2963,4,False,1684,1,1684_circle14
2964,18,False,1684,1,1684_circle4
2965,17,False,1684,1,1684_circle2
2966,107,False,1684,1,1684_circle14
2967,22,False,1684,1,1684_circle14
2968,13,False,1684,1,1684_circle8
2969,71,False,1684,1,1684_circle14
2970,44,False,1684,1,1684_circle2
2971,4,False,1684,1,1684_circle8
2972,17,False,1684,1,1684_circle11
2973,73,False,1684,1,1684_circle2
2974,59,False,1684,1,1684_circle14
2975,3,False,1684,1,1684_circle4
2976,41,False,1684,1,1684_circle2
2977,33,False,1684,1,sin_circulo
2978,25,False,1684,1,1684_circle14
2979,18,False,1684,1,1684_circle12
2980,5,False,1684,1,1684_circle4
2981,23,False,1684,1,1684_circle14
2982,15,False,1684,1,1684_circle11
2983,17,False,1684,1,1684_circle6
2984,24,False,1684,1,1684_circle7
2985,60,False,1684,1,1684_circle14
2986,100,False,1684,1,1684_circle14
2987,27,False,1684,1,1684_circle14
2988,63,False,1684,1,1684_circle14
2989,58,False,1684,1,1684_circle2
2990,13,False,1684,1,1684_circle0
2991,61,False,1684,1,1684_circle2
2992,72,False,1684,1,1684_circle2
2993,56,False,1684,1,1684_circle14
2994,65,False,1684,1,1684_circle14
2995,15,False,1684,1,1684_circle0
2996,39,False,1684,1,1684_circle7
2997,14,False,1684,1,1684_circle6
2998,3,False,1684,1,1684_circle8
2999,30,False,1684,1,1684_circle8
3000,91,False,1684,1,1684_circle14
3001,35,False,1684,1,1684_circle0
3002,72,False,1684,1,1684_circle0
3003,4,False,1684,1,1684_circle1
3004,53,False,1684,1,1684_circle14
3005,43,False,1684,1,1684_circle2
3006,2,False,1684,1,1684_circle4
3007,24,False,1684,1,1684_circle0
3008,16,False,1684,1,1684_circle11
3009,19,False,1684,1,1684_circle8
3010,32,False,1684,1,1684_circle14
3011,42,False,1684,1,1684_circle2
3012,11,False,1684,1,1684_circle6
3013,24,False,1684,1,1684_circle2
3014,43,False,1684,1,1684_circle14
3015,10,False,1684,1,1684_circle8
3016,29,False,1684,1,1684_circle2
3017,70,False,1684,1,1684_circle2
3018,30,False,1684,1,1684_circle0
3019,70,False,1684,1,1684_circle0
3020,37,False,1684,1,1684_circle8
3021,50,False,1684,1,1684_circle2
3022,80,False,1684,1,1684_circle14
3023,35,False,1684,1,1684_circle14
3024,14,False,1684,1,1684_circle8
3025,54,False,1684,1,1684_circle14
3026,96,False,1684,1,1684_circle14
3027,66,False,1684,1,1684_circle7
3028,12,False,1684,1,1684_circle6
3029,52,False,1684,1,1684_circle14
3030,8,False,1684,1,1684_circle14
3031,1,False,1684,1,1684_circle4
3032,22,False,1684,1,1684_circle7
3033,88,False,1684,1,1684_circle14
3034,43,False,1684,1,sin_circulo
3035,90,False,1684,1,1684_circle2
3036,38,False,1684,1,1684_circle14
3037,3,False,1684,1,1684_circle16
3038,88,False,1684,1,1684_circle2
3039,22,False,1684,1,1684_circle2
3040,51,False,1684,1,1684_circle14
3041,27,False,1684,1,1684_circle2
3042,20,False,1684,1,1684_circle14
3043,17,False,1684,1,1684_circle7
3044,6,False,1684,1,1684_circle14
3045,8,False,1684,1,1684_circle14
3046,37,False,1684,1,1684_circle2
3047,50,False,1684,1,1684_circle14
3048,15,False,1684,1,1684_circle7
3049,76,False,1684,1,1684_circle2
3050,16,False,1684,1,1684_circle7
3051,101,False,1684,1,1684_circle2
3052,50,False,1684,1,1684_circle14
3053,10,False,1684,1,1684_circle9
3054,83,False,1684,1,1684_circle14
3055,6,False,1684,1,1684_circle14
3056,78,False,1684,1,1684_circle14
3057,17,False,1684,1,1684_circle8
3058,15,False,1684,1,1684_circle2
3059,5,False,1684,1,1684_circle14
3060,78,False,1684,1,1684_circle2
3061,14,False,1684,1,1684_circle13
3062,32,False,1684,1,1684_circle0
3063,11,False,1684,1,1684_circle6
3064,64,False,1684,1,1684_circle14
3065,53,False,1684,1,1684_circle14
3066,14,False,1684,1,1684_circle15
3067,13,False,1684,1,1684_circle7
3068,16,False,1684,1,1684_circle0
3069,16,False,1684,1,1684_circle0
3070,62,False,1684,1,1684_circle2
3071,1,False,1684,1,1684_circle12
3072,46,False,1684,1,1684_circle8
3073,62,False,1684,1,1684_circle14
3074,6,False,1684,1,1684_circle16
3075,23,False,1684,1,1684_circle7
3076,86,False,1684,1,1684_circle2
3077,55,False,1684,1,1684_circle0
3078,99,False,1684,1,1684_circle14
3079,39,False,1684,1,1684_circle2
3080,28,False,1684,1,1684_circle14
3081,25,False,1684,1,1684_circle13
3082,116,False,1684,1,1684_circle2
3083,10,False,1684,1,1684_circle15
3084,76,False,1684,1,1684_circle14
3085,52,False,1684,1,1684_circle14
3086,37,False,1684,1,1684_circle0
3087,51,False,1684,1,1684_circle7
3088,10,False,1684,1,1684_circle8
3089,52,False,1684,1,1684_circle2
3090,108,False,1684,1,1684_circle14
3091,6,False,1684,1,sin_circulo
3092,11,False,1684,1,1684_circle14
3093,16,False,1684,1,1684_circle7
3094,7,False,1684,1,1684_circle4
3095,15,False,1684,1,1684_circle14
3096,76,False,1684,1,1684_circle14
3097,41,False,1684,1,1684_circle8
3098,65,False,1684,1,1684_circle14
3099,10,False,1684,1,1684_circle8
3100,34,False,1684,1,1684_circle0
3101,122,False,1684,1,1684_circle2
3102,49,False,1684,1,1684_circle2
3103,20,False,1684,1,1684_circle0
3104,83,False,1684,1,1684_circle14
3105,12,False,1684,1,1684_circle9
3106,62,False,1684,1,1684_circle2
3107,51,False,1684,1,1684_circle7
3108,63,False,1684,1,1684_circle14
3109,18,False,1684,1,1684_circle2
3110,17,False,1684,1,1684_circle8
3111,52,False,1684,1,1684_circle2
3112,12,False,1684,1,1684_circle2
3113,68,False,1684,1,1684_circle2
3114,46,False,1684,1,1684_circle14
3115,61,False,1684,1,1684_circle2
3116,103,False,1684,1,1684_circle2
3117,63,False,1684,1,1684_circle14
3118,44,False,1684,1,1684_circle0
3119,69,False,1684,1,1684_circle14
3120,71,False,1684,1,1684_circle2
3121,4,False,1684,1,1684_circle4
3122,9,False,1684,1,1684_circle9
3123,33,False,1684,1,1684_circle14
3124,30,False,1684,1,1684_circle7
3125,2,False,1684,1,sin_circulo
3126,8,False,1684,1,1684_circle15
3127,6,False,1684,1,1684_circle16
3128,10,False,1684,1,1684_circle15
3129,35,False,1684,1,1684_circle14
3130,13,False,1684,1,1684_circle14
3131,8,False,1684,1,1684_circle9
3132,84,False,1684,1,1684_circle2
3133,10,False,1684,1,1684_circle4
3134,2,False,1684,1,1684_circle7
3135,35,False,1684,1,1684_circle14
3136,62,False,1684,1,1684_circle7
3137,49,False,1684,1,1684_circle14
3138,19,False,1684,1,1684_circle8
3139,21,False,1684,1,1684_circle14
3140,71,False,1684,1,1684_circle7
3141,11,False,1684,1,1684_circle9
3142,56,False,1684,1,1684_circle14
3143,4,False,1684,1,1684_circle14
3144,16,False,1684,1,1684_circle7
3145,69,False,1684,1,1684_circle2
3146,61,False,1684,1,1684_circle2
3147,5,False,1684,1,1684_circle16
3148,30,False,1684,1,1684_circle2
3149,66,False,1684,1,sin_circulo
3150,89,False,1684,1,1684_circle2
3151,14,False,1684,1,1684_circle7
3152,85,False,1684,1,1684_circle2
3153,11,False,1684,1,1684_circle14
3154,91,False,1684,1,1684_circle0
3155,12,False,1684,1,1684_circle6
3156,13,False,1684,1,1684_circle7
3157,15,False,1684,1,1684_circle4
3158,52,False,1684,1,1684_circle14
3159,7,False,1684,1,1684_circle4
3160,30,False,1684,1,1684_circle7
3161,6,False,1684,1,1684_circle8
3162,57,False,1684,1,1684_circle0
3163,23,False,1684,1,1684_circle14
3164,10,False,1684,1,1684_circle8
3165,7,False,1684,1,1684_circle8
3166,38,False,1684,1,1684_circle14
3167,17,False,1684,1,1684_circle7
3168,48,False,1684,1,1684_circle0
3169,61,False,1684,1,1684_circle2
3170,25,False,1684,1,1684_circle2
3171,19,False,1684,1,1684_circle7
3172,72,False,1684,1,1684_circle2
3173,18,False,1684,1,1684_circle10
3174,74,False,1684,1,1684_circle14
3175,6,False,1684,1,1684_circle2
3176,27,False,1684,1,1684_circle0
3177,41,False,1684,1,1684_circle0
3178,25,False,1684,1,1684_circle8
3179,68,False,1684,1,1684_circle2
3180,8,False,1684,1,1684_circle9
3181,8,False,1684,1,1684_circle9
3182,68,False,1684,1,1684_circle2
3183,1,False,1684,1,1684_circle14
3184,61,False,1684,1,1684_circle14
3185,80,False,1684,1,1684_circle2
3186,23,False,1684,1,1684_circle0
3187,34,False,1684,1,1684_circle7
3188,51,False,1684,1,1684_circle2
3189,19,False,1684,1,1684_circle7
3190,12,False,1684,1,1684_circle5
3191,40,False,1684,1,1684_circle0
3192,16,False,1684,1,1684_circle2
3193,27,False,1684,1,1684_circle14
3194,17,False,1684,1,1684_circle2
3195,72,False,1684,1,1684_circle14
3196,40,False,1684,1,1684_circle7
3197,8,False,1684,1,1684_circle2
3198,86,False,1684,1,1684_circle2
3199,22,False,1684,1,1684_circle7
3200,11,False,1684,1,1684_circle9
3201,92,False,1684,1,1684_circle2
3202,11,False,1684,1,1684_circle14
3203,31,False,1684,1,1684_circle0
3204,47,False,1684,1,1684_circle2
3205,15,False,1684,1,1684_circle8
3206,51,False,1684,1,1684_circle2
3207,41,False,1684,1,1684_circle0
3208,15,False,1684,1,sin_circulo
3209,24,False,1684,1,1684_circle2
3210,14,False,1684,1,1684_circle0
3211,25,False,1684,1,1684_circle8
3212,35,False,1684,1,1684_circle2
3213,36,False,1684,1,1684_circle14
3214,63,False,1684,1,1684_circle5
3215,25,False,1684,1,1684_circle8
3216,7,False,1684,1,1684_circle9
3217,6,False,1684,1,sin_circulo
3218,9,False,1684,1,1684_circle9
3219,39,False,1684,1,1684_circle7
3220,54,False,1684,1,1684_circle14
3221,26,False,1684,1,1684_circle5
3222,15,False,1684,1,1684_circle8
3223,23,False,1684,1,1684_circle0
3224,55,False,1684,1,1684_circle2
3225,28,False,1684,1,1684_circle2
3226,79,False,1684,1,1684_circle14
3227,5,False,1684,1,1684_circle14
3228,36,False,1684,1,1684_circle14
3229,14,False,1684,1,1684_circle14
3230,1,False,1684,1,1684_circle8
3231,28,False,1684,1,1684_circle14
3232,105,False,1684,1,1684_circle14
3233,63,False,1684,1,1684_circle0
3234,33,False,1684,1,1684_circle14
3235,8,False,1684,1,sin_circulo
3236,21,False,1684,1,1684_circle7
3237,28,False,1684,1,1684_circle14
3238,41,False,1684,1,1684_circle14
3239,62,False,1684,1,1684_circle2
3240,66,False,1684,1,1684_circle2
3241,19,False,1684,1,1684_circle0
3242,15,False,1684,1,1684_circle8
3243,27,False,1684,1,1684_circle14
3244,14,False,1684,1,1684_circle0
3245,14,False,1684,1,1684_circle8
3246,14,False,1684,1,1684_circle0
3247,66,False,1684,1,1684_circle2
3248,31,False,1684,1,1684_circle5
3249,14,False,1684,1,1684_circle7
3250,34,False,1684,1,1684_circle14
3251,9,False,1684,1,1684_circle9
3252,86,False,1684,1,1684_circle2
3253,51,False,1684,1,1684_circle7
3254,12,False,1684,1,1684_circle2
3255,32,False,1684,1,1684_circle7
3256,63,False,1684,1,1684_circle7
3257,42,False,1684,1,1684_circle14
3258,47,False,1684,1,1684_circle8
3259,31,False,1684,1,sin_circulo
3260,28,False,1684,1,1684_circle2
3261,54,False,1684,1,1684_circle2
3262,24,False,1684,1,1684_circle2
3263,58,False,1684,1,1684_circle8
3264,31,False,1684,1,1684_circle7
3265,48,False,1684,1,1684_circle2
3266,8,False,1684,1,1684_circle13
3267,72,False,1684,1,1684_circle2
3268,2,False,1684,1,sin_circulo
3269,9,False,1684,1,1684_circle14
3270,6,False,1684,1,1684_circle4
3271,5,False,1684,1,1684_circle9
3272,44,False,1684,1,1684_circle2
3273,26,False,1684,1,1684_circle0
3274,63,False,1684,1,1684_circle2
3275,29,False,1684,1,1684_circle5
3276,20,False,1684,1,1684_circle7
3277,71,False,1684,1,1684_circle2
3278,19,False,1684,1,1684_circle8
3279,25,False,1684,1,1684_circle7
3280,107,False,1684,1,1684_circle2
3281,12,False,1684,1,1684_circle2
3282,2,False,1684,1,1684_circle16
3283,16,False,1684,1,1684_circle11
3284,70,False,1684,1,1684_circle14
3285,27,False,1684,1,1684_circle0
3286,23,False,1684,1,1684_circle14
3287,48,False,1684,1,1684_circle2
3288,48,False,1684,1,1684_circle2
3289,19,False,1684,1,sin_circulo
3290,5,False,1684,1,1684_circle1
3291,119,False,1684,1,1684_circle2
3292,12,False,1684,1,1684_circle8
3293,60,False,1684,1,1684_circle14
3294,23,False,1684,1,1684_circle14
3295,46,False,1684,1,1684_circle0
3296,41,False,1684,1,1684_circle2
3297,63,False,1684,1,1684_circle2
3298,45,False,1684,1,1684_circle2
3299,60,False,1684,1,1684_circle2
3300,18,False,1684,1,1684_circle14
3301,40,False,1684,1,1684_circle14
3302,67,False,1684,1,1684_circle8
3303,36,False,1684,1,1684_circle14
3304,35,False,1684,1,1684_circle14
3305,5,False,1684,1,1684_circle8
3306,22,False,1684,1,1684_circle2
3307,19,False,1684,1,1684_circle7
3308,9,False,1684,1,1684_circle13
3309,18,False,1684,1,1684_circle11
3310,5,False,1684,1,1684_circle15
3311,11,False,1684,1,1684_circle11
3312,17,False,1684,1,1684_circle7
3313,32,False,1684,1,1684_circle2
3314,16,False,1684,1,1684_circle11
3315,14,False,1684,1,1684_circle14
3316,39,False,1684,1,1684_circle2
3317,7,False,1684,1,1684_circle14
3318,20,False,1684,1,1684_circle11
3319,26,False,1684,1,1684_circle8
3320,113,False,1684,1,1684_circle2
3321,69,False,1684,1,1684_circle2
3322,8,False,1684,1,1684_circle15
3323,7,False,1684,1,1684_circle7
3324,87,False,1684,1,1684_circle14
3325,19,False,1684,1,1684_circle11
3326,16,False,1684,1,1684_circle7
3327,50,False,1684,1,1684_circle5
3328,18,False,1684,1,1684_circle4
3329,19,False,1684,1,1684_circle8
3330,93,False,1684,1,1684_circle8
3331,36,False,1684,1,1684_circle8
3332,62,False,1684,1,1684_circle2
3333,7,False,1684,1,1684_circle14
3334,9,False,1684,1,1684_circle0
3335,65,False,1684,1,1684_circle8
3336,7,False,1684,1,1684_circle15
3337,24,False,1684,1,1684_circle7
3338,9,False,1684,1,1684_circle4
3339,73,False,1684,1,1684_circle14
3340,16,False,1684,1,1684_circle8
3341,31,False,1684,1,sin_circulo
3342,68,False,1684,1,1684_circle8
3343,14,False,1684,1,1684_circle8
3344,76,False,1684,1,1684_circle2
3345,65,False,1684,1,1684_circle2
3346,35,False,1684,1,1684_circle0
3347,76,False,1684,1,1684_circle2
3348,84,False,1684,1,1684_circle14
3349,12,False,1684,1,1684_circle8
3350,82,False,1684,1,1684_circle2
3351,84,False,1684,1,1684_circle2
3352,13,False,1684,1,1684_circle2
3353,62,False,1684,1,1684_circle2
3354,9,False,1684,1,1684_circle9
3355,54,False,1684,1,1684_circle2
3356,20,False,1684,1,1684_circle0
3357,15,False,1684,1,1684_circle2
3358,11,False,1684,1,1684_circle7
3359,18,False,1684,1,1684_circle0
3360,74,False,1684,1,1684_circle2
3361,14,False,1684,1,1684_circle8
3362,75,False,1684,1,1684_circle14
3363,131,False,1684,1,1684_circle14
3364,49,False,1684,1,1684_circle14
3365,46,False,1684,1,1684_circle7
3366,62,False,1684,1,1684_circle0
3367,11,False,1684,1,1684_circle2
3368,9,False,1684,1,1684_circle6
3369,43,False,1684,1,1684_circle7
3370,6,False,1684,1,1684_circle4
3371,15,False,1684,1,1684_circle0
3372,7,False,1684,1,1684_circle9
3373,17,False,1684,1,1684_circle8
3374,16,False,1684,1,1684_circle8
3375,3,False,1684,1,1684_circle8
3376,8,False,1684,1,1684_circle4
3377,31,False,1684,1,1684_circle2
3378,60,False,1684,1,1684_circle2
3379,25,False,1684,1,1684_circle0
3380,21,False,1684,1,1684_circle7
3381,54,False,1684,1,1684_circle2
3382,17,False,1684,1,1684_circle11
3383,17,False,1684,1,1684_circle5
3384,49,False,1684,1,1684_circle14
3385,53,False,1684,1,1684_circle7
3386,52,False,1684,1,1684_circle2
3387,97,False,1684,1,1684_circle14
3388,10,False,1684,1,1684_circle14
3389,7,False,1684,1,1684_circle5
3390,25,False,1684,1,1684_circle14
3391,53,False,1684,1,1684_circle2
3392,17,False,1684,1,1684_circle14
3393,19,False,1684,1,1684_circle7
3394,31,False,1684,1,1684_circle14
3395,38,False,1684,1,1684_circle7
3396,76,False,1684,1,1684_circle2
3397,115,False,1684,1,1684_circle2
3398,8,False,1684,1,1684_circle13
3399,37,False,1684,1,1684_circle14
3400,35,False,1684,1,1684_circle14
3401,8,False,1684,1,1684_circle4
3402,15,False,1684,1,1684_circle4
3403,52,False,1684,1,1684_circle2
3404,18,False,1684,1,1684_circle7
3405,13,False,1684,1,1684_circle13
3406,70,False,1684,1,1684_circle2
3407,2,False,1684,1,1684_circle8
3408,2,False,1684,1,1684_circle4
3409,16,False,1684,1,1684_circle7
3410,16,False,1684,1,1684_circle0
3411,62,False,1684,1,1684_circle2
3412,45,False,1684,1,1684_circle0
3413,3,False,1684,1,1684_circle14
3414,18,False,1684,1,1684_circle14
3415,29,False,1684,1,1684_circle0
3416,53,False,1684,1,1684_circle2
3417,89,False,1684,1,1684_circle14
3418,10,False,1684,1,1684_circle7
3419,63,False,1684,1,1684_circle2
3420,23,False,1684,1,1684_circle0
3421,20,False,1684,1,1684_circle4
3422,40,False,1684,1,1684_circle2
3423,16,False,1684,1,1684_circle11
3424,7,False,1684,1,1684_circle5
3425,10,False,1684,1,1684_circle4
3426,113,False,1684,1,1684_circle14
3427,9,False,1684,1,1684_circle4
3428,8,False,1684,1,1684_circle14
3429,5,False,1684,1,1684_circle4
3430,21,False,1684,1,1684_circle14
3431,23,False,1684,1,1684_circle8
3432,6,False,1684,1,1684_circle8
3433,65,False,1684,1,1684_circle14
3434,107,False,1684,1,1684_circle2
3435,49,False,1684,1,1684_circle14
3436,7,False,1684,1,1684_circle14
3437,547,True,3437,1,sin_circulo
3438,24,False,3437,1,sin_circulo
3439,9,False,3437,1,sin_circulo
3440,26,False,3437,1,sin_circulo
3441,6,False,3437,1,sin_circulo
3442,45,False,3437,1,sin_circulo
3443,22,False,3437,1,sin_circulo
3444,5,False,3437,1,sin_circulo
3445,7,False,3437,1,sin_circulo
3446,11,False,3437,1,sin_circulo
3447,6,False,3437,1,sin_circulo
3448,47,False,3437,1,sin_circulo
3449,45,False,3437,1,sin_circulo
3450,18,False,3437,1,sin_circulo
3451,1,False,3437,1,sin_circulo
3452,16,False,3437,1,sin_circulo
3453,1,False,3437,1,sin_circulo
3454,14,False,3437,1,3437_circle4
3455,38,False,3437,1,sin_circulo
3456,51,False,3437,1,3437_circle3
3457,6,False,3437,1,sin_circulo
3458,20,False,3437,1,sin_circulo
3459,15,False,3437,1,sin_circulo
3460,28,False,3437,1,sin_circulo
3461,8,False,3437,1,sin_circulo
3462,20,False,3437,1,sin_circulo
3463,24,False,3437,1,sin_circulo
3464,31,False,3437,1,sin_circulo
3465,16,False,3437,1,sin_circulo
3466,26,False,3437,1,sin_circulo
3467,3,False,3437,1,sin_circulo
3468,29,False,3437,1,sin_circulo
3469,28,False,3437,1,sin_circulo
3470,16,False,3437,1,3437_circle15
3471,25,False,3437,1,sin_circulo
3472,15,False,3437,1,sin_circulo
3473,17,False,3437,1,sin_circulo
3474,18,False,3437,1,sin_circulo
3475,32,False,3437,1,sin_circulo
3476,15,False,3437,1,3437_circle11
3477,6,False,3437,1,3437_circle17
3478,17,False,3437,1,sin_circulo
3479,15,False,3437,1,sin_circulo
3480,25,False,3437,1,sin_circulo
3481,14,False,3437,1,sin_circulo
3482,13,False,3437,1,3437_circle15
3483,13,False,3437,1,sin_circulo
3484,15,False,3437,1,sin_circulo
3485,19,False,3437,1,sin_circulo
3486,30,False,3437,1,sin_circulo
3487,10,False,3437,1,sin_circulo
3488,47,False,3437,1,3437_circle0
3489,5,False,3437,1,sin_circulo
3490,15,False,3437,1,sin_circulo
3491,23,False,3437,1,sin_circulo
3492,9,False,3437,1,sin_circulo
3493,19,False,3437,1,sin_circulo
3494,4,False,3437,1,3437_circle12
3495,56,False,3437,1,sin_circulo
3496,19,False,3437,1,sin_circulo
3497,24,False,3437,1,sin_circulo
3498,18,False,3437,1,sin_circulo
3499,21,False,3437,1,sin_circulo
3500,20,False,3437,1,sin_circulo
3501,50,False,3437,1,sin_circulo
3502,8,False,3437,1,sin_circulo
3503,13,False,3437,1,sin_circulo
3504,8,False,3437,1,sin_circulo
3505,25,False,3437,1,sin_circulo
3506,48,False,3437,1,3437_circle13
3507,9,False,3437,1,sin_circulo
3508,24,False,3437,1,sin_circulo
3509,22,False,3437,1,sin_circulo
3510,20,False,3437,1,sin_circulo
3511,22,False,3437,1,sin_circulo
3512,13,False,3437,1,sin_circulo
3513,6,False,3437,1,sin_circulo
3514,41,False,3437,1,sin_circulo
3515,11,False,3437,1,sin_circulo
3516,14,False,3437,1,sin_circulo
3517,17,False,3437,1,sin_circulo
3518,33,False,3437,1,3437_circle0
3519,17,False,3437,1,sin_circulo
3520,10,False,3437,1,sin_circulo
3521,58,False,3437,1,3437_circle3
3522,9,False,3437,1,sin_circulo
3523,14,False,3437,1,sin_circulo
3524,16,False,3437,1,sin_circulo
3525,36,False,3437,1,sin_circulo
3526,30,False,3437,1,sin_circulo
3527,23,False,3437,1,sin_circulo
3528,36,False,3437,1,sin_circulo
3529,35,False,3437,1,sin_circulo
3530,8,False,3437,1,sin_circulo
3531,9,False,3437,1,sin_circulo
3532,15,False,3437,1,sin_circulo
3533,15,False,3437,1,sin_circulo
3534,23,False,3437,1,3437_circle14
3535,19,False,3437,1,sin_circulo
3536,11,False,3437,1,sin_circulo
3537,4,False,3437,1,sin_circulo
3538,20,False,3437,1,sin_circulo
3539,10,False,3437,1,3437_circle14
3540,34,False,3437,1,sin_circulo
3541,12,False,3437,1,sin_circulo
3542,33,False,3437,1,sin_circulo
3543,10,False,3437,1,sin_circulo
3544,5,False,3437,1,3437_circle7
3545,83,False,3437,1,sin_circulo
3546,16,False,3437,1,sin_circulo
3547,13,False,3437,1,sin_circulo
3548,8,False,3437,1,3437_circle25
3549,15,False,3437,1,sin_circulo
3550,19,False,3437,1,sin_circulo
3551,9,False,3437,1,3437_circle5
3552,7,False,3437,1,sin_circulo
3553,33,False,3437,1,3437_circle15
3554,21,False,3437,1,3437_circle14
3555,20,False,3437,1,3437_circle14
3556,13,False,3437,1,sin_circulo
3557,31,False,3437,1,sin_circulo
3558,38,False,3437,1,3437_circle13
3559,27,False,3437,1,sin_circulo
3560,3,False,3437,1,sin_circulo
3561,14,False,3437,1,sin_circulo
3562,15,False,3437,1,sin_circulo
3563,17,False,3437,1,sin_circulo
3564,17,False,3437,1,3437_circle14
3565,4,False,3437,1,sin_circulo
3566,9,False,3437,1,3437_circle5
3567,14,False,3437,1,3437_circle16
3568,35,False,3437,1,3437_circle14
3569,26,False,3437,1,sin_circulo
3570,1,False,3437,1,sin_circulo
3571,17,False,3437,1,sin_circulo
3572,8,False,3437,1,sin_circulo
3573,22,False,3437,1,sin_circulo
3574,15,False,3437,1,3437_circle0
3575,3,False,3437,1,sin_circulo
3576,42,False,3437,1,sin_circulo
3577,52,False,3437,1,sin_circulo
3578,24,False,3437,1,sin_circulo
3579,16,False,3437,1,sin_circulo
3580,9,False,3437,1,sin_circulo
3581,12,False,3437,1,sin_circulo
3582,3,False,3437,1,sin_circulo
3583,10,False,3437,1,sin_circulo
3584,49,False,3437,1,sin_circulo
3585,8,False,3437,1,sin_circulo
3586,44,False,3437,1,3437_circle3
3587,17,False,3437,1,sin_circulo
3588,4,False,3437,1,sin_circulo
3589,2,False,3437,1,sin_circulo
3590,27,False,3437,1,sin_circulo
3591,19,False,3437,1,sin_circulo
3592,13,False,3437,1,3437_circle4
3593,47,False,3437,1,3437_circle13
3594,12,False,3437,1,sin_circulo
3595,14,False,3437,1,sin_circulo
3596,86,False,3437,1,sin_circulo
3597,3,False,3437,1,sin_circulo
3598,11,False,3437,1,sin_circulo
3599,33,False,3437,1,sin_circulo
3600,7,False,3437,1,sin_circulo
3601,21,False,3437,1,sin_circulo
3602,17,False,3437,1,sin_circulo
3603,9,False,3437,1,sin_circulo
3604,76,False,3437,1,3437_circle0
3605,39,False,3437,1,3437_circle0
3606,5,False,3437,1,sin_circulo
3607,8,False,3437,1,sin_circulo
3608,19,False,3437,1,sin_circulo
3609,27,False,3437,1,sin_circulo
3610,15,False,3437,1,sin_circulo
3611,57,False,3437,1,sin_circulo
3612,19,False,3437,1,3437_circle11
3613,15,False,3437,1,sin_circulo
3614,10,False,3437,1,sin_circulo
3615,20,False,3437,1,3437_circle15
3616,12,False,3437,1,sin_circulo
3617,33,False,3437,1,3437_circle8
3618,20,False,3437,1,sin_circulo
3619,4,False,3437,1,sin_circulo
3620,16,False,3437,1,sin_circulo
3621,11,False,3437,1,sin_circulo
3622,12,False,3437,1,sin_circulo
3623,19,False,3437,1,3437_circle1
3624,14,False,3437,1,3437_circle2
3625,37,False,3437,1,sin_circulo
3626,8,False,3437,1,sin_circulo
3627,19,False,3437,1,sin_circulo
3628,23,False,3437,1,sin_circulo
3629,37,False,3437,1,sin_circulo
3630,13,False,3437,1,sin_circulo
3631,10,False,3437,1,sin_circulo
3632,6,False,3437,1,sin_circulo
3633,65,False,3437,1,3437_circle3
3634,22,False,3437,1,sin_circulo
3635,27,False,3437,1,sin_circulo
3636,25,False,3437,1,sin_circulo
3637,5,False,3437,1,sin_circulo
3638,11,False,3437,1,sin_circulo
3639,12,False,3437,1,sin_circulo
3640,42,False,3437,1,3437_circle0
3641,10,False,3437,1,sin_circulo
3642,23,False,3437,1,sin_circulo
3643,24,False,3437,1,sin_circulo
3644,13,False,3437,1,sin_circulo
3645,18,False,3437,1,3437_circle14
3646,17,False,3437,1,sin_circulo
3647,8,False,3437,1,sin_circulo
3648,21,False,3437,1,sin_circulo
3649,15,False,3437,1,sin_circulo
3650,1,False,3437,1,sin_circulo
3651,32,False,3437,1,3437_circle3
3652,7,False,3437,1,sin_circulo
3653,4,False,3437,1,sin_circulo
3654,12,False,3437,1,sin_circulo
3655,15,False,3437,1,sin_circulo
3656,22,False,3437,1,3437_circle3
3657,13,False,3437,1,sin_circulo
3658,16,False,3437,1,sin_circulo
3659,10,False,3437,1,sin_circulo
3660,6,False,3437,1,3437_circle25
3661,6,False,3437,1,sin_circulo
3662,17,False,3437,1,sin_circulo
3663,14,False,3437,1,sin_circulo
3664,10,False,3437,1,sin_circulo
3665,6,False,3437,1,sin_circulo
3666,9,False,3437,1,sin_circulo
3667,23,False,3437,1,sin_circulo
3668,11,False,3437,1,sin_circulo
3669,7,False,3437,1,sin_circulo
3670,22,False,3437,1,sin_circulo
3671,9,False,3437,1,sin_circulo
3672,47,False,3437,1,sin_circulo
3673,4,False,3437,1,sin_circulo
3674,38,False,3437,1,3437_circle3
3675,14,False,3437,1,3437_circle11
3676,5,False,3437,1,sin_circulo
3677,50,False,3437,1,3437_circle3
3678,5,False,3437,1,sin_circulo
3679,13,False,3437,1,sin_circulo
3680,43,False,3437,1,3437_circle14
3681,10,False,3437,1,sin_circulo
3682,9,False,3437,1,3437_circle2
3683,17,False,3437,1,sin_circulo
3684,67,False,3437,1,sin_circulo
3685,15,False,3437,1,sin_circulo
3686,4,False,3437,1,sin_circulo
3687,33,False,3437,1,sin_circulo
3688,2,False,3437,1,sin_circulo
3689,3,False,3437,1,3437_circle4
3690,26,False,3437,1,3437_circle8
3691,3,False,3437,1,sin_circulo
3692,38,False,3437,1,sin_circulo
3693,29,False,3437,1,sin_circulo
3694,5,False,3437,1,sin_circulo
3695,15,False,3437,1,sin_circulo
3696,15,False,3437,1,sin_circulo
3697,21,False,3437,1,sin_circulo
3698,18,False,3437,1,sin_circulo
3699,3,False,3437,1,sin_circulo
3700,7,False,3437,1,sin_circulo
3701,15,False,3437,1,sin_circulo
3702,38,False,3437,1,sin_circulo
3703,15,False,3437,1,sin_circulo
3704,2,False,3437,1,sin_circulo
3705,38,False,3437,1,3437_circle14
3706,25,False,3437,1,sin_circulo
3707,24,False,3437,1,sin_circulo
3708,15,False,3437,1,sin_circulo
3709,1,False,3437,1,sin_circulo
3710,26,False,3437,1,sin_circulo
3711,29,False,3437,1,sin_circulo
3712,8,False,3437,1,sin_circulo
3713,26,False,3437,1,sin_circulo
3714,26,False,3437,1,sin_circulo
3715,14,False,3437,1,sin_circulo
3716,7,False,3437,1,sin_circulo
3717,3,False,3437,1,sin_circulo
3718,27,False,3437,1,3437_circle14
3719,23,False,3437,1,3437_circle14
3720,10,False,3437,1,sin_circulo
3721,30,False,3437,1,3437_circle4
3722,33,False,3437,1,sin_circulo
3723,8,False,3437,1,sin_circulo
3724,6,False,3437,1,sin_circulo
3725,19,False,3437,1,sin_circulo
3726,15,False,3437,1,sin_circulo
3727,6,False,3437,1,sin_circulo
3728,28,False,3437,1,sin_circulo
3729,1,False,3437,1,sin_circulo
3730,28,False,3437,1,sin_circulo
3731,40,False,3437,1,sin_circulo
3732,2,False,3437,1,sin_circulo
3733,3,False,3437,1,sin_circulo
3734,49,False,3437,1,sin_circulo
3735,16,False,3437,1,sin_circulo
3736,12,False,3437,1,sin_circulo
3737,39,False,3437,1,sin_circulo
3738,30,False,3437,1,sin_circulo
3739,15,False,3437,1,sin_circulo
3740,27,False,3437,1,sin_circulo
3741,18,False,3437,1,sin_circulo
3742,5,False,3437,1,sin_circulo
3743,19,False,3437,1,sin_circulo
3744,3,False,3437,1,sin_circulo
3745,6,False,3437,1,sin_circulo
3746,2,False,3437,1,sin_circulo
3747,22,False,3437,1,sin_circulo
3748,1,False,3437,1,sin_circulo
3749,6,False,3437,1,sin_circulo
3750,29,False,3437,1,sin_circulo
3751,6,False,3437,1,sin_circulo
3752,19,False,3437,1,sin_circulo
3753,25,False,3437,1,3437_circle3
3754,8,False,3437,1,sin_circulo
3755,8,False,3437,1,sin_circulo
3756,61,False,3437,1,sin_circulo
3757,17,False,3437,1,sin_circulo
3758,44,False,3437,1,3437_circle13
3759,19,False,3437,1,3437_circle11
3760,17,False,3437,1,sin_circulo
3761,21,False,3437,1,sin_circulo
3762,17,False,3437,1,sin_circulo
3763,12,False,3437,1,3437_circle10
3764,29,False,3437,1,sin_circulo
3765,4,False,3437,1,sin_circulo
3766,10,False,3437,1,3437_circle14
3767,10,False,3437,1,sin_circulo
3768,23,False,3437,1,sin_circulo
3769,13,False,3437,1,sin_circulo
3770,10,False,3437,1,3437_circle14
3771,7,False,3437,1,3437_circle2
3772,8,False,3437,1,3437_circle31
3773,14,False,3437,1,sin_circulo
3774,18,False,3437,1,sin_circulo
3775,9,False,3437,1,3437_circle7
3776,19,False,3437,1,sin_circulo
3777,10,False,3437,1,3437_circle14
3778,13,False,3437,1,sin_circulo
3779,19,False,3437,1,3437_circle31
3780,16,False,3437,1,sin_circulo
3781,4,False,3437,1,sin_circulo
3782,32,False,3437,1,3437_circle1
3783,13,False,3437,1,sin_circulo
3784,12,False,3437,1,sin_circulo
3785,19,False,3437,1,sin_circulo
3786,21,False,3437,1,3437_circle1
3787,5,False,3437,1,sin_circulo
3788,12,False,3437,1,sin_circulo
3789,8,False,3437,1,sin_circulo
3790,45,False,3437,1,sin_circulo
3791,21,False,3437,1,3437_circle14
3792,15,False,3437,1,sin_circulo
3793,49,False,3437,1,sin_circulo
3794,35,False,3437,1,sin_circulo
3795,5,False,3437,1,sin_circulo
3796,11,False,3437,1,sin_circulo
3797,43,False,3437,1,sin_circulo
3798,1,False,3437,1,sin_circulo
3799,14,False,3437,1,3437_circle11
3800,49,False,3437,1,sin_circulo
3801,3,False,3437,1,sin_circulo
3802,16,False,3437,1,sin_circulo
3803,21,False,3437,1,3437_circle14
3804,49,False,3437,1,sin_circulo
3805,5,False,3437,1,sin_circulo
3806,6,False,3437,1,sin_circulo
3807,2,False,3437,1,sin_circulo
3808,2,False,3437,1,sin_circulo
3809,16,False,3437,1,sin_circulo
3810,35,False,3437,1,3437_circle13
3811,3,False,3437,1,sin_circulo
3812,7,False,3437,1,sin_circulo
3813,7,False,3437,1,sin_circulo
3814,8,False,3437,1,sin_circulo
3815,15,False,3437,1,sin_circulo
3816,3,False,3437,1,sin_circulo
3817,12,False,3437,1,sin_circulo
3818,14,False,3437,1,sin_circulo
3819,13,False,3437,1,3437_circle14
3820,1,False,3437,1,sin_circulo
3821,26,False,3437,1,sin_circulo
3822,30,False,3437,1,sin_circulo
3823,14,False,3437,1,3437_circle14
3824,50,False,3437,1,sin_circulo
3825,27,False,3437,1,3437_circle14
3826,32,False,3437,1,sin_circulo
3827,8,False,3437,1,sin_circulo
3828,28,False,3437,1,sin_circulo
3829,37,False,3437,1,sin_circulo
3830,108,False,3437,1,3437_circle3
3831,25,False,3437,1,sin_circulo
3832,12,False,3437,1,3437_circle0
3833,32,False,3437,1,sin_circulo
3834,7,False,3437,1,3437_circle8
3835,26,False,3437,1,sin_circulo
3836,22,False,3437,1,3437_circle11
3837,17,False,3437,1,3437_circle11
3838,61,False,3437,1,sin_circulo
3839,5,False,3437,1,sin_circulo
3840,12,False,3437,1,sin_circulo
3841,33,False,3437,1,sin_circulo
3842,41,False,3437,1,sin_circulo
3843,8,False,3437,1,3437_circle14
3844,5,False,3437,1,3437_circle11
3845,20,False,3437,1,sin_circulo
3846,2,False,3437,1,sin_circulo
3847,13,False,3437,1,sin_circulo
3848,6,False,3437,1,sin_circulo
3849,5,False,3437,1,sin_circulo
3850,20,False,3437,1,sin_circulo
3851,59,False,3437,1,sin_circulo
3852,22,False,3437,1,sin_circulo
3853,1,False,3437,1,sin_circulo
3854,2,False,3437,1,sin_circulo
3855,15,False,3437,1,sin_circulo
3856,1,False,3437,1,sin_circulo
3857,11,False,3437,1,sin_circulo
3858,32,False,3437,1,sin_circulo
3859,6,False,3437,1,sin_circulo
3860,37,False,3437,1,3437_circle0
3861,16,False,3437,1,3437_circle14
3862,19,False,3437,1,sin_circulo
3863,11,False,3437,1,sin_circulo
3864,7,False,3437,1,sin_circulo
3865,4,False,3437,1,sin_circulo
3866,19,False,3437,1,sin_circulo
3867,26,False,3437,1,sin_circulo
3868,18,False,3437,1,sin_circulo
3869,32,False,3437,1,sin_circulo
3870,26,False,3437,1,sin_circulo
3871,8,False,3437,1,sin_circulo
3872,14,False,3437,1,sin_circulo
3873,38,False,3437,1,sin_circulo
3874,14,False,3437,1,sin_circulo
3875,2,False,3437,1,sin_circulo
3876,9,False,3437,1,sin_circulo
3877,55,False,3437,1,sin_circulo
3878,10,False,3437,1,sin_circulo
3879,2,False,3437,1,sin_circulo
3880,10,False,3437,1,3437_circle3
3881,18,False,3437,1,sin_circulo
3882,4,False,3437,1,sin_circulo
3883,15,False,3437,1,sin_circulo
3884,34,False,3437,1,sin_circulo
3885,2,False,3437,1,sin_circulo
3886,29,False,3437,1,sin_circulo
3887,5,False,3437,1,sin_circulo
3888,10,False,3437,1,sin_circulo
3889,15,False,3437,1,sin_circulo
3890,5,False,3437,1,sin_circulo
3891,24,False,3437,1,sin_circulo
3892,13,False,3437,1,sin_circulo
3893,6,False,3437,1,3437_circle11
3894,9,False,3437,1,3437_circle2
3895,13,False,3437,1,3437_circle6
3896,21,False,3437,1,sin_circulo
3897,4,False,3437,1,sin_circulo
3898,16,False,3437,1,sin_circulo
3899,7,False,3437,1,sin_circulo
3900,34,False,3437,1,sin_circulo
3901,8,False,3437,1,sin_circulo
3902,42,False,3437,1,sin_circulo
3903,18,False,3437,1,sin_circulo
3904,7,False,3437,1,sin_circulo
3905,8,False,3437,1,sin_circulo
3906,44,False,3437,1,sin_circulo
3907,26,False,3437,1,3437_circle3
3908,7,False,3437,1,sin_circulo
3909,22,False,3437,1,sin_circulo
3910,4,False,3437,1,sin_circulo
3911,7,False,3437,1,sin_circulo
3912,15,False,3437,1,3437_circle16
3913,18,False,3437,1,sin_circulo
3914,8,False,3437,1,sin_circulo
3915,22,False,3437,1,sin_circulo
3916,7,False,3437,1,sin_circulo
3917,15,False,3437,1,sin_circulo
3918,31,False,3437,1,sin_circulo
3919,12,False,3437,1,sin_circulo
3920,16,False,3437,1,sin_circulo
3921,30,False,3437,1,sin_circulo
3922,2,False,3437,1,sin_circulo
3923,7,False,3437,1,sin_circulo
3924,41,False,3437,1,sin_circulo
3925,5,False,3437,1,sin_circulo
3926,43,False,3437,1,sin_circulo
3927,24,False,3437,1,sin_circulo
3928,3,False,3437,1,sin_circulo
3929,15,False,3437,1,sin_circulo
3930,47,False,3437,1,sin_circulo
3931,22,False,3437,1,sin_circulo
3932,8,False,3437,1,sin_circulo
3933,22,False,3437,1,sin_circulo
3934,10,False,3437,1,sin_circulo
3935,1,False,3437,1,sin_circulo
3936,6,False,3437,1,sin_circulo
3937,14,False,3437,1,sin_circulo
3938,83,False,3437,1,3437_circle0
3939,4,False,3437,1,3437_circle2
3940,11,False,3437,1,sin_circulo
3941,7,False,3437,1,sin_circulo
3942,2,False,3437,1,sin_circulo
3943,25,False,3437,1,sin_circulo
3944,13,False,3437,1,sin_circulo
3945,34,False,3437,1,3437_circle14
3946,4,False,3437,1,sin_circulo
3947,32,False,3437,1,3437_circle1
3948,59,False,3437,1,3437_circle3
3949,12,False,3437,1,3437_circle2
3950,16,False,3437,1,sin_circulo
3951,35,False,3437,1,sin_circulo
3952,4,False,3437,1,sin_circulo
3953,4,False,3437,1,sin_circulo
3954,4,False,3437,1,sin_circulo
3955,3,False,3437,1,sin_circulo
3956,24,False,3437,1,sin_circulo
3957,18,False,3437,1,sin_circulo
3958,9,False,3437,1,sin_circulo
3959,2,False,3437,1,sin_circulo
3960,17,False,3437,1,sin_circulo
3961,7,False,3437,1,sin_circulo
3962,39,False,3437,1,3437_circle3
3963,6,False,3437,1,3437_circle2
3964,15,False,3437,1,sin_circulo
3965,4,False,3437,1,sin_circulo
3966,47,False,3437,1,sin_circulo
3967,16,False,3437,1,sin_circulo
3968,46,False,3437,1,sin_circulo
3969,25,False,3437,1,sin_circulo
3970,6,False,3437,1,sin_circulo
3971,47,False,3437,1,sin_circulo
3972,18,False,3437,1,sin_circulo
3973,8,False,3437,1,sin_circulo
3974,1,False,3437,1,sin_circulo
3975,15,False,3437,1,sin_circulo
3976,15,False,3437,1,sin_circulo
3977,6,False,3437,1,sin_circulo
3978,4,False,3437,1,sin_circulo
3979,12,False,3437,1,3437_circle25
3980,59,True,3980,1,sin_circulo
3981,8,False,3980,1,3980_circle6
3982,14,False,3980,1,3980_circle15
3983,2,False,3980,1,3980_circle9
3984,1,False,3980,1,3980_circle7
3985,6,False,3980,1,3980_circle16
3986,9,False,3980,1,3980_circle9
3987,2,False,3980,1,3980_circle3
3988,7,False,3980,1,3980_circle8
3989,6,False,3980,1,3980_circle0
3990,4,False,3980,1,3980_circle10
3991,3,False,3980,1,3980_circle6
3992,3,False,3980,1,3980_circle9
3993,6,False,3980,1,3980_circle16
3994,11,False,3980,1,3980_circle6
3995,9,False,3980,1,3980_circle16
3996,4,False,3980,1,3980_circle6
3997,11,False,3980,1,3980_circle6
3998,14,False,3980,1,3980_circle6
3999,4,False,3980,1,3980_circle6
4000,9,False,3980,1,3980_circle9
4001,2,False,3980,1,3980_circle11
4002,7,False,3980,1,3980_circle6
4003,5,False,3980,1,3980_circle16
4004,10,False,3980,1,3980_circle16
4005,3,False,3980,1,3980_circle6
4006,2,False,3980,1,3980_circle4
4007,4,False,3980,1,3980_circle10
4008,1,False,3980,1,3980_circle6
4009,10,False,3980,1,3980_circle0
4010,1,False,3980,1,3980_circle1
4011,4,False,3980,1,3980_circle6
4012,2,False,3980,1,3980_circle12
4013,6,False,3980,1,3980_circle2
4014,12,False,3980,1,3980_circle14
4015,1,False,3980,1,3980_circle3
4016,4,False,3980,1,3980_circle10
4017,9,False,3980,1,3980_circle9
4018,7,False,3980,1,3980_circle6
4019,8,False,3980,1,3980_circle6
4020,8,False,3980,1,3980_circle6
4021,11,False,3980,1,3980_circle8
4022,1,False,3980,1,sin_circulo
4023,18,False,3980,1,3980_circle6
4024,1,False,3980,1,3980_circle3
4025,4,False,3980,1,3980_circle10
4026,9,False,3980,1,3980_circle8
4027,7,False,3980,1,3980_circle6
4028,2,False,3980,1,3980_circle6
4029,2,False,3980,1,3980_circle11
4030,19,False,3980,1,3980_circle8
4031,11,False,3980,1,3980_circle6
4032,2,False,3980,1,3980_circle6
4033,3,False,3980,1,3980_circle9
4034,2,False,3980,1,3980_circle6
4035,1,False,3980,1,3980_circle5
4036,2,False,3980,1,3980_circle6
4037,4,False,3980,1,3980_circle1
4038,9,False,3980,1,3980_circle13
