origen,destino,vecinos_comunes,peso_jaccard,prob_origen_a_destino,prob_destino_a_origen
58,107,3,0.997154,0.000957,0.083333
58,171,7,0.740741,0.045455,0.083333
58,1684,8,0.98995,0.001263,0.083333
58,2814,1,0.923077,0.5,0.083333
58,2838,3,0.769231,0.25,0.083333
58,2885,3,0.769231,0.25,0.083333
58,3003,3,0.769231,0.25,0.083333
58,3173,1,0.965517,0.055556,0.083333
58,3290,3,0.785714,0.2,0.083333
107,171,10,0.990539,0.045455,0.000957
107,990,11,0.989652,0.034483,0.000957
107,1171,20,0.980934,0.041667,0.000957
107,1405,30,0.971831,0.02,0.000957
107,1419,17,0.98384,0.041667,0.000957
107,1450,14,0.986717,0.043478,0.000957
107,1505,33,0.969188,0.016949,0.000957
107,1534,18,0.983019,0.030303,0.000957
107,1642,13,0.987736,0.035714,0.000957
107,1656,23,0.97822,0.029412,0.000957
107,1666,21,0.980189,0.027778,0.000957
107,1684,14,0.99232,0.001263,0.000957
107,1726,12,0.988615,0.047619,0.000957
107,1758,19,0.981956,0.037037,0.000957
171,1171,6,0.85,0.041667,0.045455
171,1684,9,0.98882,0.001263,0.045455
171,2704,1,0.956522,0.5,0.045455
171,2740,1,0.956522,0.5,0.045455
171,2838,3,0.869565,0.25,0.045455
171,2885,3,0.869565,0.25,0.045455
171,3003,3,0.869565,0.25,0.045455
171,3290,4,0.826087,0.2,0.045455
860,1684,0,1.0,0.001263,0.5
990,1419,3,0.94,0.041667,0.034483
990,1450,12,0.7,0.043478,0.034483
990,1505,16,0.777778,0.016949,0.034483
990,1534,14,0.708333,0.030303,0.034483
990,1656,12,0.764706,0.029412,0.034483
990,1666,13,0.75,0.027778,0.034483
990,1684,25,0.968593,0.001263,0.034483
990,1726,11,0.717949,0.047619,0.034483
990,2678,8,0.733333,0.111111,0.034483
990,2760,6,0.823529,0.090909,0.034483
990,2822,8,0.771429,0.071429,0.034483
990,2883,6,0.842105,0.066667,0.034483
990,2941,4,0.888889,0.090909,0.034483
990,2968,4,0.894737,0.076923,0.034483
990,3005,4,0.941176,0.023256,0.034483
990,3057,10,0.722222,0.058824,0.034483
990,3136,2,0.977528,0.016129,0.034483
990,3164,8,0.741935,0.1,0.034483
990,3222,11,0.666667,0.066667,0.034483
990,3245,8,0.771429,0.071429,0.034483
990,3248,2,0.965517,0.032258,0.034483
990,3263,15,0.791667,0.017241,0.034483
990,3278,13,0.628571,0.052632,0.034483
990,3328,1,0.978261,0.055556,0.034483
990,3361,5,0.868421,0.071429,0.034483
1171,1450,3,0.931818,0.043478,0.041667
1171,1534,5,0.903846,0.030303,0.041667
1171,1642,7,0.844444,0.035714,0.041667
1171,1684,8,0.990099,0.001263,0.041667
1171,2677,2,0.945946,0.066667,0.041667
1171,2826,1,0.969697,0.1,0.041667
1171,3290,2,0.925926,0.2,0.041667
1405,1684,20,0.975669,0.001263,0.02
1405,2724,12,0.888889,0.014286,0.02
1405,2752,2,0.963636,0.142857,0.02
1405,2775,11,0.833333,0.037037,0.02
1405,2869,1,0.991597,0.014286,0.02
1405,2892,10,0.855072,0.034483,0.02
1405,2962,5,0.921875,0.052632,0.02
1405,3001,11,0.851351,0.028571,0.02
1405,3019,13,0.878505,0.014286,0.02
1405,3100,8,0.894737,0.029412,0.02
1405,3162,13,0.861702,0.017544,0.02
1405,3168,13,0.847059,0.020833,0.02
1405,3233,12,0.881188,0.015873,0.02
1405,3295,14,0.829268,0.021739,0.02
1405,3304,2,0.975904,0.028571,0.02
1405,3331,7,0.911392,0.027778,0.02
1405,3366,11,0.891089,0.016129,0.02
1405,3404,2,0.969697,0.055556,0.02
1405,3406,1,0.991597,0.014286,0.02
1405,3412,9,0.895349,0.022222,0.02
1419,1684,9,0.988848,0.001263,0.041667
1419,1758,7,0.840909,0.037037,0.041667
1419,2813,4,0.914894,0.037037,0.041667
1419,2971,2,0.923077,0.25,0.041667
1419,3034,2,0.969231,0.023256,0.041667
1419,3178,3,0.934783,0.04,0.041667
1419,3410,2,0.947368,0.0625,0.041667
1419,3420,2,0.955556,0.043478,0.041667
1450,1505,13,0.811594,0.016949,0.043478
1450,1534,10,0.782609,0.030303,0.043478
1450,1656,10,0.787234,0.029412,0.043478
1450,1666,14,0.688889,0.027778,0.043478
1450,1684,16,0.979975,0.001263,0.043478
1450,1726,8,0.777778,0.047619,0.043478
1450,2968,5,0.83871,0.076923,0.043478
1450,2976,3,0.95082,0.02439,0.043478
1450,3011,6,0.898305,0.02381,0.043478
1450,3179,3,0.965909,0.014706,0.043478
1450,3245,8,0.724138,0.071429,0.043478
1450,3263,9,0.875,0.017241,0.043478
1450,3278,8,0.764706,0.052632,0.043478
1450,3289,3,0.923077,0.052632,0.043478
1505,1534,15,0.805195,0.030303,0.016949
1505,1656,17,0.776316,0.029412,0.016949
1505,1666,15,0.8125,0.027778,0.016949
1505,1684,32,0.960928,0.001263,0.016949
1505,1758,11,0.853333,0.037037,0.016949
1505,2678,4,0.9375,0.111111,0.016949
1505,2725,1,0.984848,0.125,0.016949
1505,2734,4,0.950617,0.038462,0.016949
1505,2760,4,0.939394,0.090909,0.016949
1505,2764,7,0.909091,0.04,0.016949
1505,2826,3,0.954545,0.1,0.016949
1505,2883,7,0.895522,0.066667,0.016949
1505,2964,3,0.959459,0.055556,0.016949
1505,2968,7,0.892308,0.076923,0.016949
1505,2976,4,0.958333,0.02439,0.016949
1505,3005,5,0.948454,0.023256,0.016949
1505,3011,10,0.89011,0.02381,0.016949
1505,3019,6,0.95122,0.014286,0.016949
1505,3020,6,0.933333,0.027027,0.016949
1505,3062,4,0.954023,0.03125,0.016949
1505,3079,5,0.946237,0.025641,0.016949
1505,3164,4,0.938462,0.1,0.016949
1505,3165,5,0.918033,0.142857,0.016949
1505,3168,3,0.971154,0.020833,0.016949
1505,3205,5,0.927536,0.066667,0.016949
1505,3245,8,0.876923,0.071429,0.016949
1505,3258,8,0.918367,0.021277,0.016949
1505,3278,10,0.852941,0.052632,0.016949
1505,3386,5,0.95283,0.019231,0.016949
1505,3409,1,0.986486,0.0625,0.016949
1534,1642,9,0.826923,0.035714,0.030303
1534,1666,13,0.767857,0.027778,0.030303
1534,1684,22,0.972603,0.001263,0.030303
1534,1758,6,0.888889,0.037037,0.030303
1534,2693,6,0.866667,0.055556,0.030303
1534,2764,11,0.765957,0.04,0.030303
1534,2822,9,0.763158,0.071429,0.030303
1534,2883,7,0.829268,0.066667,0.030303
1534,2979,4,0.914894,0.055556,0.030303
1534,3101,5,0.966667,0.008197,0.030303
1534,3222,8,0.8,0.066667,0.030303
1534,3245,8,0.794872,0.071429,0.030303
1534,3248,2,0.967742,0.032258,0.030303
1534,3263,10,0.876543,0.017241,0.030303
1534,3265,2,0.974684,0.020833,0.030303
1534,3278,13,0.666667,0.052632,0.030303
1534,3361,7,0.825,0.071429,0.030303
1534,3385,3,0.963855,0.018868,0.030303
1642,1684,17,0.978829,0.001263,0.035714
1642,2677,4,0.897436,0.066667,0.035714
1642,2693,8,0.789474,0.055556,0.035714
1642,2725,2,0.941176,0.125,0.035714
1642,2764,12,0.707317,0.04,0.035714
1642,2822,8,0.764706,0.071429,0.035714
1642,2903,5,0.83871,0.125,0.035714
1642,2938,1,0.978723,0.05,0.035714
1642,2941,6,0.818182,0.090909,0.035714
1642,2999,9,0.816327,0.033333,0.035714
1642,3201,3,0.974359,0.01087,0.035714
1642,3263,6,0.925,0.017241,0.035714
1642,3319,3,0.941176,0.038462,0.035714
1642,3355,2,0.975,0.018519,0.035714
1642,3361,7,0.8,0.071429,0.035714
1656,1666,10,0.833333,0.027778,0.029412
1656,1684,16,0.980247,0.001263,0.029412
1656,1726,10,0.777778,0.047619,0.029412
1656,2764,4,0.927273,0.04,0.029412
1656,2826,3,0.926829,0.1,0.029412
1656,2883,5,0.886364,0.066667,0.029412
1656,2964,3,0.938776,0.055556,0.029412
1656,3057,7,0.840909,0.058824,0.029412
1656,3097,1,0.986486,0.02439,0.029412
1656,3164,6,0.842105,0.1,0.029412
1656,3165,3,0.921053,0.142857,0.029412
1656,3263,9,0.891566,0.017241,0.029412
1656,3278,9,0.795455,0.052632,0.029412
1666,1684,21,0.973978,0.001263,0.027778
1666,1726,7,0.86,0.047619,0.027778
1666,2707,1,0.98,0.066667,0.027778
1666,2869,2,0.980769,0.014286,0.027778
1666,2883,7,0.840909,0.066667,0.027778
1666,2968,6,0.860465,0.076923,0.027778
1666,3020,5,0.926471,0.027027,0.027778
1666,3100,2,0.970588,0.029412,0.027778
1666,3111,2,0.976744,0.019231,0.027778
1666,3186,1,0.982759,0.043478,0.027778
1666,3222,7,0.840909,0.066667,0.027778
1666,3245,8,0.809524,0.071429,0.027778
1666,3258,5,0.935897,0.021277,0.027778
1666,3263,10,0.880952,0.017241,0.027778
1666,3278,10,0.777778,0.052632,0.027778
1666,3289,3,0.942308,0.052632,0.027778
1684,1726,13,0.98375,0.047619,0.001263
1684,1758,11,0.986386,0.037037,0.001263
1684,2661,98,0.876419,0.010101,0.001263
1684,2662,36,0.954603,0.027027,0.001263
1684,2663,25,0.968474,0.038462,0.001263
1684,2664,82,0.896595,0.012048,0.001263
1684,2665,49,0.938209,0.02,0.001263
1684,2666,60,0.924338,0.016393,0.001263
1684,2667,19,0.97604,0.05,0.001263
1684,2668,33,0.958386,0.029412,0.001263
1684,2669,96,0.878941,0.010309,0.001263
1684,2670,18,0.977301,0.052632,0.001263
1684,2671,5,0.993695,0.166667,0.001263
1684,2672,36,0.954603,0.027027,0.001263
1684,2673,28,0.964691,0.034483,0.001263
1684,2674,69,0.912989,0.014286,0.001263
1684,2675,37,0.953342,0.026316,0.001263
1684,2676,82,0.896595,0.012048,0.001263
1684,2677,14,0.982346,0.066667,0.001263
1684,2678,8,0.989912,0.111111,0.001263
1684,2679,92,0.883985,0.010753,0.001263
1684,2680,52,0.934426,0.018868,0.001263
1684,2681,44,0.944515,0.022222,0.001263
1684,2682,15,0.981084,0.0625,0.001263
1684,2683,77,0.9029,0.012821,0.001263
1684,2684,27,0.965952,0.035714,0.001263
1684,2685,11,0.986129,0.083333,0.001263
1684,2686,23,0.970996,0.041667,0.001263
1684,2687,20,0.974779,0.047619,0.001263
1684,2688,10,0.98739,0.090909,0.001263
1684,2689,66,0.916772,0.014925,0.001263
1684,2690,30,0.962169,0.032258,0.001263
1684,2691,2,0.997478,0.333333,0.001263
1684,2692,4,0.994956,0.2,0.001263
1684,2693,17,0.978562,0.055556,0.001263
1684,2694,92,0.883985,0.010753,0.001263
1684,2695,10,0.98739,0.090909,0.001263
1684,2696,18,0.977301,0.052632,0.001263
1684,2697,15,0.981084,0.0625,0.001263
1684,2698,68,0.91425,0.014493,0.001263
1684,2699,12,0.984868,0.076923,0.001263
1684,2700,14,0.982346,0.066667,0.001263
1684,2701,25,0.968474,0.038462,0.001263
1684,2702,23,0.970996,0.041667,0.001263
1684,2703,17,0.978562,0.055556,0.001263
1684,2704,1,0.998739,0.5,0.001263
1684,2705,26,0.967213,0.037037,0.001263
1684,2706,66,0.916772,0.014925,0.001263
1684,2707,14,0.982346,0.066667,0.001263
1684,2708,33,0.958386,0.029412,0.001263
1684,2709,11,0.986129,0.083333,0.001263
1684,2710,12,0.984868,0.076923,0.001263
1684,2711,30,0.962169,0.032258,0.001263
1684,2712,43,0.945776,0.022727,0.001263
1684,2713,30,0.962169,0.032258,0.001263
1684,2714,2,0.997478,0.333333,0.001263
1684,2715,31,0.960908,0.03125,0.001263
1684,2716,94,0.881463,0.010526,0.001263
1684,2717,53,0.933165,0.018519,0.001263
1684,2718,36,0.954603,0.027027,0.001263
1684,2719,99,0.875158,0.01,0.001263
1684,2720,48,0.93947,0.020408,0.001263
1684,2721,5,0.993695,0.166667,0.001263
1684,2722,2,0.997478,0.333333,0.001263
1684,2723,11,0.986129,0.083333,0.001263
1684,2724,69,0.912989,0.014286,0.001263
1684,2725,7,0.991173,0.125,0.001263
1684,2726,16,0.979823,0.058824,0.001263
1684,2727,12,0.984868,0.076923,0.001263
1684,2728,37,0.953342,0.026316,0.001263
1684,2729,62,0.921816,0.015873,0.001263
1684,2730,88,0.889029,0.011236,0.001263
1684,2731,28,0.964691,0.034483,0.001263
1684,2732,7,0.991173,0.125,0.001263
1684,2733,23,0.970996,0.041667,0.001263
1684,2734,25,0.968474,0.038462,0.001263
1684,2735,18,0.977301,0.052632,0.001263
1684,2736,4,0.994956,0.2,0.001263
1684,2737,20,0.974779,0.047619,0.001263
1684,2738,82,0.896595,0.012048,0.001263
1684,2739,30,0.962169,0.032258,0.001263
1684,2740,1,0.998739,0.5,0.001263
1684,2741,56,0.929382,0.017544,0.001263
1684,2742,115,0.854981,0.008621,0.001263
1684,2743,50,0.936948,0.019608,0.001263
1684,2744,12,0.984868,0.076923,0.001263
1684,2745,32,0.959647,0.030303,0.001263
1684,2746,14,0.982346,0.066667,0.001263
1684,2747,12,0.984868,0.076923,0.001263
1684,2748,74,0.906683,0.013333,0.001263
1684,2749,52,0.934426,0.018868,0.001263
1684,2750,84,0.894073,0.011765,0.001263
1684,2751,34,0.957125,0.028571,0.001263
1684,2752,6,0.992434,0.142857,0.001263
1684,2753,51,0.935687,0.019231,0.001263
1684,2754,121,0.847415,0.008197,0.001263
1684,2755,88,0.889029,0.011236,0.001263
1684,2756,44,0.944515,0.022222,0.001263
1684,2757,82,0.896595,0.012048,0.001263
1684,2758,45,0.943253,0.021739,0.001263
1684,2759,21,0.973518,0.045455,0.001263
1684,2760,10,0.98739,0.090909,0.001263
1684,2761,27,0.965952,0.035714,0.001263
1684,2762,20,0.974779,0.047619,0.001263
1684,2763,62,0.921816,0.015873,0.001263
1684,2764,24,0.969735,0.04,0.001263
1684,2765,46,0.941992,0.021277,0.001263
1684,2766,12,0.984868,0.076923,0.001263
1684,2767,5,0.993695,0.166667,0.001263
1684,2768,27,0.965952,0.035714,0.001263
1684,2769,11,0.986129,0.083333,0.001263
1684,2770,40,0.949559,0.02439,0.001263
1684,2771,13,0.983607,0.071429,0.001263
1684,2772,33,0.958386,0.029412,0.001263
1684,2773,56,0.929382,0.017544,0.001263
1684,2774,5,0.993695,0.166667,0.001263
1684,2775,26,0.967213,0.037037,0.001263
1684,2776,5,0.993695,0.166667,0.001263
1684,2777,82,0.896595,0.012048,0.001263
1684,2778,94,0.881463,0.010526,0.001263
1684,2779,18,0.977301,0.052632,0.001263
1684,2780,58,0.92686,0.016949,0.001263
1684,2781,65,0.918033,0.015152,0.001263
1684,2782,97,0.87768,0.010204,0.001263
1684,2783,32,0.959647,0.030303,0.001263
1684,2784,27,0.965952,0.035714,0.001263
1684,2785,43,0.945776,0.022727,0.001263
1684,2786,101,0.872636,0.009804,0.001263
1684,2787,48,0.93947,0.020408,0.001263
1684,2788,1,0.998739,0.5,0.001263
1684,2789,18,0.977301,0.052632,0.001263
1684,2790,8,0.989912,0.111111,0.001263
1684,2791,11,0.986129,0.083333,0.001263
1684,2792,2,0.997478,0.333333,0.001263
1684,2793,98,0.876419,0.010101,0.001263
1684,2794,18,0.977301,0.052632,0.001263
1684,2795,23,0.970996,0.041667,0.001263
1684,2796,59,0.925599,0.016667,0.001263
1684,2797,26,0.967213,0.037037,0.001263
1684,2798,2,0.997478,0.333333,0.001263
1684,2799,7,0.991173,0.125,0.001263
1684,2800,81,0.897856,0.012195,0.001263
1684,2801,9,0.988651,0.1,0.001263
1684,2802,9,0.988651,0.1,0.001263
1684,2803,21,0.973518,0.045455,0.001263
1684,2804,8,0.989912,0.111111,0.001263
1684,2805,7,0.991173,0.125,0.001263
1684,2806,49,0.938209,0.02,0.001263
1684,2807,21,0.973518,0.045455,0.001263
1684,2808,2,0.997478,0.333333,0.001263
1684,2809,18,0.977301,0.052632,0.001263
1684,2810,57,0.928121,0.017241,0.001263
1684,2811,6,0.992434,0.142857,0.001263
1684,2812,24,0.969735,0.04,0.001263
1684,2813,26,0.967213,0.037037,0.001263
1684,2814,1,0.998739,0.5,0.001263
1684,2815,56,0.929382,0.017544,0.001263
1684,2816,10,0.98739,0.090909,0.001263
1684,2817,4,0.994956,0.2,0.001263
1684,2818,15,0.981084,0.0625,0.001263
1684,2819,23,0.970996,0.041667,0.001263
1684,2820,14,0.982346,0.066667,0.001263
1684,2821,12,0.984868,0.076923,0.001263
1684,2822,13,0.983607,0.071429,0.001263
1684,2823,37,0.953342,0.026316,0.001263
1684,2824,5,0.993695,0.166667,0.001263
1684,2825,19,0.97604,0.05,0.001263
1684,2826,9,0.988651,0.1,0.001263
1684,2827,74,0.906683,0.013333,0.001263
1684,2828,77,0.9029,0.012821,0.001263
1684,2829,27,0.965952,0.035714,0.001263
1684,2830,21,0.973518,0.045455,0.001263
1684,2831,17,0.978562,0.055556,0.001263
1684,2832,29,0.96343,0.033333,0.001263
1684,2833,81,0.897856,0.012195,0.001263
1684,2834,8,0.989912,0.111111,0.001263
1684,2835,43,0.945776,0.022727,0.001263
1684,2836,30,0.962169,0.032258,0.001263
1684,2837,13,0.983607,0.071429,0.001263
1684,2838,3,0.996217,0.25,0.001263
1684,2839,136,0.828499,0.007299,0.001263
1684,2840,32,0.959647,0.030303,0.001263
1684,2841,30,0.962169,0.032258,0.001263
1684,2842,0,1.0,1.0,0.001263
1684,2843,28,0.964691,0.034483,0.001263
1684,2844,28,0.964691,0.034483,0.001263
1684,2845,25,0.968474,0.038462,0.001263
1684,2846,26,0.967213,0.037037,0.001263
1684,2847,11,0.986129,0.083333,0.001263
1684,2848,20,0.974779,0.047619,0.001263
1684,2849,80,0.899117,0.012346,0.001263
1684,2850,32,0.959647,0.030303,0.001263
1684,2851,21,0.973518,0.045455,0.001263
1684,2852,10,0.98739,0.090909,0.001263
1684,2853,61,0.923077,0.016129,0.001263
1684,2854,35,0.955864,0.027778,0.001263
1684,2855,3,0.996217,0.25,0.001263
1684,2856,17,0.978562,0.055556,0.001263
1684,2857,1,0.998739,0.5,0.001263
1684,2858,16,0.979823,0.058824,0.001263
1684,2859,19,0.97604,0.05,0.001263
1684,2860,2,0.997478,0.333333,0.001263
1684,2861,10,0.98739,0.090909,0.001263
1684,2862,70,0.911728,0.014085,0.001263
1684,2863,103,0.870113,0.009615,0.001263
1684,2864,74,0.906683,0.013333,0.001263
1684,2865,38,0.952081,0.025641,0.001263
1684,2866,77,0.9029,0.012821,0.001263
1684,2867,79,0.900378,0.0125,0.001263
1684,2868,20,0.974779,0.047619,0.001263
1684,2869,69,0.912989,0.014286,0.001263
1684,2870,21,0.973518,0.045455,0.001263
1684,2871,41,0.948298,0.02381,0.001263
1684,2872,75,0.905422,0.013158,0.001263
1684,2873,72,0.909206,0.013699,0.001263
1684,2874,46,0.941992,0.021277,0.001263
1684,2875,51,0.935687,0.019231,0.001263
1684,2876,13,0.983607,0.071429,0.001263
1684,2877,103,0.870113,0.009615,0.001263
1684,2878,10,0.98739,0.090909,0.001263
1684,2879,15,0.981084,0.0625,0.001263
1684,2880,65,0.918033,0.015152,0.001263
1684,2881,44,0.944515,0.022222,0.001263
1684,2882,9,0.988651,0.1,0.001263
1684,2883,14,0.982346,0.066667,0.001263
1684,2884,5,0.993695,0.166667,0.001263
1684,2885,3,0.996217,0.25,0.001263
1684,2886,9,0.988651,0.1,0.001263
1684,2887,39,0.95082,0.025,0.001263
1684,2888,14,0.982346,0.066667,0.001263
1684,2889,18,0.977301,0.052632,0.001263
1684,2890,87,0.89029,0.011364,0.001263
1684,2891,21,0.973518,0.045455,0.001263
1684,2892,28,0.964691,0.034483,0.001263
1684,2893,7,0.991173,0.125,0.001263
1684,2894,60,0.924338,0.016393,0.001263
1684,2895,8,0.989912,0.111111,0.001263
1684,2896,49,0.938209,0.02,0.001263
1684,2897,53,0.933165,0.018519,0.001263
1684,2898,7,0.991173,0.125,0.001263
1684,2899,5,0.993695,0.166667,0.001263
1684,2900,10,0.98739,0.090909,0.001263
1684,2901,76,0.904161,0.012987,0.001263
1684,2902,6,0.992434,0.142857,0.001263
1684,2903,7,0.991173,0.125,0.001263
1684,2904,71,0.910467,0.013889,0.001263
1684,2905,73,0.907945,0.013514,0.001263
1684,2906,91,0.885246,0.01087,0.001263
1684,2907,31,0.960908,0.03125,0.001263
1684,2908,26,0.967213,0.037037,0.001263
1684,2909,76,0.904161,0.012987,0.001263
1684,2910,82,0.896595,0.012048,0.001263
1684,2911,68,0.91425,0.014493,0.001263
1684,2912,60,0.924338,0.016393,0.001263
1684,2913,74,0.906683,0.013333,0.001263
1684,2914,40,0.949559,0.02439,0.001263
1684,2915,90,0.886507,0.010989,0.001263
1684,2916,86,0.891551,0.011494,0.001263
1684,2917,17,0.978562,0.055556,0.001263
1684,2918,19,0.97604,0.05,0.001263
1684,2919,69,0.912989,0.014286,0.001263
1684,2920,73,0.907945,0.013514,0.001263
1684,2921,39,0.95082,0.025,0.001263
1684,2922,2,0.997478,0.333333,0.001263
1684,2923,15,0.981084,0.0625,0.001263
1684,2924,39,0.95082,0.025,0.001263
1684,2925,78,0.901639,0.012658,0.001263
1684,2926,9,0.988651,0.1,0.001263
1684,2927,91,0.885246,0.01087,0.001263
1684,2928,85,0.892812,0.011628,0.001263
1684,2929,47,0.940731,0.020833,0.001263
1684,2930,7,0.991173,0.125,0.001263
1684,2931,52,0.934426,0.018868,0.001263
1684,2932,39,0.95082,0.025,0.001263
1684,2933,13,0.983607,0.071429,0.001263
1684,2934,19,0.97604,0.05,0.001263
1684,2935,11,0.986129,0.083333,0.001263
1684,2936,59,0.925599,0.016667,0.001263
1684,2937,62,0.921816,0.015873,0.001263
1684,2938,19,0.97604,0.05,0.001263
1684,2939,68,0.91425,0.014493,0.001263
1684,2940,63,0.920555,0.015625,0.001263
1684,2941,10,0.98739,0.090909,0.001263
1684,2942,9,0.988651,0.1,0.001263
1684,2943,81,0.897856,0.012195,0.001263
1684,2944,105,0.867591,0.009434,0.001263
1684,2945,53,0.933165,0.018519,0.001263
1684,2946,58,0.92686,0.016949,0.001263
1684,2947,16,0.979823,0.058824,0.001263
1684,2948,20,0.974779,0.047619,0.001263
1684,2949,19,0.97604,0.05,0.001263
1684,2950,47,0.940731,0.020833,0.001263
1684,2951,101,0.872636,0.009804,0.001263
1684,2952,2,0.997478,0.333333,0.001263
1684,2953,33,0.958386,0.029412,0.001263
1684,2954,12,0.984868,0.076923,0.001263
1684,2955,43,0.945776,0.022727,0.001263
1684,2956,95,0.880202,0.010417,0.001263
1684,2957,13,0.983607,0.071429,0.001263
1684,2958,41,0.948298,0.02381,0.001263
1684,2959,16,0.979823,0.058824,0.001263
1684,2960,91,0.885246,0.01087,0.001263
1684,2961,10,0.98739,0.090909,0.001263
1684,2962,18,0.977301,0.052632,0.001263
1684,2963,3,0.996217,0.25,0.001263
1684,2964,17,0.978562,0.055556,0.001263
1684,2965,16,0.979823,0.058824,0.001263
1684,2966,106,0.86633,0.009346,0.001263
1684,2967,21,0.973518,0.045455,0.001263
1684,2968,12,0.984868,0.076923,0.001263
1684,2969,70,0.911728,0.014085,0.001263
1684,2970,43,0.945776,0.022727,0.001263
1684,2971,3,0.996217,0.25,0.001263
1684,2972,16,0.979823,0.058824,0.001263
1684,2973,72,0.909206,0.013699,0.001263
1684,2974,58,0.92686,0.016949,0.001263
1684,2975,2,0.997478,0.333333,0.001263
1684,2976,40,0.949559,0.02439,0.001263
1684,2977,32,0.959647,0.030303,0.001263
1684,2978,24,0.969735,0.04,0.001263
1684,2979,17,0.978562,0.055556,0.001263
1684,2980,4,0.994956,0.2,0.001263
1684,2981,22,0.972257,0.043478,0.001263
1684,2982,14,0.982346,0.066667,0.001263
1684,2983,16,0.979823,0.058824,0.001263
1684,2984,23,0.970996,0.041667,0.001263
1684,2985,59,0.925599,0.016667,0.001263
1684,2986,99,0.875158,0.01,0.001263
1684,2987,26,0.967213,0.037037,0.001263
1684,2988,62,0.921816,0.015873,0.001263
1684,2989,57,0.928121,0.017241,0.001263
1684,2990,12,0.984868,0.076923,0.001263
1684,2991,60,0.924338,0.016393,0.001263
1684,2992,71,0.910467,0.013889,0.001263
1684,2993,55,0.930643,0.017857,0.001263
1684,2994,64,0.919294,0.015385,0.001263
1684,2995,14,0.982346,0.066667,0.001263
1684,2996,38,0.952081,0.025641,0.001263
1684,2997,13,0.983607,0.071429,0.001263
1684,2998,2,0.997478,0.333333,0.001263
1684,2999,29,0.96343,0.033333,0.001263
1684,3000,90,0.886507,0.010989,0.001263
1684,3001,34,0.957125,0.028571,0.001263
1684,3002,71,0.910467,0.013889,0.001263
1684,3003,3,0.996217,0.25,0.001263
1684,3004,52,0.934426,0.018868,0.001263
1684,3005,42,0.947037,0.023256,0.001263
1684,3006,1,0.998739,0.5,0.001263
1684,3007,23,0.970996,0.041667,0.001263
1684,3008,15,0.981084,0.0625,0.001263
1684,3009,18,0.977301,0.052632,0.001263
1684,3010,31,0.960908,0.03125,0.001263
1684,3011,41,0.948298,0.02381,0.001263
1684,3012,10,0.98739,0.090909,0.001263
1684,3013,23,0.970996,0.041667,0.001263
1684,3014,42,0.947037,0.023256,0.001263
1684,3015,9,0.988651,0.1,0.001263
1684,3016,28,0.964691,0.034483,0.001263
1684,3017,69,0.912989,0.014286,0.001263
1684,3018,29,0.96343,0.033333,0.001263
1684,3019,69,0.912989,0.014286,0.001263
1684,3020,36,0.954603,0.027027,0.001263
1684,3021,49,0.938209,0.02,0.001263
1684,3022,79,0.900378,0.0125,0.001263
1684,3023,34,0.957125,0.028571,0.001263
1684,3024,13,0.983607,0.071429,0.001263
1684,3025,53,0.933165,0.018519,0.001263
1684,3026,95,0.880202,0.010417,0.001263
1684,3027,65,0.918033,0.015152,0.001263
1684,3028,11,0.986129,0.083333,0.001263
1684,3029,51,0.935687,0.019231,0.001263
1684,3030,7,0.991173,0.125,0.001263
1684,3031,0,1.0,1.0,0.001263
1684,3032,21,0.973518,0.045455,0.001263
1684,3033,87,0.89029,0.011364,0.001263
1684,3034,42,0.947037,0.023256,0.001263
1684,3035,89,0.887768,0.011111,0.001263
1684,3036,37,0.953342,0.026316,0.001263
1684,3037,2,0.997478,0.333333,0.001263
1684,3038,87,0.89029,0.011364,0.001263
1684,3039,21,0.973518,0.045455,0.001263
1684,3040,50,0.936948,0.019608,0.001263
1684,3041,26,0.967213,0.037037,0.001263
1684,3042,19,0.97604,0.05,0.001263
1684,3043,16,0.979823,0.058824,0.001263
1684,3044,5,0.993695,0.166667,0.001263
1684,3045,7,0.991173,0.125,0.001263
1684,3046,36,0.954603,0.027027,0.001263
1684,3047,49,0.938209,0.02,0.001263
1684,3048,14,0.982346,0.066667,0.001263
1684,3049,75,0.905422,0.013158,0.001263
1684,3050,15,0.981084,0.0625,0.001263
1684,3051,100,0.873897,0.009901,0.001263
1684,3052,49,0.938209,0.02,0.001263
1684,3053,9,0.988651,0.1,0.001263
1684,3054,82,0.896595,0.012048,0.001263
1684,3055,5,0.993695,0.166667,0.001263
1684,3056,77,0.9029,0.012821,0.001263
1684,3057,16,0.979823,0.058824,0.001263
1684,3058,14,0.982346,0.066667,0.001263
1684,3059,4,0.994956,0.2,0.001263
1684,3060,77,0.9029,0.012821,0.001263
1684,3061,13,0.983607,0.071429,0.001263
1684,3062,31,0.960908,0.03125,0.001263
1684,3063,10,0.98739,0.090909,0.001263
1684,3064,63,0.920555,0.015625,0.001263
1684,3065,52,0.934426,0.018868,0.001263
1684,3066,13,0.983607,0.071429,0.001263
1684,3067,12,0.984868,0.076923,0.001263
1684,3068,15,0.981084,0.0625,0.001263
1684,3069,15,0.981084,0.0625,0.001263
1684,3070,61,0.923077,0.016129,0.001263
1684,3071,0,1.0,1.0,0.001263
1684,3072,45,0.943253,0.021739,0.001263
1684,3073,61,0.923077,0.016129,0.001263
1684,3074,5,0.993695,0.166667,0.001263
1684,3075,22,0.972257,0.043478,0.001263
1684,3076,85,0.892812,0.011628,0.001263
1684,3077,54,0.931904,0.018182,0.001263
1684,3078,98,0.876419,0.010101,0.001263
1684,3079,38,0.952081,0.025641,0.001263
1684,3080,27,0.965952,0.035714,0.001263
1684,3081,24,0.969735,0.04,0.001263
1684,3082,115,0.854981,0.008621,0.001263
1684,3083,9,0.988651,0.1,0.001263
1684,3084,75,0.905422,0.013158,0.001263
1684,3085,51,0.935687,0.019231,0.001263
1684,3086,36,0.954603,0.027027,0.001263
1684,3087,50,0.936948,0.019608,0.001263
1684,3088,9,0.988651,0.1,0.001263
1684,3089,51,0.935687,0.019231,0.001263
1684,3090,107,0.865069,0.009259,0.001263
1684,3091,5,0.993695,0.166667,0.001263
1684,3092,10,0.98739,0.090909,0.001263
1684,3093,15,0.981084,0.0625,0.001263
1684,3094,6,0.992434,0.142857,0.001263
1684,3095,14,0.982346,0.066667,0.001263
1684,3096,75,0.905422,0.013158,0.001263
1684,3097,40,0.949559,0.02439,0.001263
1684,3098,64,0.919294,0.015385,0.001263
1684,3099,9,0.988651,0.1,0.001263
1684,3100,33,0.958386,0.029412,0.001263
1684,3101,121,0.847415,0.008197,0.001263
1684,3102,48,0.93947,0.020408,0.001263
1684,3103,19,0.97604,0.05,0.001263
1684,3104,82,0.896595,0.012048,0.001263
1684,3105,11,0.986129,0.083333,0.001263
1684,3106,61,0.923077,0.016129,0.001263
1684,3107,50,0.936948,0.019608,0.001263
1684,3108,62,0.921816,0.015873,0.001263
1684,3109,17,0.978562,0.055556,0.001263
1684,3110,16,0.979823,0.058824,0.001263
1684,3111,51,0.935687,0.019231,0.001263
1684,3112,11,0.986129,0.083333,0.001263
1684,3113,67,0.915511,0.014706,0.001263
1684,3114,45,0.943253,0.021739,0.001263
1684,3115,60,0.924338,0.016393,0.001263
1684,3116,102,0.871375,0.009709,0.001263
1684,3117,62,0.921816,0.015873,0.001263
1684,3118,43,0.945776,0.022727,0.001263
1684,3119,68,0.91425,0.014493,0.001263
1684,3120,70,0.911728,0.014085,0.001263
1684,3121,3,0.996217,0.25,0.001263
1684,3122,8,0.989912,0.111111,0.001263
1684,3123,32,0.959647,0.030303,0.001263
1684,3124,29,0.96343,0.033333,0.001263
1684,3125,1,0.998739,0.5,0.001263
1684,3126,7,0.991173,0.125,0.001263
1684,3127,5,0.993695,0.166667,0.001263
1684,3128,9,0.988651,0.1,0.001263
1684,3129,34,0.957125,0.028571,0.001263
1684,3130,12,0.984868,0.076923,0.001263
1684,3131,7,0.991173,0.125,0.001263
1684,3132,83,0.895334,0.011905,0.001263
1684,3133,9,0.988651,0.1,0.001263
1684,3134,1,0.998739,0.5,0.001263
1684,3135,34,0.957125,0.028571,0.001263
1684,3136,61,0.923077,0.016129,0.001263
1684,3137,48,0.93947,0.020408,0.001263
1684,3138,18,0.977301,0.052632,0.001263
1684,3139,20,0.974779,0.047619,0.001263
1684,3140,70,0.911728,0.014085,0.001263
1684,3141,10,0.98739,0.090909,0.001263
1684,3142,55,0.930643,0.017857,0.001263
1684,3143,3,0.996217,0.25,0.001263
1684,3144,15,0.981084,0.0625,0.001263
1684,3145,68,0.91425,0.014493,0.001263
1684,3146,60,0.924338,0.016393,0.001263
1684,3147,4,0.994956,0.2,0.001263
1684,3148,29,0.96343,0.033333,0.001263
1684,3149,65,0.918033,0.015152,0.001263
1684,3150,88,0.889029,0.011236,0.001263
1684,3151,13,0.983607,0.071429,0.001263
1684,3152,84,0.894073,0.011765,0.001263
1684,3153,10,0.98739,0.090909,0.001263
1684,3154,90,0.886507,0.010989,0.001263
1684,3155,11,0.986129,0.083333,0.001263
1684,3156,12,0.984868,0.076923,0.001263
1684,3157,14,0.982346,0.066667,0.001263
1684,3158,51,0.935687,0.019231,0.001263
1684,3159,6,0.992434,0.142857,0.001263
1684,3160,29,0.96343,0.033333,0.001263
1684,3161,5,0.993695,0.166667,0.001263
1684,3162,56,0.929382,0.017544,0.001263
1684,3163,22,0.972257,0.043478,0.001263
1684,3164,9,0.988651,0.1,0.001263
1684,3165,6,0.992434,0.142857,0.001263
1684,3166,37,0.953342,0.026316,0.001263
1684,3167,16,0.979823,0.058824,0.001263
1684,3168,47,0.940731,0.020833,0.001263
1684,3169,60,0.924338,0.016393,0.001263
1684,3170,24,0.969735,0.04,0.001263
1684,3171,18,0.977301,0.052632,0.001263
1684,3172,71,0.910467,0.013889,0.001263
1684,3173,17,0.978562,0.055556,0.001263
1684,3174,73,0.907945,0.013514,0.001263
1684,3175,5,0.993695,0.166667,0.001263
1684,3176,26,0.967213,0.037037,0.001263
1684,3177,40,0.949559,0.02439,0.001263
1684,3178,24,0.969735,0.04,0.001263
1684,3179,67,0.915511,0.014706,0.001263
1684,3180,7,0.991173,0.125,0.001263
1684,3181,7,0.991173,0.125,0.001263
1684,3182,67,0.915511,0.014706,0.001263
1684,3183,0,1.0,1.0,0.001263
1684,3184,60,0.924338,0.016393,0.001263
1684,3185,79,0.900378,0.0125,0.001263
1684,3186,22,0.972257,0.043478,0.001263
1684,3187,33,0.958386,0.029412,0.001263
1684,3188,50,0.936948,0.019608,0.001263
1684,3189,18,0.977301,0.052632,0.001263
1684,3190,11,0.986129,0.083333,0.001263
1684,3191,39,0.95082,0.025,0.001263
1684,3192,15,0.981084,0.0625,0.001263
1684,3193,26,0.967213,0.037037,0.001263
1684,3194,16,0.979823,0.058824,0.001263
1684,3195,71,0.910467,0.013889,0.001263
1684,3196,39,0.95082,0.025,0.001263
1684,3197,7,0.991173,0.125,0.001263
1684,3198,85,0.892812,0.011628,0.001263
1684,3199,21,0.973518,0.045455,0.001263
1684,3200,10,0.98739,0.090909,0.001263
1684,3201,91,0.885246,0.01087,0.001263
1684,3202,10,0.98739,0.090909,0.001263
1684,3203,30,0.962169,0.032258,0.001263
1684,3204,46,0.941992,0.021277,0.001263
1684,3205,14,0.982346,0.066667,0.001263
1684,3206,50,0.936948,0.019608,0.001263
1684,3207,40,0.949559,0.02439,0.001263
1684,3208,14,0.982346,0.066667,0.001263
1684,3209,23,0.970996,0.041667,0.001263
1684,3210,13,0.983607,0.071429,0.001263
1684,3211,24,0.969735,0.04,0.001263
1684,3212,34,0.957125,0.028571,0.001263
1684,3213,35,0.955864,0.027778,0.001263
1684,3214,62,0.921816,0.015873,0.001263
1684,3215,24,0.969735,0.04,0.001263
1684,3216,6,0.992434,0.142857,0.001263
1684,3217,5,0.993695,0.166667,0.001263
1684,3218,8,0.989912,0.111111,0.001263
1684,3219,38,0.952081,0.025641,0.001263
1684,3220,53,0.933165,0.018519,0.001263
1684,3221,25,0.968474,0.038462,0.001263
1684,3222,14,0.982346,0.066667,0.001263
1684,3223,22,0.972257,0.043478,0.001263
1684,3224,54,0.931904,0.018182,0.001263
1684,3225,27,0.965952,0.035714,0.001263
1684,3226,78,0.901639,0.012658,0.001263
1684,3227,4,0.994956,0.2,0.001263
1684,3228,35,0.955864,0.027778,0.001263
1684,3229,13,0.983607,0.071429,0.001263
1684,3230,0,1.0,1.0,0.001263
1684,3231,27,0.965952,0.035714,0.001263
1684,3232,104,0.868852,0.009524,0.001263
1684,3233,62,0.921816,0.015873,0.001263
1684,3234,32,0.959647,0.030303,0.001263
1684,3235,7,0.991173,0.125,0.001263
1684,3236,20,0.974779,0.047619,0.001263
1684,3237,27,0.965952,0.035714,0.001263
1684,3238,40,0.949559,0.02439,0.001263
1684,3239,61,0.923077,0.016129,0.001263
1684,3240,65,0.918033,0.015152,0.001263
1684,3241,18,0.977301,0.052632,0.001263
1684,3242,14,0.982346,0.066667,0.001263
1684,3243,26,0.967213,0.037037,0.001263
1684,3244,13,0.983607,0.071429,0.001263
1684,3245,13,0.983607,0.071429,0.001263
1684,3246,13,0.983607,0.071429,0.001263
1684,3247,65,0.918033,0.015152,0.001263
1684,3248,30,0.962169,0.032258,0.001263
1684,3249,13,0.983607,0.071429,0.001263
1684,3250,33,0.958386,0.029412,0.001263
1684,3251,8,0.989912,0.111111,0.001263
1684,3252,85,0.892812,0.011628,0.001263
1684,3253,50,0.936948,0.019608,0.001263
1684,3254,11,0.986129,0.083333,0.001263
1684,3255,31,0.960908,0.03125,0.001263
1684,3256,62,0.921816,0.015873,0.001263
1684,3257,41,0.948298,0.02381,0.001263
1684,3258,46,0.941992,0.021277,0.001263
1684,3259,30,0.962169,0.032258,0.001263
1684,3260,27,0.965952,0.035714,0.001263
1684,3261,53,0.933165,0.018519,0.001263
1684,3262,23,0.970996,0.041667,0.001263
1684,3263,57,0.928121,0.017241,0.001263
1684,3264,30,0.962169,0.032258,0.001263
1684,3265,47,0.940731,0.020833,0.001263
1684,3266,7,0.991173,0.125,0.001263
1684,3267,71,0.910467,0.013889,0.001263
1684,3268,1,0.998739,0.5,0.001263
1684,3269,8,0.989912,0.111111,0.001263
1684,3270,5,0.993695,0.166667,0.001263
1684,3271,4,0.994956,0.2,0.001263
1684,3272,43,0.945776,0.022727,0.001263
1684,3273,25,0.968474,0.038462,0.001263
1684,3274,62,0.921816,0.015873,0.001263
1684,3275,28,0.964691,0.034483,0.001263
1684,3276,19,0.97604,0.05,0.001263
1684,3277,70,0.911728,0.014085,0.001263
1684,3278,18,0.977301,0.052632,0.001263
1684,3279,24,0.969735,0.04,0.001263
1684,3280,106,0.86633,0.009346,0.001263
1684,3281,11,0.986129,0.083333,0.001263
1684,3282,1,0.998739,0.5,0.001263
1684,3283,15,0.981084,0.0625,0.001263
1684,3284,69,0.912989,0.014286,0.001263
1684,3285,26,0.967213,0.037037,0.001263
1684,3286,22,0.972257,0.043478,0.001263
1684,3287,47,0.940731,0.020833,0.001263
1684,3288,47,0.940731,0.020833,0.001263
1684,3289,18,0.977301,0.052632,0.001263
1684,3290,4,0.994956,0.2,0.001263
1684,3291,118,0.851198,0.008403,0.001263
1684,3292,11,0.986129,0.083333,0.001263
1684,3293,59,0.925599,0.016667,0.001263
1684,3294,22,0.972257,0.043478,0.001263
1684,3295,45,0.943253,0.021739,0.001263
1684,3296,40,0.949559,0.02439,0.001263
1684,3297,62,0.921816,0.015873,0.001263
1684,3298,44,0.944515,0.022222,0.001263
1684,3299,59,0.925599,0.016667,0.001263
1684,3300,17,0.978562,0.055556,0.001263
1684,3301,39,0.95082,0.025,0.001263
1684,3302,66,0.916772,0.014925,0.001263
1684,3303,35,0.955864,0.027778,0.001263
1684,3304,34,0.957125,0.028571,0.001263
1684,3305,4,0.994956,0.2,0.001263
1684,3306,21,0.973518,0.045455,0.001263
1684,3307,18,0.977301,0.052632,0.001263
1684,3308,8,0.989912,0.111111,0.001263
1684,3309,17,0.978562,0.055556,0.001263
1684,3310,4,0.994956,0.2,0.001263
1684,3311,10,0.98739,0.090909,0.001263
1684,3312,16,0.979823,0.058824,0.001263
1684,3313,31,0.960908,0.03125,0.001263
1684,3314,15,0.981084,0.0625,0.001263
1684,3315,13,0.983607,0.071429,0.001263
1684,3316,38,0.952081,0.025641,0.001263
1684,3317,6,0.992434,0.142857,0.001263
1684,3318,19,0.97604,0.05,0.001263
1684,3319,25,0.968474,0.038462,0.001263
1684,3320,112,0.858764,0.00885,0.001263
1684,3321,68,0.91425,0.014493,0.001263
1684,3322,7,0.991173,0.125,0.001263
1684,3323,6,0.992434,0.142857,0.001263
1684,3324,86,0.891551,0.011494,0.001263
1684,3325,18,0.977301,0.052632,0.001263
1684,3326,15,0.981084,0.0625,0.001263
1684,3327,49,0.938209,0.02,0.001263
1684,3328,17,0.978562,0.055556,0.001263
1684,3329,18,0.977301,0.052632,0.001263
1684,3330,92,0.883985,0.010753,0.001263
1684,3331,35,0.955864,0.027778,0.001263
1684,3332,61,0.923077,0.016129,0.001263
1684,3333,6,0.992434,0.142857,0.001263
1684,3334,8,0.989912,0.111111,0.001263
1684,3335,64,0.919294,0.015385,0.001263
1684,3336,6,0.992434,0.142857,0.001263
1684,3337,23,0.970996,0.041667,0.001263
1684,3338,8,0.989912,0.111111,0.001263
1684,3339,72,0.909206,0.013699,0.001263
1684,3340,15,0.981084,0.0625,0.001263
1684,3341,30,0.962169,0.032258,0.001263
1684,3342,67,0.915511,0.014706,0.001263
1684,3343,13,0.983607,0.071429,0.001263
1684,3344,75,0.905422,0.013158,0.001263
1684,3345,64,0.919294,0.015385,0.001263
1684,3346,34,0.957125,0.028571,0.001263
1684,3347,75,0.905422,0.013158,0.001263
1684,3348,83,0.895334,0.011905,0.001263
1684,3349,11,0.986129,0.083333,0.001263
1684,3350,81,0.897856,0.012195,0.001263
1684,3351,83,0.895334,0.011905,0.001263
1684,3352,12,0.984868,0.076923,0.001263
1684,3353,61,0.923077,0.016129,0.001263
1684,3354,8,0.989912,0.111111,0.001263
1684,3355,53,0.933165,0.018519,0.001263
1684,3356,19,0.97604,0.05,0.001263
1684,3357,14,0.982346,0.066667,0.001263
1684,3358,10,0.98739,0.090909,0.001263
1684,3359,17,0.978562,0.055556,0.001263
1684,3360,73,0.907945,0.013514,0.001263
1684,3361,13,0.983607,0.071429,0.001263
1684,3362,74,0.906683,0.013333,0.001263
1684,3363,130,0.836066,0.007634,0.001263
1684,3364,48,0.93947,0.020408,0.001263
1684,3365,45,0.943253,0.021739,0.001263
1684,3366,61,0.923077,0.016129,0.001263
1684,3367,10,0.98739,0.090909,0.001263
1684,3368,8,0.989912,0.111111,0.001263
1684,3369,42,0.947037,0.023256,0.001263
1684,3370,5,0.993695,0.166667,0.001263
1684,3371,14,0.982346,0.066667,0.001263
1684,3372,6,0.992434,0.142857,0.001263
1684,3373,16,0.979823,0.058824,0.001263
1684,3374,15,0.981084,0.0625,0.001263
1684,3375,2,0.997478,0.333333,0.001263
1684,3376,7,0.991173,0.125,0.001263
1684,3377,30,0.962169,0.032258,0.001263
1684,3378,59,0.925599,0.016667,0.001263
1684,3379,24,0.969735,0.04,0.001263
1684,3380,20,0.974779,0.047619,0.001263
1684,3381,53,0.933165,0.018519,0.001263
1684,3382,16,0.979823,0.058824,0.001263
1684,3383,16,0.979823,0.058824,0.001263
1684,3384,48,0.93947,0.020408,0.001263
1684,3385,52,0.934426,0.018868,0.001263
1684,3386,51,0.935687,0.019231,0.001263
1684,3387,96,0.878941,0.010309,0.001263
1684,3388,9,0.988651,0.1,0.001263
1684,3389,6,0.992434,0.142857,0.001263
1684,3390,24,0.969735,0.04,0.001263
1684,3391,52,0.934426,0.018868,0.001263
1684,3392,16,0.979823,0.058824,0.001263
1684,3393,18,0.977301,0.052632,0.001263
1684,3394,30,0.962169,0.032258,0.001263
1684,3395,37,0.953342,0.026316,0.001263
1684,3396,75,0.905422,0.013158,0.001263
1684,3397,114,0.856242,0.008696,0.001263
1684,3398,7,0.991173,0.125,0.001263
1684,3399,36,0.954603,0.027027,0.001263
1684,3400,34,0.957125,0.028571,0.001263
1684,3401,7,0.991173,0.125,0.001263
1684,3402,14,0.982346,0.066667,0.001263
1684,3403,51,0.935687,0.019231,0.001263
1684,3404,17,0.978562,0.055556,0.001263
1684,3405,12,0.984868,0.076923,0.001263
1684,3406,69,0.912989,0.014286,0.001263
1684,3407,1,0.998739,0.5,0.001263
1684,3408,1,0.998739,0.5,0.001263
1684,3409,15,0.981084,0.0625,0.001263
1684,3410,15,0.981084,0.0625,0.001263
1684,3411,61,0.923077,0.016129,0.001263
1684,3412,44,0.944515,0.022222,0.001263
1684,3413,2,0.997478,0.333333,0.001263
1684,3414,17,0.978562,0.055556,0.001263
1684,3415,28,0.964691,0.034483,0.001263
1684,3416,52,0.934426,0.018868,0.001263
1684,3417,88,0.889029,0.011236,0.001263
1684,3418,9,0.988651,0.1,0.001263
1684,3419,62,0.921816,0.015873,0.001263
1684,3420,22,0.972257,0.043478,0.001263
1684,3421,19,0.97604,0.05,0.001263
1684,3422,39,0.95082,0.025,0.001263
1684,3423,15,0.981084,0.0625,0.001263
1684,3424,6,0.992434,0.142857,0.001263
1684,3425,9,0.988651,0.1,0.001263
1684,3426,112,0.858764,0.00885,0.001263
1684,3427,8,0.989912,0.111111,0.001263
1684,3428,7,0.991173,0.125,0.001263
1684,3429,4,0.994956,0.2,0.001263
1684,3430,20,0.974779,0.047619,0.001263
1684,3431,22,0.972257,0.043478,0.001263
1684,3432,5,0.993695,0.166667,0.001263
1684,3433,64,0.919294,0.015385,0.001263
1684,3434,106,0.86633,0.009346,0.001263
1684,3435,48,0.93947,0.020408,0.001263
1684,3436,6,0.992434,0.142857,0.001263
1726,2678,6,0.75,0.111111,0.047619
1726,2744,2,0.9375,0.076923,0.047619
1726,3057,7,0.774194,0.058824,0.047619
1726,3164,6,0.76,0.1,0.047619
1726,3179,2,0.977011,0.014706,0.047619
1726,3222,6,0.8,0.066667,0.047619
1726,3263,9,0.871429,0.017241,0.047619
1726,3385,2,0.972222,0.018868,0.047619
1758,2677,2,0.95,0.066667,0.037037
1758,2764,5,0.893617,0.04,0.037037
1758,2813,3,0.941176,0.037037,0.037037
1758,2825,1,0.978261,0.05,0.037037
1758,2979,4,0.902439,0.055556,0.037037
1758,3205,2,0.95,0.066667,0.037037
1758,3432,1,0.96875,0.166667,0.037037
2661,2674,56,0.504425,0.014286,0.010101
2661,2687,11,0.899083,0.047619,0.010101
2661,2708,18,0.843478,0.029412,0.010101
2661,2716,41,0.732026,0.010526,0.010101
2661,2719,59,0.578571,0.01,0.010101
2661,2742,81,0.395522,0.008621,0.010101
2661,2765,43,0.582524,0.021277,0.010101
2661,2770,40,0.6,0.02439,0.010101
2661,2778,59,0.562963,0.010526,0.010101
2661,2780,27,0.793893,0.016949,0.010101
2661,2785,18,0.856,0.022727,0.010101
2661,2790,2,0.981132,0.111111,0.010101
2661,2793,69,0.465116,0.010101,0.010101
2661,2828,63,0.447368,0.012821,0.010101
2661,2833,61,0.491667,0.012195,0.010101
2661,2849,65,0.434783,0.012346,0.010101
2661,2853,48,0.575221,0.016129,0.010101
2661,2863,63,0.55,0.009615,0.010101
2661,2869,44,0.648,0.014286,0.010101
2661,2875,33,0.720339,0.019231,0.010101
2661,2876,7,0.933962,0.071429,0.010101
2661,2894,32,0.75,0.016393,0.010101
2661,2901,40,0.705882,0.012987,0.010101
2661,2904,37,0.723881,0.013889,0.010101
2661,2914,20,0.833333,0.02439,0.010101
2661,2937,38,0.693548,0.015873,0.010101
2661,2939,57,0.486486,0.014493,0.010101
2661,2950,26,0.785124,0.020833,0.010101
2661,2970,42,0.584158,0.022727,0.010101
2661,2973,50,0.590164,0.013699,0.010101
2661,2989,31,0.753968,0.017241,0.010101
2661,2991,46,0.596491,0.016393,0.010101
2661,3007,12,0.891892,0.041667,0.010101
2661,3021,48,0.524752,0.02,0.010101
2661,3035,68,0.438017,0.011111,0.010101
2661,3038,46,0.673759,0.011364,0.010101
2661,3049,64,0.423423,0.013158,0.010101
2661,3060,43,0.679104,0.012821,0.010101
2661,3070,51,0.536364,0.016129,0.010101
2661,3076,42,0.706294,0.011628,0.010101
2661,3082,75,0.464286,0.008621,0.010101
2661,3101,85,0.375,0.008197,0.010101
2661,3102,44,0.576923,0.020408,0.010101
2661,3115,48,0.571429,0.016393,0.010101
2661,3116,80,0.344262,0.009709,0.010101
2661,3120,54,0.534483,0.014085,0.010101
2661,3132,70,0.380531,0.011905,0.010101
2661,3140,25,0.827586,0.014085,0.010101
2661,3146,53,0.504673,0.016393,0.010101
2661,3150,64,0.483871,0.011236,0.010101
2661,3152,63,0.479339,0.011765,0.010101
2661,3154,29,0.819876,0.010989,0.010101
2661,3169,52,0.518519,0.016393,0.010101
2661,3172,39,0.704545,0.013889,0.010101
2661,3179,46,0.619835,0.014706,0.010101
2661,3182,39,0.695312,0.014706,0.010101
2661,3185,49,0.623077,0.0125,0.010101
2661,3188,30,0.75,0.019608,0.010101
2661,3198,38,0.741497,0.011628,0.010101
2661,3201,73,0.381356,0.01087,0.010101
2661,3206,44,0.584906,0.019608,0.010101
2661,3224,25,0.806202,0.018182,0.010101
2661,3239,54,0.495327,0.016129,0.010101
2661,3247,61,0.413462,0.015152,0.010101
2661,3252,67,0.432203,0.011628,0.010101
2661,3261,25,0.804688,0.018519,0.010101
2661,3265,43,0.586538,0.020833,0.010101
2661,3272,27,0.767241,0.022727,0.010101
2661,3274,22,0.842857,0.015873,0.010101
2661,3276,4,0.965217,0.05,0.010101
2661,3277,54,0.534483,0.014085,0.010101
2661,3280,70,0.485294,0.009346,0.010101
2661,3291,65,0.575163,0.008403,0.010101
2661,3296,25,0.782609,0.02439,0.010101
2661,3297,53,0.513761,0.015873,0.010101
2661,3302,24,0.830986,0.014925,0.010101
2661,3316,33,0.685714,0.025641,0.010101
2661,3320,61,0.596026,0.00885,0.010101
2661,3321,37,0.717557,0.014493,0.010101
2661,3330,60,0.545455,0.010753,0.010101
2661,3332,38,0.691057,0.016129,0.010101
2661,3335,43,0.644628,0.015385,0.010101
2661,3344,53,0.565574,0.013158,0.010101
2661,3347,53,0.565574,0.013158,0.010101
2661,3350,48,0.639098,0.012195,0.010101
2661,3351,68,0.408696,0.011905,0.010101
2661,3353,26,0.807407,0.016129,0.010101
2661,3355,35,0.70339,0.018519,0.010101
2661,3360,38,0.718519,0.013514,0.010101
2661,3381,42,0.621622,0.018519,0.010101
2661,3391,44,0.592593,0.018868,0.010101
2661,3396,39,0.713235,0.013158,0.010101
2661,3397,73,0.48227,0.008696,0.010101
2661,3406,33,0.757353,0.014286,0.010101
2661,3411,38,0.691057,0.016129,0.010101
2661,3416,45,0.579439,0.018868,0.010101
2661,3419,44,0.627119,0.015873,0.010101
2661,3434,75,0.427481,0.009346,0.010101
2662,2716,18,0.842105,0.010526,0.027027
2662,2724,20,0.770115,0.014286,0.027027
2662,2728,14,0.770492,0.026316,0.027027
2662,2737,6,0.884615,0.047619,0.027027
2662,2753,8,0.901235,0.019231,0.027027
2662,2783,10,0.833333,0.030303,0.027027
2662,2804,3,0.930233,0.111111,0.027027
2662,2830,15,0.659091,0.045455,0.027027
2662,2951,26,0.769912,0.009804,0.027027
2662,2984,15,0.673913,0.041667,0.027027
2662,3002,23,0.732558,0.013889,0.027027
2662,3019,20,0.770115,0.014286,0.027027
2662,3027,14,0.842697,0.015152,0.027027
2662,3051,18,0.85,0.009901,0.027027
2662,3107,8,0.9,0.019608,0.027027
2662,3118,12,0.826087,0.022727,0.027027
2662,3152,10,0.910714,0.011765,0.027027
2662,3154,24,0.769231,0.010989,0.027027
2662,3162,18,0.763158,0.017544,0.027027
2662,3168,19,0.712121,0.020833,0.027027
2662,3177,13,0.8,0.02439,0.027027
2662,3191,14,0.777778,0.025,0.027027
2662,3192,8,0.822222,0.0625,0.027027
2662,3198,13,0.881818,0.011628,0.027027
2662,3206,6,0.926829,0.019608,0.027027
2662,3207,14,0.78125,0.02439,0.027027
2662,3233,19,0.765432,0.015873,0.027027
2662,3274,12,0.863636,0.015873,0.027027
2662,3291,19,0.861314,0.008403,0.027027
2662,3316,5,0.929577,0.025641,0.027027
2662,3346,13,0.779661,0.028571,0.027027
2662,3353,15,0.821429,0.016129,0.027027
2662,3366,19,0.7625,0.016129,0.027027
2662,3397,14,0.898551,0.008696,0.027027
2662,3412,16,0.757576,0.022222,0.027027
2662,3415,11,0.8,0.034483,0.027027
2663,2710,7,0.78125,0.076923,0.038462
2663,2726,13,0.566667,0.058824,0.038462
2663,2731,10,0.777778,0.034483,0.038462
2663,2738,16,0.827957,0.012048,0.038462
2663,2786,10,0.915254,0.009804,0.038462
2663,2789,11,0.676471,0.052632,0.038462
2663,2851,16,0.5,0.045455,0.038462
2663,2873,10,0.88764,0.013699,0.038462
2663,2888,11,0.633333,0.066667,0.038462
2663,2890,13,0.871287,0.011364,0.038462
2663,2899,4,0.857143,0.166667,0.038462
2663,2978,15,0.583333,0.04,0.038462
2663,3084,15,0.827586,0.013158,0.038462
2663,3090,20,0.824561,0.009259,0.038462
2663,3104,14,0.852632,0.012048,0.038462
2663,3114,17,0.690909,0.021739,0.038462
2663,3130,9,0.7,0.076923,0.038462
2663,3137,18,0.684211,0.020408,0.038462
2663,3139,14,0.575758,0.047619,0.038462
2663,3229,11,0.62069,0.071429,0.038462
2663,3231,13,0.682927,0.035714,0.038462
2663,3300,12,0.625,0.055556,0.038462
2663,3426,14,0.888,0.00885,0.038462
2663,3428,3,0.903226,0.125,0.038462
2663,3430,9,0.763158,0.047619,0.038462
2664,2669,62,0.474576,0.010309,0.012048
2664,2673,17,0.821053,0.034483,0.012048
2664,2676,54,0.517857,0.012048,0.012048
2664,2694,65,0.414414,0.010753,0.012048
2664,2698,48,0.538462,0.014493,0.012048
2664,2717,41,0.572917,0.018519,0.012048
2664,2738,31,0.77037,0.012048,0.012048
2664,2745,21,0.778947,0.030303,0.012048
2664,2746,13,0.847059,0.066667,0.012048
2664,2749,29,0.728972,0.018868,0.012048
2664,2750,54,0.526316,0.011765,0.012048
2664,2754,68,0.50365,0.008197,0.012048
2664,2755,53,0.554622,0.011236,0.012048
2664,2757,56,0.490909,0.012048,0.012048
2664,2773,28,0.75,0.017544,0.012048
2664,2777,53,0.530973,0.012048,0.012048
2664,2782,64,0.452991,0.010204,0.012048
2664,2786,49,0.639706,0.009804,0.012048
2664,2800,49,0.577586,0.012195,0.012048
2664,2806,23,0.790909,0.02,0.012048
2664,2815,42,0.571429,0.017544,0.012048
2664,2835,24,0.76699,0.022727,0.012048
2664,2839,74,0.493151,0.007299,0.012048
2664,2862,35,0.705882,0.014085,0.012048
2664,2864,51,0.523364,0.013333,0.012048
2664,2866,55,0.481132,0.012821,0.012048
2664,2872,53,0.5,0.013158,0.012048
2664,2877,68,0.428571,0.009615,0.012048
2664,2890,44,0.653543,0.011364,0.012048
2664,2897,34,0.669903,0.018519,0.012048
2664,2905,48,0.559633,0.013514,0.012048
2664,2906,60,0.478261,0.01087,0.012048
2664,2908,22,0.75,0.037037,0.012048
2664,2909,56,0.461538,0.012987,0.012048
2664,2910,52,0.54386,0.012048,0.012048
2664,2912,47,0.515464,0.016393,0.012048
2664,2915,41,0.691729,0.010989,0.012048
2664,2916,55,0.521739,0.011494,0.012048
2664,2919,47,0.556604,0.014286,0.012048
2664,2920,47,0.572727,0.013514,0.012048
2664,2925,51,0.540541,0.012658,0.012048
2664,2929,20,0.81982,0.020833,0.012048
2664,2931,21,0.817391,0.018868,0.012048
2664,2940,41,0.613208,0.015625,0.012048
2664,2960,58,0.504274,0.01087,0.012048
2664,2966,57,0.571429,0.009346,0.012048
2664,2967,11,0.882979,0.045455,0.012048
2664,2969,45,0.587156,0.014085,0.012048
2664,2974,33,0.697248,0.016949,0.012048
2664,2986,63,0.475,0.01,0.012048
2664,2988,28,0.762712,0.015873,0.012048
2664,3004,39,0.597938,0.018868,0.012048
2664,3022,56,0.476636,0.0125,0.012048
2664,3029,20,0.826087,0.019231,0.012048
2664,3033,58,0.486726,0.011364,0.012048
2664,3040,39,0.589474,0.019608,0.012048
2664,3054,48,0.59322,0.012048,0.012048
2664,3064,48,0.515152,0.015625,0.012048
2664,3078,65,0.444444,0.010101,0.012048
2664,3090,44,0.70068,0.009259,0.012048
2664,3096,55,0.471154,0.013158,0.012048
2664,3098,45,0.563107,0.015385,0.012048
2664,3104,38,0.703125,0.012048,0.012048
2664,3108,49,0.494845,0.015873,0.012048
2664,3142,45,0.521277,0.017857,0.012048
2664,3149,41,0.62037,0.015152,0.012048
2664,3174,53,0.490385,0.013514,0.012048
2664,3184,29,0.747826,0.016393,0.012048
2664,3195,49,0.537736,0.013889,0.012048
2664,3226,55,0.485981,0.012658,0.012048
2664,3232,60,0.53125,0.009524,0.012048
2664,3250,29,0.670455,0.029412,0.012048
2664,3284,52,0.485149,0.014286,0.012048
2664,3304,20,0.795918,0.028571,0.012048
2664,3324,46,0.629032,0.011494,0.012048
2664,3339,49,0.542056,0.013699,0.012048
2664,3348,54,0.522124,0.011905,0.012048
2664,3362,36,0.704918,0.013333,0.012048
2664,3363,69,0.524138,0.007634,0.012048
2664,3384,24,0.777778,0.020408,0.012048
2664,3387,54,0.571429,0.010309,0.012048
2664,3426,64,0.515152,0.00885,0.012048
2665,2675,17,0.760563,0.026316,0.02
2665,2711,6,0.92,0.032258,0.02
2665,2716,21,0.830645,0.010526,0.02
2665,2730,16,0.869919,0.011236,0.02
2665,2753,10,0.891304,0.019231,0.02
2665,2781,12,0.884615,0.015152,0.02
2665,2791,3,0.949153,0.083333,0.02
2665,2843,6,0.917808,0.034483,0.02
2665,2844,10,0.855072,0.034483,0.02
2665,2914,11,0.8625,0.02439,0.02
2665,2921,20,0.714286,0.025,0.02
2665,2942,5,0.909091,0.1,0.02
2665,2951,29,0.764228,0.009804,0.02
2665,2955,14,0.825,0.022727,0.02
2665,2984,8,0.878788,0.041667,0.02
2665,2989,16,0.826087,0.017241,0.02
2665,2999,10,0.857143,0.033333,0.02
2665,3017,14,0.867925,0.014286,0.02
2665,3020,5,0.939024,0.027027,0.02
2665,3027,15,0.851485,0.015152,0.02
2665,3035,6,0.955224,0.011111,0.02
2665,3082,21,0.855172,0.008621,0.02
2665,3107,13,0.852273,0.019608,0.02
2665,3136,20,0.782609,0.016129,0.02
2665,3140,14,0.869159,0.014085,0.02
2665,3151,6,0.896552,0.071429,0.02
2665,3198,24,0.785714,0.011628,0.02
2665,3214,17,0.822917,0.015873,0.02
2665,3224,12,0.870968,0.018182,0.02
2665,3240,16,0.84,0.015152,0.02
2665,3248,5,0.934211,0.032258,0.02
2665,3249,4,0.933333,0.071429,0.02
2665,3253,14,0.83908,0.019608,0.02
2665,3259,10,0.859155,0.032258,0.02
2665,3263,10,0.897959,0.017241,0.02
2665,3274,9,0.913462,0.015873,0.02
2665,3299,12,0.877551,0.016667,0.02
2665,3326,8,0.862069,0.0625,0.02
2665,3327,12,0.863636,0.02,0.02
2665,3328,2,0.969697,0.055556,0.02
2665,3330,17,0.865079,0.010753,0.02
2665,3337,9,0.861538,0.041667,0.02
2665,3342,17,0.831683,0.014706,0.02
2665,3345,17,0.826531,0.015385,0.02
2665,3386,10,0.891304,0.019231,0.02
2665,3395,13,0.826667,0.026316,0.02
2665,3397,22,0.846154,0.008696,0.02
2665,3406,18,0.823529,0.014286,0.02
2665,3411,9,0.912621,0.016129,0.02
2666,2669,47,0.576577,0.010309,0.016393
2666,2676,45,0.545455,0.012048,0.016393
2666,2689,24,0.769231,0.014925,0.016393
2666,2698,41,0.539326,0.014493,0.016393
2666,2717,36,0.544304,0.018519,0.016393
2666,2749,21,0.774194,0.018868,0.016393
2666,2750,46,0.54,0.011765,0.016393
2666,2755,46,0.557692,0.011236,0.016393
2666,2773,24,0.744681,0.017544,0.016393
2666,2782,54,0.485714,0.010204,0.016393
2666,2786,35,0.726562,0.009804,0.016393
2666,2815,35,0.578313,0.017544,0.016393
2666,2827,45,0.505495,0.013333,0.016393
2666,2839,48,0.68,0.007299,0.016393
2666,2851,4,0.949367,0.045455,0.016393
2666,2866,51,0.420455,0.012821,0.016393
2666,2872,46,0.494505,0.013158,0.016393
2666,2877,47,0.601695,0.009615,0.016393
2666,2897,23,0.75,0.018519,0.016393
2666,2905,46,0.483146,0.013514,0.016393
2666,2906,41,0.633929,0.01087,0.016393
2666,2909,36,0.647059,0.012987,0.016393
2666,2912,40,0.512195,0.016393,0.016393
2666,2913,45,0.505495,0.013333,0.016393
2666,2915,32,0.733333,0.010989,0.016393
2666,2916,45,0.563107,0.011494,0.016393
2666,2917,9,0.871429,0.055556,0.016393
2666,2956,40,0.65812,0.010417,0.016393
2666,2966,50,0.576271,0.009346,0.016393
2666,2985,41,0.4875,0.016667,0.016393
2666,2988,19,0.819048,0.015873,0.016393
2666,2993,25,0.728261,0.017857,0.016393
2666,3004,18,0.8125,0.018868,0.016393
2666,3014,19,0.776471,0.023256,0.016393
2666,3022,48,0.483871,0.0125,0.016393
2666,3026,43,0.622807,0.010417,0.016393
2666,3033,47,0.539216,0.011364,0.016393
2666,3040,36,0.526316,0.019608,0.016393
2666,3047,40,0.43662,0.02,0.016393
2666,3064,41,0.511905,0.015625,0.016393
2666,3078,53,0.504673,0.010101,0.016393
2666,3084,25,0.776786,0.013158,0.016393
2666,3090,39,0.7,0.009259,0.016393
2666,3096,43,0.542553,0.013158,0.016393
2666,3098,38,0.568182,0.015385,0.016393
2666,3108,37,0.574713,0.015873,0.016393
2666,3142,41,0.460526,0.017857,0.016393
2666,3149,39,0.556818,0.015152,0.016393
2666,3174,36,0.636364,0.013514,0.016393
2666,3226,46,0.510638,0.012658,0.016393
2666,3232,50,0.568966,0.009524,0.016393
2666,3250,22,0.69863,0.029412,0.016393
2666,3284,36,0.621053,0.014286,0.016393
2666,3339,48,0.44186,0.013699,0.016393
2666,3348,44,0.564356,0.011905,0.016393
2666,3363,47,0.675862,0.007634,0.016393
2666,3364,18,0.804348,0.020408,0.016393
2666,3384,23,0.735632,0.020408,0.016393
2666,3387,48,0.563636,0.010309,0.016393
2666,3426,48,0.619048,0.00885,0.016393
2667,2690,9,0.785714,0.032258,0.05
2667,2711,2,0.959184,0.032258,0.05
2667,2762,7,0.794118,0.047619,0.05
2667,2784,8,0.8,0.035714,0.05
2667,2841,3,0.9375,0.032258,0.05
2667,2856,8,0.733333,0.055556,0.05
2667,2868,6,0.828571,0.047619,0.05
2667,2921,5,0.909091,0.025,0.05
2667,3050,2,0.941176,0.0625,0.05
2667,3087,2,0.971014,0.019608,0.05
2667,3099,8,0.636364,0.1,0.05
2667,3211,3,0.928571,0.04,0.05
2667,3214,6,0.922078,0.015873,0.05
2667,3242,6,0.793103,0.066667,0.05
2667,3277,2,0.977528,0.014085,0.05
2667,3313,2,0.96,0.03125,0.05
2667,3329,9,0.7,0.052632,0.05
2667,3349,8,0.666667,0.083333,0.05
2667,3353,5,0.935065,0.016129,0.05
2668,2702,2,0.964286,0.041667,0.029412
2668,2727,7,0.825,0.076923,0.029412
2668,2751,15,0.722222,0.028571,0.029412
2668,2772,7,0.885246,0.029412,0.029412
2668,2795,9,0.816327,0.041667,0.029412
2668,2832,5,0.915254,0.033333,0.029412
2668,2946,5,0.943182,0.016949,0.029412
2668,2958,7,0.898551,0.02381,0.029412
2668,3038,10,0.910714,0.011364,0.029412
2668,3043,5,0.891304,0.058824,0.029412
2668,3048,8,0.804878,0.066667,0.029412
2668,3093,11,0.717949,0.0625,0.029412
2668,3110,6,0.866667,0.058824,0.029412
2668,3117,4,0.956989,0.015873,0.029412
2668,3134,1,0.971429,0.5,0.029412
2668,3138,9,0.795455,0.052632,0.029412
2668,3140,10,0.894737,0.014085,0.029412
2668,3154,9,0.922414,0.010989,0.029412
2668,3177,9,0.863636,0.02439,0.029412
2668,3178,10,0.795918,0.04,0.029412
2668,3204,7,0.905405,0.021277,0.029412
2668,3215,5,0.907407,0.04,0.029412
2668,3256,4,0.956989,0.015873,0.029412
2668,3276,4,0.92,0.05,0.029412
2668,3279,5,0.907407,0.04,0.029412
2668,3291,11,0.922535,0.008403,0.029412
2668,3305,3,0.916667,0.2,0.029412
2668,3307,7,0.847826,0.052632,0.029412
2668,3321,8,0.915789,0.014493,0.029412
2668,3341,5,0.916667,0.032258,0.029412
2668,3357,6,0.860465,0.066667,0.029412
2668,3374,11,0.717949,0.0625,0.029412
2668,3380,10,0.777778,0.047619,0.029412
2669,2676,69,0.378378,0.012048,0.010309
2669,2679,49,0.652482,0.010753,0.010309
2669,2680,40,0.636364,0.018868,0.010309
2669,2683,33,0.767606,0.012821,0.010309
2669,2689,47,0.598291,0.014925,0.010309
2669,2694,66,0.467742,0.010753,0.010309
2669,2698,51,0.556522,0.014493,0.010309
2669,2705,22,0.784314,0.037037,0.010309
2669,2738,32,0.783784,0.012048,0.010309
2669,2745,22,0.796296,0.030303,0.010309
2669,2750,66,0.431034,0.011765,0.010309
2669,2754,76,0.468531,0.008197,0.010309
2669,2755,66,0.45,0.011236,0.010309
2669,2757,64,0.448276,0.012048,0.010309
2669,2761,14,0.873874,0.035714,0.010309
2669,2777,60,0.5,0.012048,0.010309
2669,2782,68,0.464567,0.010204,0.010309
2669,2786,55,0.618056,0.009804,0.010309
2669,2800,57,0.532787,0.012195,0.010309
2669,2827,58,0.491228,0.013333,0.010309
2669,2839,85,0.42953,0.007299,0.010309
2669,2850,27,0.737864,0.030303,0.010309
2669,2864,54,0.542373,0.013333,0.010309
2669,2866,60,0.478261,0.012821,0.010309
2669,2867,53,0.572581,0.0125,0.010309
2669,2872,61,0.455357,0.013158,0.010309
2669,2874,17,0.866142,0.021277,0.010309
2669,2877,75,0.404762,0.009615,0.010309
2669,2880,47,0.594828,0.015152,0.010309
2669,2896,35,0.6875,0.02,0.010309
2669,2897,43,0.601852,0.018519,0.010309
2669,2905,54,0.538462,0.013514,0.010309
2669,2906,73,0.37069,0.01087,0.010309
2669,2908,24,0.76,0.037037,0.010309
2669,2909,59,0.486957,0.012987,0.010309
2669,2910,58,0.52459,0.012048,0.010309
2669,2911,58,0.462963,0.014493,0.010309
2669,2912,47,0.576577,0.016393,0.010309
2669,2913,53,0.554622,0.013333,0.010309
2669,2916,68,0.413793,0.011494,0.010309
2669,2919,53,0.535088,0.014286,0.010309
2669,2920,51,0.575,0.013514,0.010309
2669,2925,61,0.469565,0.012658,0.010309
2669,2927,61,0.523438,0.01087,0.010309
2669,2940,45,0.612069,0.015625,0.010309
2669,2943,54,0.568,0.012195,0.010309
2669,2944,67,0.507353,0.009434,0.010309
2669,2956,52,0.631206,0.010417,0.010309
2669,2960,68,0.438017,0.01087,0.010309
2669,2966,78,0.380952,0.009346,0.010309
2669,2969,54,0.526316,0.014085,0.010309
2669,2974,42,0.631579,0.016949,0.010309
2669,2985,52,0.504762,0.016667,0.010309
2669,2986,71,0.436508,0.01,0.010309
2669,2994,32,0.753846,0.015385,0.010309
2669,3000,45,0.685315,0.010989,0.010309
2669,3004,40,0.636364,0.018868,0.010309
2669,3022,64,0.433628,0.0125,0.010309
2669,3026,48,0.668966,0.010417,0.010309
2669,3033,65,0.458333,0.011364,0.010309
2669,3040,44,0.576923,0.019608,0.010309
2669,3047,40,0.626168,0.02,0.010309
2669,3054,62,0.474576,0.012048,0.010309
2669,3056,53,0.565574,0.012821,0.010309
2669,3064,56,0.466667,0.015625,0.010309
2669,3065,44,0.584906,0.018868,0.010309
2669,3078,78,0.338983,0.010101,0.010309
2669,3084,29,0.798611,0.013158,0.010309
2669,3085,37,0.669643,0.019231,0.010309
2669,3096,64,0.412844,0.013158,0.010309
2669,3098,53,0.513761,0.015385,0.010309
2669,3104,40,0.714286,0.012048,0.010309
2669,3108,56,0.461538,0.015873,0.010309
2669,3129,22,0.8,0.028571,0.010309
2669,3142,43,0.609091,0.017857,0.010309
2669,3149,51,0.544643,0.015152,0.010309
2669,3174,56,0.513043,0.013514,0.010309
2669,3184,37,0.694215,0.016393,0.010309
2669,3226,63,0.442478,0.012658,0.010309
2669,3228,27,0.745283,0.027778,0.010309
2669,3232,76,0.396825,0.009524,0.010309
2669,3237,13,0.883929,0.035714,0.010309
2669,3274,1,0.993711,0.015873,0.010309
2669,3284,67,0.33,0.014286,0.010309
2669,3301,31,0.707547,0.025,0.010309
2669,3324,52,0.606061,0.011494,0.010309
2669,3339,55,0.521739,0.013699,0.010309
2669,3348,69,0.383929,0.011905,0.010309
2669,3362,40,0.69697,0.013333,0.010309
2669,3363,82,0.438356,0.007634,0.010309
2669,3384,24,0.803279,0.020408,0.010309
2669,3387,70,0.435484,0.010309,0.010309
2669,3390,16,0.849057,0.04,0.010309
2669,3426,81,0.372093,0.00885,0.010309
2670,2699,12,0.4,0.076923,0.052632
2670,2703,17,0.15,0.055556,0.052632
2670,2767,5,0.75,0.166667,0.052632
2670,2834,7,0.666667,0.111111,0.052632
2670,2879,15,0.25,0.0625,0.052632
2670,2889,15,0.347826,0.052632,0.052632
2670,2959,16,0.2,0.058824,0.052632
2670,2972,16,0.2,0.058824,0.052632
2670,2982,14,0.3,0.066667,0.052632
2670,3008,15,0.25,0.0625,0.052632
2670,3283,15,0.25,0.0625,0.052632
2670,3309,16,0.238095,0.055556,0.052632
2670,3311,10,0.5,0.090909,0.052632
2670,3314,15,0.25,0.0625,0.052632
2670,3318,18,0.142857,0.05,0.052632
2670,3325,17,0.190476,0.052632,0.052632
2670,3382,16,0.2,0.058824,0.052632
2670,3423,15,0.25,0.0625,0.052632
2671,2721,5,0.285714,0.166667,0.166667
2671,2824,5,0.285714,0.166667,0.166667
2671,2962,5,0.75,0.052632,0.166667
2671,3077,5,0.910714,0.018182,0.166667
2671,3091,5,0.285714,0.166667,0.166667
2672,2684,19,0.586957,0.035714,0.027027
2672,2701,23,0.425,0.038462,0.027027
2672,2708,23,0.520833,0.029412,0.027027
2672,2719,30,0.719626,0.01,0.027027
2672,2778,23,0.788991,0.010526,0.027027
2672,2781,12,0.868132,0.015152,0.027027
2672,2796,18,0.772152,0.016667,0.027027
2672,2797,19,0.577778,0.037037,0.027027
2672,2823,23,0.557692,0.026316,0.027027
2672,2875,23,0.651515,0.019231,0.027027
2672,2881,12,0.828571,0.022222,0.027027
2672,2894,30,0.558824,0.016393,0.027027
2672,2937,23,0.701299,0.015873,0.027027
2672,3011,19,0.683333,0.02381,0.027027
2672,3076,32,0.648352,0.011628,0.027027
2672,3079,23,0.566038,0.025641,0.027027
2672,3113,16,0.820225,0.014706,0.027027
2672,3145,23,0.722892,0.014493,0.027027
2672,3179,28,0.636364,0.014706,0.027027
2672,3182,32,0.561644,0.014706,0.027027
2672,3185,19,0.806122,0.0125,0.027027
2672,3255,2,0.970149,0.03125,0.027027
2672,3258,22,0.645161,0.021277,0.027027
2672,3261,24,0.641791,0.018519,0.027027
2672,3262,20,0.512195,0.041667,0.027027
2672,3274,15,0.823529,0.015873,0.027027
2672,3280,22,0.819672,0.009346,0.027027
2672,3298,16,0.757576,0.022222,0.027027
2672,3319,3,0.95,0.038462,0.027027
2672,3320,28,0.770492,0.00885,0.027027
2672,3332,26,0.643836,0.016129,0.027027
2672,3350,33,0.616279,0.012195,0.027027
2672,3351,12,0.889908,0.011905,0.027027
2672,3386,10,0.873418,0.019231,0.027027
2672,3396,30,0.638554,0.013158,0.027027
2672,3411,15,0.821429,0.016129,0.027027
2673,2694,20,0.803922,0.010753,0.034483
2673,2706,22,0.702703,0.014925,0.034483
2673,2754,24,0.811024,0.008197,0.034483
2673,2761,14,0.674419,0.035714,0.034483
2673,2763,23,0.666667,0.015873,0.034483
2673,2777,18,0.808511,0.012048,0.034483
2673,2806,22,0.614035,0.02,0.034483
2673,2839,27,0.805755,0.007299,0.034483
2673,2864,15,0.831461,0.013333,0.034483
2673,2877,19,0.833333,0.009615,0.034483
2673,2890,14,0.864078,0.011364,0.034483
2673,2909,18,0.795455,0.012987,0.034483
2673,2912,16,0.783784,0.016393,0.034483
2673,2919,19,0.7625,0.014286,0.034483
2673,2943,16,0.831579,0.012195,0.034483
2673,2944,18,0.846154,0.009434,0.034483
2673,2948,15,0.571429,0.047619,0.034483
2673,3004,19,0.698413,0.018868,0.034483
2673,3023,18,0.608696,0.028571,0.034483
2673,3052,14,0.784615,0.02,0.034483
2673,3184,19,0.732394,0.016393,0.034483
2673,3193,11,0.755556,0.037037,0.034483
2673,3324,24,0.73913,0.011494,0.034483
2673,3363,23,0.832117,0.007634,0.034483
2673,3414,12,0.657143,0.055556,0.034483
2673,3426,19,0.845528,0.00885,0.034483
2673,3436,2,0.941176,0.142857,0.034483
2674,2742,57,0.55814,0.008621,0.014286
2674,2765,41,0.460526,0.021277,0.014286
2674,2770,37,0.5,0.02439,0.014286
2674,2772,4,0.96,0.029412,0.014286
2674,2778,52,0.539823,0.010526,0.014286
2674,2781,36,0.64,0.015152,0.014286
2674,2793,50,0.579832,0.010101,0.014286
2674,2796,35,0.631579,0.016667,0.014286
2674,2828,46,0.54902,0.012821,0.014286
2674,2833,44,0.592593,0.012195,0.014286
2674,2849,56,0.410526,0.012346,0.014286
2674,2853,49,0.409639,0.016129,0.014286
2674,2863,59,0.486957,0.009615,0.014286
2674,2869,42,0.571429,0.014286,0.014286
2674,2939,55,0.345238,0.014493,0.014286
2674,2970,40,0.459459,0.022727,0.014286
2674,2991,47,0.440476,0.016393,0.014286
2674,3016,15,0.821429,0.034483,0.014286
2674,3017,18,0.852459,0.014286,0.014286
2674,3021,43,0.441558,0.02,0.014286
2674,3035,61,0.383838,0.011111,0.014286
2674,3049,60,0.302326,0.013158,0.014286
2674,3051,41,0.684615,0.009901,0.014286
2674,3070,43,0.516854,0.016129,0.014286
2674,3082,61,0.512,0.008621,0.014286
2674,3097,6,0.942857,0.02439,0.014286
2674,3101,65,0.488189,0.008197,0.014286
2674,3102,43,0.434211,0.020408,0.014286
2674,3113,38,0.62,0.014706,0.014286
2674,3115,35,0.635417,0.016393,0.014286
2674,3116,56,0.521368,0.009709,0.014286
2674,3120,44,0.546392,0.014085,0.014286
2674,3132,61,0.344086,0.011905,0.014286
2674,3140,13,0.898438,0.014085,0.014286
2674,3145,32,0.700935,0.014493,0.014286
2674,3146,48,0.421687,0.016393,0.014286
2674,3150,46,0.59292,0.011236,0.014286
2674,3152,47,0.564815,0.011765,0.014286
2674,3169,53,0.320513,0.016393,0.014286
2674,3179,32,0.698113,0.014706,0.014286
2674,3185,37,0.672566,0.0125,0.014286
2674,3192,4,0.95122,0.0625,0.014286
2674,3201,63,0.363636,0.01087,0.014286
2674,3204,24,0.741935,0.021277,0.014286
2674,3206,35,0.593023,0.019608,0.014286
2674,3239,49,0.409639,0.016129,0.014286
2674,3247,51,0.4,0.015152,0.014286
2674,3252,55,0.455446,0.011628,0.014286
2674,3265,42,0.447368,0.020833,0.014286
2674,3267,49,0.473118,0.013889,0.014286
2674,3277,55,0.360465,0.014085,0.014286
2674,3280,57,0.525,0.009346,0.014286
2674,3288,22,0.770833,0.020833,0.014286
2674,3291,45,0.6875,0.008403,0.014286
2674,3296,23,0.738636,0.02439,0.014286
2674,3297,55,0.294872,0.015873,0.014286
2674,3316,34,0.546667,0.025641,0.014286
2674,3330,49,0.570175,0.010753,0.014286
2674,3344,43,0.582524,0.013158,0.014286
2674,3347,46,0.54,0.013158,0.014286
2674,3350,33,0.722689,0.012195,0.014286
2674,3351,60,0.361702,0.011905,0.014286
2674,3381,41,0.506024,0.018519,0.014286
2674,3391,36,0.586207,0.018868,0.014286
2674,3397,53,0.598485,0.008696,0.014286
2674,3416,47,0.381579,0.018868,0.014286
2674,3419,50,0.39759,0.015873,0.014286
2674,3434,54,0.560976,0.009346,0.014286
2675,2686,16,0.652174,0.041667,0.026316
2675,2702,12,0.76,0.041667,0.026316
2675,2730,22,0.790476,0.011236,0.026316
2675,2781,6,0.938776,0.015152,0.026316
2675,2833,9,0.918919,0.012195,0.026316
2675,2843,14,0.735849,0.034483,0.026316
2675,2871,21,0.644068,0.02381,0.026316
2675,2904,11,0.888889,0.013889,0.026316
2675,2914,11,0.838235,0.02439,0.026316
2675,2932,22,0.607143,0.025,0.026316
2675,2955,20,0.677419,0.022727,0.026316
2675,2999,7,0.885246,0.033333,0.026316
2675,3087,19,0.728571,0.019608,0.026316
2675,3107,15,0.797297,0.019608,0.026316
2675,3132,9,0.920354,0.011905,0.026316
2675,3136,29,0.591549,0.016129,0.026316
2675,3150,11,0.905172,0.011236,0.026316
2675,3154,12,0.897436,0.010989,0.026316
2675,3171,3,0.944444,0.052632,0.026316
2675,3187,15,0.736842,0.029412,0.026316
2675,3189,12,0.733333,0.052632,0.026316
2675,3196,16,0.741935,0.025,0.026316
2675,3198,19,0.819048,0.011628,0.026316
2675,3219,20,0.649123,0.025641,0.026316
2675,3253,24,0.630769,0.019608,0.026316
2675,3256,17,0.797619,0.015873,0.026316
2675,3259,13,0.767857,0.032258,0.026316
2675,3264,15,0.722222,0.032258,0.026316
2675,3327,12,0.842105,0.02,0.026316
2675,3330,19,0.830357,0.010753,0.026316
2675,3337,17,0.622222,0.041667,0.026316
2675,3341,8,0.868852,0.032258,0.026316
2675,3369,21,0.65,0.023256,0.026316
2675,3395,16,0.733333,0.026316,0.026316
2675,3404,12,0.727273,0.055556,0.026316
2675,3411,11,0.876404,0.016129,0.026316
2676,2683,24,0.824818,0.012821,0.012048
2676,2689,43,0.598131,0.014925,0.012048
2676,2694,58,0.508475,0.010753,0.012048
2676,2698,46,0.566038,0.014493,0.012048
2676,2705,21,0.764045,0.037037,0.012048
2676,2717,50,0.425287,0.018519,0.012048
2676,2745,20,0.791667,0.030303,0.012048
2676,2754,58,0.605442,0.008197,0.012048
2676,2755,58,0.491228,0.011236,0.012048
2676,2757,60,0.433962,0.012048,0.012048
2676,2777,53,0.530973,0.012048,0.012048
2676,2782,65,0.439655,0.010204,0.012048
2676,2800,46,0.613445,0.012195,0.012048
2676,2815,50,0.444444,0.017544,0.012048
2676,2827,56,0.45098,0.013333,0.012048
2676,2839,72,0.513514,0.007299,0.012048
2676,2864,42,0.637931,0.013333,0.012048
2676,2866,59,0.421569,0.012821,0.012048
2676,2867,46,0.606838,0.0125,0.012048
2676,2872,57,0.441176,0.013158,0.012048
2676,2873,24,0.818182,0.013699,0.012048
2676,2877,60,0.527559,0.009615,0.012048
2676,2896,29,0.721154,0.02,0.012048
2676,2897,38,0.616162,0.018519,0.012048
2676,2905,46,0.585586,0.013514,0.012048
2676,2906,58,0.504274,0.01087,0.012048
2676,2909,47,0.584071,0.012987,0.012048
2676,2911,50,0.509804,0.014493,0.012048
2676,2912,42,0.588235,0.016393,0.012048
2676,2913,49,0.550459,0.013333,0.012048
2676,2916,65,0.380952,0.011494,0.012048
2676,2917,15,0.825581,0.055556,0.012048
2676,2919,46,0.570093,0.014286,0.012048
2676,2920,43,0.622807,0.013514,0.012048
2676,2925,56,0.471698,0.012658,0.012048
2676,2927,47,0.632812,0.01087,0.012048
2676,2943,44,0.636364,0.012195,0.012048
2676,2944,51,0.630435,0.009434,0.012048
2676,2946,23,0.806723,0.016949,0.012048
2676,2960,53,0.565574,0.01087,0.012048
2676,2966,65,0.48,0.009346,0.012048
2676,2969,47,0.560748,0.014085,0.012048
2676,2985,46,0.525773,0.016667,0.012048
2676,2986,61,0.5,0.01,0.012048
2676,2994,23,0.816,0.015385,0.012048
2676,3010,8,0.925234,0.03125,0.012048
2676,3022,58,0.447619,0.0125,0.012048
2676,3033,68,0.339806,0.011364,0.012048
2676,3036,15,0.858491,0.026316,0.012048
2676,3040,42,0.543478,0.019608,0.012048
2676,3047,38,0.6,0.02,0.012048
2676,3056,47,0.587719,0.012821,0.012048
2676,3064,53,0.43617,0.015625,0.012048
2676,3065,44,0.521739,0.018868,0.012048
2676,3078,68,0.403509,0.010101,0.012048
2676,3080,8,0.92233,0.035714,0.012048
2676,3085,37,0.622449,0.019231,0.012048
2676,3096,57,0.441176,0.013158,0.012048
2676,3098,51,0.474227,0.015385,0.012048
2676,3108,55,0.395604,0.015873,0.012048
2676,3142,44,0.536842,0.017857,0.012048
2676,3149,49,0.51,0.015152,0.012048
2676,3174,50,0.53271,0.013514,0.012048
2676,3184,31,0.725664,0.016393,0.012048
2676,3193,9,0.910891,0.037037,0.012048
2676,3195,51,0.509615,0.013889,0.012048
2676,3226,60,0.411765,0.012658,0.012048
2676,3232,63,0.496,0.009524,0.012048
2676,3250,31,0.639535,0.029412,0.012048
2676,3284,56,0.42268,0.014286,0.012048
2676,3301,33,0.633333,0.025,0.012048
2676,3304,23,0.757895,0.028571,0.012048
2676,3339,47,0.568807,0.013699,0.012048
2676,3348,60,0.439252,0.011905,0.012048
2676,3363,68,0.534247,0.007634,0.012048
2676,3364,15,0.871795,0.020408,0.012048
2676,3387,64,0.448276,0.010309,0.012048
2676,3390,13,0.863158,0.04,0.012048
2676,3426,62,0.537313,0.00885,0.012048
2677,2688,3,0.869565,0.090909,0.066667
2677,2764,8,0.75,0.04,0.066667
2677,2923,3,0.892857,0.0625,0.066667
2677,2971,1,0.944444,0.25,0.066667
2677,2999,4,0.902439,0.033333,0.066667
2677,3020,4,0.916667,0.027027,0.066667
2677,3103,2,0.939394,0.05,0.066667
2677,3185,1,0.989362,0.0125,0.066667
2677,3302,3,0.962025,0.014925,0.066667
2677,3375,1,0.941176,0.333333,0.066667
2677,3420,2,0.944444,0.043478,0.066667
2678,2760,6,0.571429,0.090909,0.111111
2678,3057,7,0.631579,0.058824,0.111111
2678,3164,6,0.538462,0.1,0.111111
2678,3222,6,0.666667,0.066667,0.111111
2678,3263,7,0.883333,0.017241,0.111111
2679,2681,35,0.660194,0.022222,0.010753
2679,2683,49,0.598361,0.012821,0.010753
2679,2689,38,0.688525,0.014925,0.010753
2679,2729,41,0.643478,0.015873,0.010753
2679,2738,55,0.545455,0.012048,0.010753
2679,2741,43,0.598131,0.017544,0.010753
2679,2750,45,0.661654,0.011765,0.010753
2679,2754,65,0.566667,0.008197,0.010753
2679,2755,49,0.631579,0.011236,0.010753
2679,2756,39,0.606061,0.022222,0.010753
2679,2757,43,0.676692,0.012048,0.010753
2679,2763,31,0.752,0.015873,0.010753
2679,2773,44,0.584906,0.017544,0.010753
2679,2777,44,0.666667,0.012048,0.010753
2679,2786,72,0.414634,0.009804,0.010753
2679,2800,46,0.643411,0.012195,0.010753
2679,2810,40,0.63964,0.017241,0.010753
2679,2835,30,0.719626,0.022727,0.010753
2679,2839,71,0.553459,0.007299,0.010753
2679,2862,60,0.423077,0.014085,0.010753
2679,2864,44,0.645161,0.013333,0.010753
2679,2873,47,0.605042,0.013699,0.010753
2679,2880,36,0.707317,0.015152,0.010753
2679,2887,28,0.733333,0.025,0.010753
2679,2890,56,0.552,0.011364,0.010753
2679,2896,25,0.788136,0.02,0.010753
2679,2905,38,0.705426,0.013514,0.010753
2679,2906,59,0.531746,0.01087,0.010753
2679,2907,23,0.77451,0.03125,0.010753
2679,2910,48,0.625,0.012048,0.010753
2679,2911,30,0.772727,0.014493,0.010753
2679,2915,54,0.584615,0.010989,0.010753
2679,2916,40,0.714286,0.011494,0.010753
2679,2920,38,0.705426,0.013514,0.010753
2679,2924,27,0.745283,0.025,0.010753
2679,2927,53,0.598485,0.01087,0.010753
2679,2928,62,0.470085,0.011628,0.010753
2679,2929,39,0.617647,0.020833,0.010753
2679,2931,38,0.648148,0.018868,0.010753
2679,2940,39,0.669492,0.015625,0.010753
2679,2944,62,0.547445,0.009434,0.010753
2679,2946,21,0.839695,0.016949,0.010753
2679,2953,26,0.742574,0.029412,0.010753
2679,2956,69,0.425,0.010417,0.010753
2679,2960,52,0.609023,0.01087,0.010753
2679,2966,56,0.611111,0.009346,0.010753
2679,2969,40,0.677419,0.014085,0.010753
2679,2977,28,0.714286,0.030303,0.010753
2679,2985,32,0.735537,0.016667,0.010753
2679,2986,53,0.621429,0.01,0.010753
2679,2987,15,0.857143,0.037037,0.010753
2679,2988,45,0.594595,0.015873,0.010753
2679,2993,38,0.657658,0.017857,0.010753
2679,2994,45,0.60177,0.015385,0.010753
2679,3000,64,0.466667,0.010989,0.010753
2679,3004,29,0.752137,0.018868,0.010753
2679,3014,32,0.692308,0.023256,0.010753
2679,3025,34,0.699115,0.018519,0.010753
2679,3026,55,0.589552,0.010417,0.010753
2679,3029,43,0.578431,0.019231,0.010753
2679,3046,1,0.992248,0.027027,0.010753
2679,3054,44,0.666667,0.012048,0.010753
2679,3056,40,0.694656,0.012821,0.010753
2679,3073,42,0.628319,0.016129,0.010753
2679,3078,57,0.577778,0.010101,0.010753
2679,3084,51,0.567797,0.013158,0.010753
2679,3090,62,0.553957,0.009259,0.010753
2679,3104,55,0.545455,0.012048,0.010753
2679,3108,30,0.761905,0.015873,0.010753
2679,3119,51,0.540541,0.014493,0.010753
2679,3135,26,0.745098,0.028571,0.010753
2679,3142,23,0.81746,0.017857,0.010753
2679,3158,36,0.669725,0.019231,0.010753
2679,3174,41,0.674603,0.013514,0.010753
2679,3184,28,0.777778,0.016393,0.010753
2679,3195,34,0.740458,0.013889,0.010753
2679,3220,43,0.586538,0.018519,0.010753
2679,3238,32,0.686275,0.02439,0.010753
2679,3243,21,0.787879,0.037037,0.010753
2679,3257,30,0.714286,0.02381,0.010753
2679,3293,48,0.542857,0.016667,0.010753
2679,3324,45,0.666667,0.011494,0.010753
2679,3339,37,0.713178,0.013699,0.010753
2679,3362,52,0.551724,0.013333,0.010753
2679,3363,69,0.554839,0.007634,0.010753
2679,3364,38,0.634615,0.020408,0.010753
2679,3384,35,0.672897,0.020408,0.010753
2679,3417,65,0.444444,0.011236,0.010753
2679,3426,52,0.662338,0.00885,0.010753
2679,3433,54,0.480769,0.015385,0.010753
2679,3435,36,0.660377,0.020408,0.010753
2680,2689,34,0.604651,0.014925,0.018868
2680,2694,42,0.596154,0.010753,0.018868
2680,2705,18,0.709677,0.037037,0.018868
2680,2706,25,0.736842,0.014925,0.018868
2680,2743,12,0.869565,0.019608,0.018868
2680,2749,24,0.707317,0.018868,0.018868
2680,2750,35,0.660194,0.011765,0.018868
2680,2755,36,0.660377,0.011236,0.018868
2680,2757,38,0.612245,0.012048,0.018868
2680,2763,21,0.778947,0.015873,0.018868
2680,2800,32,0.68932,0.012195,0.018868
2680,2815,31,0.607595,0.017544,0.018868
2680,2835,17,0.7875,0.022727,0.018868
2680,2839,49,0.652482,0.007299,0.018868
2680,2877,37,0.691667,0.009615,0.018868
2680,2891,7,0.897059,0.045455,0.018868
2680,2905,27,0.73,0.013514,0.018868
2680,2911,32,0.644444,0.014493,0.018868
2680,2916,42,0.571429,0.011494,0.018868
2680,2917,9,0.854839,0.055556,0.018868
2680,2925,35,0.639175,0.012658,0.018868
2680,2927,34,0.693694,0.01087,0.018868
2680,2943,37,0.622449,0.012195,0.018868
2680,2944,37,0.696721,0.009434,0.018868
2680,2960,38,0.64486,0.01087,0.018868
2680,2966,39,0.677686,0.009346,0.018868
2680,2974,31,0.617284,0.016949,0.018868
2680,2986,42,0.621622,0.01,0.018868
2680,3022,36,0.628866,0.0125,0.018868
2680,3029,11,0.882979,0.019231,0.018868
2680,3033,39,0.617647,0.011364,0.018868
2680,3054,33,0.679612,0.012048,0.018868
2680,3056,40,0.56044,0.012821,0.018868
2680,3064,31,0.639535,0.015625,0.018868
2680,3078,40,0.642857,0.010101,0.018868
2680,3085,30,0.6,0.019231,0.018868
2680,3096,38,0.582418,0.013158,0.018868
2680,3129,19,0.724638,0.028571,0.018868
2680,3149,32,0.632184,0.015152,0.018868
2680,3174,32,0.663158,0.013514,0.018868
2680,3193,9,0.873239,0.037037,0.018868
2680,3195,31,0.670213,0.013889,0.018868
2680,3228,20,0.710145,0.027778,0.018868
2680,3232,38,0.683333,0.009524,0.018868
2680,3284,37,0.569767,0.014286,0.018868
2680,3304,13,0.826667,0.028571,0.018868
2680,3339,30,0.6875,0.013699,0.018868
2680,3348,40,0.587629,0.011905,0.018868
2680,3363,47,0.656934,0.007634,0.018868
2680,3387,36,0.684211,0.010309,0.018868
2680,3426,43,0.650407,0.00885,0.018868
2681,2683,27,0.71875,0.012821,0.022222
2681,2689,23,0.741573,0.014925,0.022222
2681,2738,30,0.693878,0.012048,0.022222
2681,2741,25,0.675325,0.017544,0.022222
2681,2743,21,0.72,0.019608,0.022222
2681,2754,35,0.734848,0.008197,0.022222
2681,2756,22,0.676471,0.022222,0.022222
2681,2757,25,0.757282,0.012048,0.022222
2681,2763,19,0.786517,0.015873,0.022222
2681,2773,21,0.740741,0.017544,0.022222
2681,2782,26,0.777778,0.010204,0.022222
2681,2786,33,0.710526,0.009804,0.022222
2681,2800,23,0.778846,0.012195,0.022222
2681,2835,19,0.728571,0.022727,0.022222
2681,2839,35,0.761905,0.007299,0.022222
2681,2862,30,0.651163,0.014085,0.022222
2681,2864,21,0.787879,0.013333,0.022222
2681,2916,23,0.788991,0.011494,0.022222
2681,2924,21,0.671875,0.025,0.022222
2681,2925,23,0.772277,0.012658,0.022222
2681,2929,19,0.743243,0.020833,0.022222
2681,2931,25,0.657534,0.018868,0.022222
2681,2944,31,0.741667,0.009434,0.022222
2681,2945,25,0.662162,0.018519,0.022222
2681,2956,32,0.706422,0.010417,0.022222
2681,2969,25,0.725275,0.014085,0.022222
2681,2994,21,0.764045,0.015385,0.022222
2681,3014,15,0.794521,0.023256,0.022222
2681,3029,23,0.689189,0.019231,0.022222
2681,3054,23,0.780952,0.012048,0.022222
2681,3056,25,0.744898,0.012821,0.022222
2681,3085,20,0.74026,0.019231,0.022222
2681,3090,28,0.776,0.009259,0.022222
2681,3129,17,0.730159,0.028571,0.022222
2681,3184,19,0.781609,0.016393,0.022222
2681,3228,15,0.772727,0.027778,0.022222
2681,3257,17,0.757143,0.02381,0.022222
2681,3293,22,0.73494,0.016667,0.022222
2681,3301,12,0.835616,0.025,0.022222
2681,3324,27,0.742857,0.011494,0.022222
2681,3363,35,0.751773,0.007634,0.022222
2681,3387,24,0.79661,0.010309,0.022222
2681,3433,29,0.641975,0.015385,0.022222
2682,2692,2,0.894737,0.2,0.0625
2682,2724,13,0.821918,0.014286,0.0625
2682,2737,5,0.84375,0.047619,0.0625
2682,2775,10,0.69697,0.037037,0.0625
2682,2900,4,0.826087,0.090909,0.0625
2682,3001,7,0.840909,0.028571,0.0625
2682,3018,9,0.756757,0.033333,0.0625
2682,3019,13,0.821918,0.014286,0.0625
2682,3068,5,0.814815,0.0625,0.0625
2682,3100,8,0.809524,0.029412,0.0625
2682,3168,11,0.792453,0.020833,0.0625
2682,3233,13,0.80303,0.015873,0.0625
2682,3295,11,0.784314,0.021739,0.0625
2682,3334,4,0.809524,0.111111,0.0625
2682,3366,12,0.818182,0.016129,0.0625
2683,2689,28,0.760684,0.014925,0.012821
2683,2729,44,0.546392,0.015873,0.012821
2683,2731,20,0.770115,0.034483,0.012821
2683,2738,50,0.54955,0.012048,0.012821
2683,2741,31,0.701923,0.017544,0.012821
2683,2743,31,0.683673,0.019608,0.012821
2683,2754,48,0.684211,0.008197,0.012821
2683,2756,36,0.586207,0.022222,0.012821
2683,2761,13,0.860215,0.035714,0.012821
2683,2773,34,0.663366,0.017544,0.012821
2683,2786,52,0.59375,0.009804,0.012821
2683,2794,12,0.858824,0.052632,0.012821
2683,2807,12,0.863636,0.045455,0.012821
2683,2809,11,0.872093,0.052632,0.012821
2683,2810,31,0.704762,0.017241,0.012821
2683,2837,8,0.904762,0.071429,0.012821
2683,2839,46,0.727811,0.007299,0.012821
2683,2854,17,0.824742,0.027778,0.012821
2683,2862,44,0.580952,0.014085,0.012821
2683,2867,28,0.784615,0.0125,0.012821
2683,2873,44,0.588785,0.013699,0.012821
2683,2874,34,0.626374,0.021277,0.012821
2683,2887,29,0.674157,0.025,0.012821
2683,2890,43,0.650407,0.011364,0.012821
2683,2906,34,0.75,0.01087,0.012821
2683,2915,45,0.637097,0.010989,0.012821
2683,2927,38,0.712121,0.01087,0.012821
2683,2931,32,0.676768,0.018868,0.012821
2683,2943,27,0.796992,0.012195,0.012821
2683,2944,45,0.676259,0.009434,0.012821
2683,2945,30,0.705882,0.018519,0.012821
2683,2953,22,0.755556,0.029412,0.012821
2683,2956,48,0.619048,0.010417,0.012821
2683,2966,41,0.715278,0.009346,0.012821
2683,2977,27,0.678571,0.030303,0.012821
2683,2993,32,0.686275,0.017857,0.012821
2683,2994,37,0.650943,0.015385,0.012821
2683,3000,53,0.543103,0.010989,0.012821
2683,3010,17,0.817204,0.03125,0.012821
2683,3025,40,0.565217,0.018519,0.012821
2683,3026,53,0.561983,0.010417,0.012821
2683,3029,40,0.555556,0.019231,0.012821
2683,3036,24,0.73913,0.026316,0.012821
2683,3080,17,0.808989,0.035714,0.012821
2683,3084,49,0.533333,0.013158,0.012821
2683,3090,53,0.601504,0.009259,0.012821
2683,3096,20,0.850746,0.013158,0.012821
2683,3104,47,0.587719,0.012048,0.012821
2683,3119,41,0.613208,0.014493,0.012821
2683,3123,22,0.752809,0.030303,0.012821
2683,3129,16,0.835052,0.028571,0.012821
2683,3137,26,0.742574,0.020408,0.012821
2683,3158,36,0.617021,0.019231,0.012821
2683,3220,30,0.705882,0.018519,0.012821
2683,3232,39,0.729167,0.009524,0.012821
2683,3237,11,0.884211,0.035714,0.012821
2683,3238,31,0.647727,0.02439,0.012821
2683,3257,38,0.536585,0.02381,0.012821
2683,3286,9,0.902174,0.043478,0.012821
2683,3293,42,0.5625,0.016667,0.012821
2683,3301,19,0.808081,0.025,0.012821
2683,3324,34,0.740458,0.011494,0.012821
2683,3362,48,0.542857,0.013333,0.012821
2683,3363,49,0.69375,0.007634,0.012821
2683,3364,29,0.704082,0.020408,0.012821
2683,3387,39,0.713235,0.010309,0.012821
2683,3390,15,0.829545,0.04,0.012821
2683,3394,20,0.775281,0.032258,0.012821
2683,3400,21,0.771739,0.028571,0.012821
2683,3417,48,0.596639,0.011236,0.012821
2683,3426,39,0.743421,0.00885,0.012821
2683,3433,41,0.598039,0.015385,0.012821
2683,3435,34,0.634409,0.020408,0.012821
2684,2701,20,0.411765,0.038462,0.035714
2684,2708,22,0.45,0.029412,0.035714
2684,2737,4,0.911111,0.047619,0.035714
2684,2775,3,0.942308,0.037037,0.035714
2684,2797,18,0.513514,0.037037,0.035714
2684,2823,23,0.465116,0.026316,0.035714
2684,2875,19,0.688525,0.019231,0.035714
2684,2894,21,0.691176,0.016393,0.035714
2684,2937,25,0.621212,0.015873,0.035714
2684,2976,10,0.830508,0.02439,0.035714
2684,3011,17,0.679245,0.02381,0.035714
2684,3051,15,0.868421,0.009901,0.035714
2684,3060,18,0.795455,0.012821,0.035714
2684,3076,24,0.733333,0.011628,0.035714
2684,3079,22,0.511111,0.025641,0.035714
2684,3152,13,0.87,0.011765,0.035714
2684,3172,20,0.75,0.013889,0.035714
2684,3179,21,0.72,0.014706,0.035714
2684,3182,25,0.647887,0.014706,0.035714
2684,3258,24,0.529412,0.021277,0.035714
2684,3262,17,0.514286,0.041667,0.035714
2684,3320,22,0.815126,0.00885,0.035714
2684,3332,24,0.636364,0.016129,0.035714
2684,3350,23,0.735632,0.012195,0.035714
2684,3396,24,0.7,0.013158,0.035714
2684,3434,16,0.865546,0.009346,0.035714
2685,2724,8,0.891892,0.014286,0.083333
2685,2865,5,0.891304,0.025641,0.083333
2685,2957,6,0.7,0.071429,0.083333
2685,3011,6,0.875,0.02381,0.083333
2685,3061,8,0.555556,0.071429,0.083333
2685,3081,8,0.724138,0.04,0.083333
2685,3136,2,0.972222,0.016129,0.083333
2685,3263,9,0.852459,0.017241,0.083333
2685,3279,3,0.911765,0.04,0.083333
2685,3345,1,0.986842,0.015385,0.083333
2685,3405,5,0.75,0.076923,0.083333
2686,2702,11,0.702703,0.041667,0.041667
2686,2871,17,0.653061,0.02381,0.041667
2686,2932,15,0.693878,0.025,0.041667
2686,2950,11,0.819672,0.020833,0.041667
2686,3002,4,0.956522,0.013889,0.041667
2686,3034,4,0.936508,0.023256,0.041667
2686,3075,3,0.931818,0.043478,0.041667
2686,3107,10,0.846154,0.019608,0.041667
2686,3111,7,0.898551,0.019231,0.041667
2686,3115,4,0.950617,0.016393,0.041667
2686,3136,15,0.788732,0.016129,0.041667
2686,3189,12,0.612903,0.052632,0.041667
2686,3196,7,0.877193,0.025,0.041667
2686,3198,15,0.842105,0.011628,0.041667
2686,3217,2,0.928571,0.166667,0.041667
2686,3219,16,0.659574,0.025641,0.041667
2686,3256,9,0.884615,0.015873,0.041667
2686,3259,12,0.72093,0.032258,0.041667
2686,3264,8,0.829787,0.032258,0.041667
2686,3337,11,0.702703,0.041667,0.041667
2686,3395,14,0.708333,0.026316,0.041667
2686,3404,6,0.833333,0.055556,0.041667
2687,2716,19,0.804124,0.010526,0.047619
2687,2742,19,0.838983,0.008621,0.047619
2687,2748,16,0.8,0.013333,0.047619
2687,2780,12,0.823529,0.016949,0.047619
2687,2785,14,0.72549,0.022727,0.047619
2687,2846,18,0.4,0.037037,0.047619
2687,2914,12,0.76,0.02439,0.047619
2687,3013,15,0.5,0.041667,0.047619
2687,3038,15,0.840426,0.011364,0.047619
2687,3046,12,0.73913,0.027027,0.047619
2687,3089,16,0.719298,0.019231,0.047619
2687,3194,11,0.592593,0.058824,0.047619
2687,3209,16,0.448276,0.041667,0.047619
2687,3212,15,0.634146,0.028571,0.047619
2687,3320,14,0.883333,0.00885,0.047619
2687,3321,14,0.815789,0.014493,0.047619
2687,3345,16,0.771429,0.015385,0.047619
2687,3360,20,0.733333,0.013514,0.047619
2687,3397,15,0.876033,0.008696,0.047619
2688,2693,4,0.84,0.055556,0.090909
2688,2725,3,0.8125,0.125,0.090909
2688,2764,5,0.83871,0.04,0.090909
2688,2903,4,0.733333,0.125,0.090909
2688,3086,1,0.978723,0.027027,0.090909
2688,3146,2,0.971429,0.016393,0.090909
2688,3205,1,0.96,0.066667,0.090909
2688,3302,6,0.916667,0.014925,0.090909
2688,3328,1,0.964286,0.055556,0.090909
2689,2694,47,0.584071,0.010753,0.014925
2689,2705,19,0.746667,0.037037,0.014925
2689,2706,33,0.673267,0.014925,0.014925
2689,2717,31,0.655556,0.018519,0.014925
2689,2729,14,0.87931,0.015873,0.014925
2689,2743,29,0.674157,0.019608,0.014925
2689,2750,41,0.630631,0.011765,0.014925
2689,2754,52,0.620438,0.008197,0.014925
2689,2757,48,0.529412,0.012048,0.014925
2689,2763,29,0.712871,0.015873,0.014925
2689,2777,50,0.5,0.012048,0.014925
2689,2782,43,0.647541,0.010204,0.014925
2689,2800,46,0.553398,0.012195,0.014925
2689,2810,32,0.655914,0.017241,0.014925
2689,2815,36,0.590909,0.017544,0.014925
2689,2827,39,0.621359,0.013333,0.014925
2689,2835,19,0.793478,0.022727,0.014925
2689,2839,63,0.553191,0.007299,0.014925
2689,2867,46,0.544554,0.0125,0.014925
2689,2896,30,0.655172,0.02,0.014925
2689,2907,21,0.730769,0.03125,0.014925
2689,2910,43,0.598131,0.012048,0.014925
2689,2916,49,0.533333,0.011494,0.014925
2689,2917,13,0.819444,0.055556,0.014925
2689,2920,41,0.59,0.013514,0.014925
2689,2925,38,0.648148,0.012658,0.014925
2689,2927,46,0.59292,0.01087,0.014925
2689,2943,53,0.447917,0.012195,0.014925
2689,2944,58,0.495652,0.009434,0.014925
2689,2945,30,0.67033,0.018519,0.014925
2689,2966,45,0.651163,0.009346,0.014925
2689,2969,40,0.591837,0.014085,0.014925
2689,2974,38,0.568182,0.016949,0.014925
2689,2986,48,0.596639,0.01,0.014925
2689,3000,42,0.637931,0.010989,0.014925
2689,3022,36,0.675676,0.0125,0.014925
2689,3056,51,0.457447,0.012821,0.014925
2689,3064,33,0.663265,0.015625,0.014925
2689,3065,32,0.636364,0.018868,0.014925
2689,3073,31,0.683673,0.016129,0.014925
2689,3078,47,0.605042,0.010101,0.014925
2689,3085,35,0.583333,0.019231,0.014925
2689,3096,41,0.598039,0.013158,0.014925
2689,3108,39,0.571429,0.015873,0.014925
2689,3117,18,0.839286,0.015873,0.014925
2689,3135,20,0.756098,0.028571,0.014925
2689,3142,26,0.731959,0.017857,0.014925
2689,3158,23,0.760417,0.019231,0.014925
2689,3220,32,0.640449,0.018519,0.014925
2689,3232,47,0.624,0.009524,0.014925
2689,3284,42,0.557895,0.014286,0.014925
2689,3301,26,0.679012,0.025,0.014925
2689,3324,29,0.768,0.011494,0.014925
2689,3348,40,0.63964,0.011905,0.014925
2689,3363,64,0.522388,0.007634,0.014925
2689,3387,41,0.666667,0.010309,0.014925
2689,3417,38,0.677966,0.011236,0.014925
2689,3426,48,0.636364,0.00885,0.014925
2689,3433,30,0.705882,0.015385,0.014925
2690,2723,4,0.897436,0.083333,0.032258
2690,2730,10,0.909091,0.011236,0.032258
2690,2735,3,0.93617,0.052632,0.032258
2690,2759,3,0.94,0.045455,0.032258
2690,2762,5,0.893617,0.047619,0.032258
2690,2784,8,0.843137,0.035714,0.032258
2690,2787,6,0.918919,0.020408,0.032258
2690,2803,6,0.87234,0.045455,0.032258
2690,2836,6,0.892857,0.032258,0.032258
2690,2844,7,0.867925,0.034483,0.032258
2690,2856,9,0.775,0.055556,0.032258
2690,2871,8,0.876923,0.02381,0.032258
2690,2881,6,0.914286,0.022222,0.032258
2690,2882,2,0.948718,0.1,0.032258
2690,2921,5,0.924242,0.025,0.032258
2690,2996,8,0.870968,0.025641,0.032258
2690,3018,4,0.929825,0.033333,0.032258
2690,3020,4,0.9375,0.027027,0.032258
2690,3099,6,0.828571,0.1,0.032258
2690,3100,4,0.934426,0.029412,0.032258
2690,3196,7,0.890625,0.025,0.032258
2690,3242,4,0.904762,0.066667,0.032258
2690,3275,5,0.909091,0.034483,0.032258
2690,3342,9,0.9,0.014706,0.032258
2690,3349,6,0.837838,0.083333,0.032258
2690,3353,7,0.918605,0.016129,0.032258
2690,3365,8,0.884058,0.021739,0.032258
2690,3383,4,0.909091,0.058824,0.032258
2690,3395,7,0.887097,0.026316,0.032258
2691,2792,2,0.5,0.333333,0.333333
2691,3037,2,0.5,0.333333,0.333333
2692,2951,3,0.971154,0.009804,0.2
2692,3162,3,0.949153,0.017544,0.2
2692,3233,4,0.9375,0.015873,0.2
2693,2764,11,0.65625,0.04,0.055556
2693,2802,2,0.923077,0.1,0.055556
2693,2822,7,0.72,0.071429,0.055556
2693,2903,5,0.761905,0.125,0.055556
2693,2949,3,0.914286,0.05,0.055556
2693,2999,8,0.8,0.033333,0.055556
2693,3069,2,0.9375,0.0625,0.055556
2693,3156,1,0.966667,0.076923,0.055556
2693,3278,5,0.84375,0.052632,0.055556
2693,3302,3,0.963415,0.014925,0.055556
2693,3310,3,0.85,0.2,0.055556
2693,3319,3,0.926829,0.038462,0.055556
2693,3361,7,0.72,0.071429,0.055556
2693,3397,3,0.976923,0.008696,0.055556
2694,2706,42,0.644068,0.014925,0.010753
2694,2717,46,0.544554,0.018519,0.010753
2694,2738,31,0.786207,0.012048,0.010753
2694,2749,37,0.66055,0.018868,0.010753
2694,2750,61,0.478632,0.011765,0.010753
2694,2754,75,0.464286,0.008197,0.010753
2694,2755,58,0.532258,0.011236,0.010753
2694,2757,60,0.482759,0.012048,0.010753
2694,2763,36,0.7,0.015873,0.010753
2694,2773,25,0.8,0.017544,0.010753
2694,2777,60,0.482759,0.012048,0.010753
2694,2782,68,0.447154,0.010204,0.010753
2694,2786,51,0.645833,0.009804,0.010753
2694,2787,2,0.985714,0.020408,0.010753
2694,2800,60,0.478261,0.012195,0.010753
2694,2806,29,0.745614,0.02,0.010753
2694,2815,45,0.571429,0.017544,0.010753
2694,2827,51,0.564103,0.013333,0.010753
2694,2835,32,0.695238,0.022727,0.010753
2694,2839,82,0.445946,0.007299,0.010753
2694,2862,38,0.698413,0.014085,0.010753
2694,2863,3,0.984536,0.009615,0.010753
2694,2864,53,0.53913,0.013333,0.010753
2694,2872,50,0.579832,0.013158,0.010753
2694,2877,65,0.507576,0.009615,0.010753
2694,2880,47,0.580357,0.015152,0.010753
2694,2896,32,0.711712,0.02,0.010753
2694,2897,37,0.663636,0.018519,0.010753
2694,2905,49,0.584746,0.013514,0.010753
2694,2908,21,0.787879,0.037037,0.010753
2694,2910,59,0.495726,0.012048,0.010753
2694,2912,47,0.560748,0.016393,0.010753
2694,2913,50,0.576271,0.013333,0.010753
2694,2915,41,0.713287,0.010989,0.010753
2694,2916,61,0.487395,0.011494,0.010753
2694,2919,53,0.518182,0.014286,0.010753
2694,2920,50,0.57265,0.013514,0.010753
2694,2925,56,0.517241,0.012658,0.010753
2694,2927,59,0.531746,0.01087,0.010753
2694,2928,47,0.643939,0.011628,0.010753
2694,2940,43,0.622807,0.015625,0.010753
2694,2943,57,0.516949,0.012195,0.010753
2694,2944,68,0.480916,0.009434,0.010753
2694,2946,28,0.774194,0.016949,0.010753
2694,2948,12,0.882353,0.047619,0.010753
2694,2956,50,0.640288,0.010417,0.010753
2694,2960,64,0.471074,0.01087,0.010753
2694,2966,66,0.507463,0.009346,0.010753
2694,2974,40,0.642857,0.016949,0.010753
2694,2986,68,0.456,0.01,0.010753
2694,2988,32,0.741935,0.015873,0.010753
2694,3000,47,0.656934,0.010989,0.010753
2694,3004,38,0.648148,0.018868,0.010753
2694,3022,55,0.533898,0.0125,0.010753
2694,3023,20,0.814815,0.028571,0.010753
2694,3033,58,0.528455,0.011364,0.010753
2694,3056,51,0.575,0.012821,0.010753
2694,3064,49,0.546296,0.015625,0.010753
2694,3065,40,0.622642,0.018868,0.010753
2694,3078,72,0.4,0.010101,0.010753
2694,3085,37,0.657407,0.019231,0.010753
2694,3090,44,0.719745,0.009259,0.010753
2694,3096,58,0.477477,0.013158,0.010753
2694,3104,38,0.724638,0.012048,0.010753
2694,3108,51,0.514286,0.015873,0.010753
2694,3142,41,0.62037,0.017857,0.010753
2694,3149,41,0.652542,0.015152,0.010753
2694,3174,53,0.535088,0.013514,0.010753
2694,3195,51,0.552632,0.013889,0.010753
2694,3202,7,0.927835,0.090909,0.010753
2694,3226,54,0.542373,0.012658,0.010753
2694,3232,70,0.453125,0.009524,0.010753
2694,3250,29,0.704082,0.029412,0.010753
2694,3284,56,0.476636,0.014286,0.010753
2694,3301,24,0.779817,0.025,0.010753
2694,3304,22,0.792453,0.028571,0.010753
2694,3324,46,0.656716,0.011494,0.010753
2694,3339,47,0.605042,0.013699,0.010753
2694,3348,58,0.512605,0.011905,0.010753
2694,3363,81,0.433566,0.007634,0.010753
2694,3364,23,0.806723,0.020408,0.010753
2694,3384,23,0.806723,0.020408,0.010753
2694,3387,57,0.571429,0.010309,0.010753
2694,3388,3,0.97,0.1,0.010753
2694,3417,50,0.621212,0.011236,0.010753
2694,3426,67,0.517986,0.00885,0.010753
2695,2706,10,0.852941,0.014925,0.090909
2695,2806,9,0.826923,0.02,0.090909
2695,2839,9,0.935252,0.007299,0.090909
2695,2867,8,0.903614,0.0125,0.090909
2695,2920,7,0.910256,0.013514,0.090909
2695,2943,8,0.905882,0.012195,0.090909
2695,2967,7,0.730769,0.045455,0.090909
2695,3023,8,0.789474,0.028571,0.090909
2695,3213,10,0.72973,0.027778,0.090909
2695,3303,4,0.906977,0.027778,0.090909
2696,2697,10,0.6,0.0625,0.052632
2696,2735,3,0.914286,0.052632,0.052632
2696,2751,2,0.961538,0.028571,0.052632
2696,2784,2,0.955556,0.035714,0.052632
2696,2820,9,0.64,0.066667,0.052632
2696,2870,11,0.633333,0.045455,0.052632
2696,2934,10,0.655172,0.05,0.052632
2696,3001,8,0.826087,0.028571,0.052632
2696,3107,5,0.923077,0.019608,0.052632
2696,3140,5,0.941176,0.014085,0.052632
2696,3186,7,0.8,0.043478,0.052632
2696,3244,8,0.68,0.071429,0.052632
2696,3246,11,0.5,0.071429,0.052632
2696,3248,3,0.93617,0.032258,0.052632
2696,3274,3,0.962025,0.015873,0.052632
2696,3275,9,0.769231,0.034483,0.052632
2696,3295,8,0.859649,0.021739,0.052632
2696,3360,4,0.955056,0.013514,0.052632
2697,2820,11,0.45,0.066667,0.0625
2697,2870,10,0.642857,0.045455,0.0625
2697,2934,11,0.56,0.05,0.0625
2697,2962,7,0.75,0.052632,0.0625
2697,2992,2,0.976744,0.013889,0.0625
2697,3001,10,0.756098,0.028571,0.0625
2697,3186,6,0.818182,0.043478,0.0625
2697,3244,8,0.636364,0.071429,0.0625
2697,3246,10,0.5,0.071429,0.0625
2697,3275,7,0.815789,0.034483,0.0625
2697,3288,2,0.967742,0.020833,0.0625
2697,3292,3,0.88,0.083333,0.0625
2697,3295,9,0.830189,0.021739,0.0625
2697,3373,3,0.9,0.058824,0.0625
2698,2729,14,0.881356,0.015873,0.014493
2698,2749,29,0.688172,0.018868,0.014493
2698,2750,58,0.395833,0.011765,0.014493
2698,2754,52,0.625899,0.008197,0.014493
2698,2757,43,0.605505,0.012048,0.014493
2698,2782,54,0.522124,0.010204,0.014493
2698,2786,43,0.664062,0.009804,0.014493
2698,2800,43,0.601852,0.012195,0.014493
2698,2815,33,0.645161,0.017544,0.014493
2698,2827,44,0.56,0.013333,0.014493
2698,2839,60,0.589041,0.007299,0.014493
2698,2866,52,0.452632,0.012821,0.014493
2698,2867,35,0.692982,0.0125,0.014493
2698,2872,49,0.489583,0.013158,0.014493
2698,2873,33,0.697248,0.013699,0.014493
2698,2877,58,0.495652,0.009615,0.014493
2698,2890,42,0.634783,0.011364,0.014493
2698,2905,50,0.462366,0.013514,0.014493
2698,2906,53,0.509259,0.01087,0.014493
2698,2909,44,0.568627,0.012987,0.014493
2698,2910,44,0.592593,0.012048,0.014493
2698,2911,44,0.531915,0.014493,0.014493
2698,2912,43,0.505747,0.016393,0.014493
2698,2913,51,0.451613,0.013333,0.014493
2698,2915,37,0.699187,0.010989,0.014493
2698,2927,50,0.54955,0.01087,0.014493
2698,2940,34,0.656566,0.015625,0.014493
2698,2946,18,0.836364,0.016949,0.014493
2698,2956,48,0.589744,0.010417,0.014493
2698,2960,45,0.612069,0.01087,0.014493
2698,2966,54,0.557377,0.009346,0.014493
2698,2969,36,0.653846,0.014085,0.014493
2698,2974,27,0.732673,0.016949,0.014493
2698,2985,40,0.550562,0.016667,0.014493
2698,2986,51,0.567797,0.01,0.014493
2698,2988,31,0.693069,0.015873,0.014493
2698,3022,52,0.463918,0.0125,0.014493
2698,3026,50,0.565217,0.010417,0.014493
2698,3033,53,0.490385,0.011364,0.014493
2698,3047,41,0.474359,0.02,0.014493
2698,3052,27,0.706522,0.02,0.014493
2698,3064,42,0.538462,0.015625,0.014493
2698,3078,59,0.458716,0.010101,0.014493
2698,3090,44,0.669173,0.009259,0.014493
2698,3096,45,0.55,0.013158,0.014493
2698,3098,40,0.574468,0.015385,0.014493
2698,3104,34,0.711864,0.012048,0.014493
2698,3117,21,0.810811,0.015873,0.014493
2698,3119,27,0.756757,0.014493,0.014493
2698,3142,40,0.529412,0.017857,0.014493
2698,3149,43,0.532609,0.015152,0.014493
2698,3195,41,0.59,0.013889,0.014493
2698,3226,48,0.52,0.012658,0.014493
2698,3232,59,0.486957,0.009524,0.014493
2698,3234,12,0.866667,0.030303,0.014493
2698,3284,41,0.581633,0.014286,0.014493
2698,3324,36,0.7,0.011494,0.014493
2698,3339,50,0.456522,0.013699,0.014493
2698,3348,47,0.556604,0.011905,0.014493
2698,3387,50,0.568966,0.010309,0.014493
2698,3400,13,0.857143,0.028571,0.014493
2698,3417,35,0.715447,0.011236,0.014493
2698,3426,56,0.555556,0.00885,0.014493
2698,3430,6,0.928571,0.047619,0.014493
2699,2703,12,0.368421,0.055556,0.076923
2699,2959,11,0.421053,0.058824,0.076923
2699,2972,11,0.421053,0.058824,0.076923
2699,2982,10,0.444444,0.066667,0.076923
2699,3008,11,0.388889,0.0625,0.076923
2699,3283,11,0.388889,0.0625,0.076923
2699,3309,12,0.368421,0.055556,0.076923
2699,3311,8,0.5,0.090909,0.076923
2699,3318,12,0.428571,0.05,0.076923
2699,3325,12,0.4,0.052632,0.076923
2699,3382,12,0.333333,0.058824,0.076923
2700,2709,2,0.92,0.083333,0.066667
2700,2784,2,0.95122,0.035714,0.066667
2700,2791,3,0.875,0.083333,0.066667
2700,2811,1,0.952381,0.142857,0.066667
2700,2812,4,0.888889,0.04,0.066667
2700,2818,4,0.851852,0.0625,0.066667
2700,2848,2,0.941176,0.047619,0.066667
2700,2957,1,0.964286,0.071429,0.066667
2700,3067,2,0.923077,0.076923,0.066667
2700,3248,2,0.954545,0.032258,0.066667
2700,3253,2,0.96875,0.019608,0.066667
2700,3328,1,0.96875,0.055556,0.066667
2700,3373,1,0.967742,0.058824,0.066667
2700,3431,3,0.914286,0.043478,0.066667
2701,2708,21,0.461538,0.029412,0.038462
2701,2719,23,0.776699,0.01,0.038462
2701,2797,19,0.441176,0.037037,0.038462
2701,2823,22,0.47619,0.026316,0.038462
2701,2875,21,0.631579,0.019231,0.038462
2701,2894,22,0.661538,0.016393,0.038462
2701,2937,22,0.671642,0.015873,0.038462
2701,2976,12,0.781818,0.02439,0.038462
2701,3011,18,0.64,0.02381,0.038462
2701,3076,25,0.712644,0.011628,0.038462
2701,3079,20,0.555556,0.025641,0.038462
2701,3179,22,0.694444,0.014706,0.038462
2701,3182,24,0.657143,0.014706,0.038462
2701,3258,21,0.596154,0.021277,0.038462
2701,3261,18,0.709677,0.018519,0.038462
2701,3262,20,0.333333,0.041667,0.038462
2701,3280,16,0.863248,0.009346,0.038462
2701,3287,13,0.786885,0.020833,0.038462
2701,3298,16,0.709091,0.022222,0.038462
2701,3320,22,0.811966,0.00885,0.038462
2701,3332,24,0.625,0.016129,0.038462
2701,3350,23,0.729412,0.012195,0.038462
2701,3396,24,0.692308,0.013158,0.038462
2702,2739,3,0.942308,0.032258,0.041667
2702,2748,3,0.96875,0.013333,0.041667
2702,2859,4,0.9,0.05,0.041667
2702,2871,12,0.777778,0.02381,0.041667
2702,2954,2,0.942857,0.076923,0.041667
2702,3027,7,0.915663,0.015152,0.041667
2702,3034,2,0.969231,0.023256,0.041667
2702,3107,15,0.75,0.019608,0.041667
2702,3136,12,0.837838,0.016129,0.041667
2702,3189,8,0.771429,0.052632,0.041667
2702,3198,13,0.865979,0.011628,0.041667
2702,3211,2,0.957447,0.04,0.041667
2702,3219,12,0.764706,0.025641,0.041667
2702,3236,1,0.977273,0.047619,0.041667
2702,3275,2,0.960784,0.034483,0.041667
2702,3323,2,0.931034,0.142857,0.041667
2702,3330,9,0.916667,0.010753,0.041667
2702,3337,9,0.769231,0.041667,0.041667
2702,3341,8,0.829787,0.032258,0.041667
2702,3395,10,0.807692,0.026316,0.041667
2703,2834,7,0.65,0.111111,0.055556
2703,2879,15,0.210526,0.0625,0.055556
2703,2889,14,0.391304,0.052632,0.055556
2703,2959,15,0.25,0.058824,0.055556
2703,2972,16,0.157895,0.058824,0.055556
2703,2982,14,0.263158,0.066667,0.055556
2703,3008,15,0.210526,0.0625,0.055556
2703,3283,15,0.210526,0.0625,0.055556
2703,3309,16,0.2,0.055556,0.055556
2703,3311,10,0.473684,0.090909,0.055556
2703,3314,14,0.3,0.0625,0.055556
2703,3318,17,0.190476,0.05,0.055556
2703,3325,17,0.15,0.052632,0.055556
2703,3382,16,0.157895,0.058824,0.055556
2703,3423,15,0.210526,0.0625,0.055556
2705,2754,18,0.862595,0.008197,0.037037
2705,2815,16,0.764706,0.017544,0.037037
2705,2839,23,0.836879,0.007299,0.037037
2705,2867,16,0.824176,0.0125,0.037037
2705,2874,6,0.911765,0.021277,0.037037
2705,2896,19,0.672414,0.02,0.037037
2705,2916,22,0.76087,0.011494,0.037037
2705,2924,6,0.901639,0.025,0.037037
2705,2925,22,0.738095,0.012658,0.037037
2705,2943,19,0.788889,0.012195,0.037037
2705,2969,19,0.759494,0.014085,0.037037
2705,3033,17,0.826531,0.011364,0.037037
2705,3054,17,0.817204,0.012048,0.037037
2705,3056,24,0.703704,0.012821,0.037037
2705,3085,22,0.614035,0.019231,0.037037
2705,3129,12,0.76,0.028571,0.037037
2705,3193,8,0.826087,0.037037,0.037037
2705,3301,14,0.735849,0.025,0.037037
2705,3304,13,0.734694,0.028571,0.037037
2705,3363,22,0.838235,0.007634,0.037037
2705,3387,18,0.830189,0.010309,0.037037
2705,3426,21,0.823529,0.00885,0.037037
2706,2743,23,0.757895,0.019608,0.014925
2706,2749,28,0.695652,0.018868,0.014925
2706,2750,40,0.642857,0.011765,0.014925
2706,2754,50,0.640288,0.008197,0.014925
2706,2761,21,0.716216,0.035714,0.014925
2706,2763,45,0.470588,0.015873,0.014925
2706,2777,41,0.623853,0.012048,0.014925
2706,2782,37,0.710938,0.010204,0.014925
2706,2786,35,0.738806,0.009804,0.014925
2706,2800,41,0.62037,0.012195,0.014925
2706,2806,35,0.573171,0.02,0.014925
2706,2810,33,0.641304,0.017241,0.014925
2706,2827,24,0.79661,0.013333,0.014925
2706,2839,62,0.56338,0.007299,0.014925
2706,2864,33,0.697248,0.013333,0.014925
2706,2867,40,0.626168,0.0125,0.014925
2706,2877,40,0.694656,0.009615,0.014925
2706,2880,38,0.6,0.015152,0.014925
2706,2891,15,0.797297,0.045455,0.014925
2706,2896,24,0.741935,0.02,0.014925
2706,2905,22,0.815126,0.013514,0.014925
2706,2910,37,0.672566,0.012048,0.014925
2706,2911,22,0.807018,0.014493,0.014925
2706,2920,37,0.644231,0.013514,0.014925
2706,2927,42,0.641026,0.01087,0.014925
2706,2928,33,0.725,0.011628,0.014925
2706,2931,14,0.867925,0.018868,0.014925
2706,2940,31,0.69,0.015625,0.014925
2706,2943,47,0.539216,0.012195,0.014925
2706,2944,47,0.626984,0.009434,0.014925
2706,2945,27,0.712766,0.018519,0.014925
2706,2946,15,0.864865,0.016949,0.014925
2706,2948,15,0.794521,0.047619,0.014925
2706,2960,41,0.652542,0.01087,0.014925
2706,2966,37,0.729927,0.009346,0.014925
2706,2967,15,0.797297,0.045455,0.014925
2706,2969,30,0.722222,0.014085,0.014925
2706,2974,37,0.58427,0.016949,0.014925
2706,2986,43,0.653226,0.01,0.014925
2706,3000,35,0.715447,0.010989,0.014925
2706,3004,26,0.723404,0.018868,0.014925
2706,3023,32,0.542857,0.028571,0.014925
2706,3052,24,0.741935,0.02,0.014925
2706,3056,38,0.64486,0.012821,0.014925
2706,3096,30,0.734513,0.013158,0.014925
2706,3184,35,0.623656,0.016393,0.014925
2706,3193,17,0.779221,0.037037,0.014925
2706,3213,26,0.662338,0.027778,0.014925
2706,3220,31,0.655556,0.018519,0.014925
2706,3234,23,0.701299,0.030303,0.014925
2706,3237,14,0.82716,0.035714,0.014925
2706,3286,16,0.783784,0.043478,0.014925
2706,3293,17,0.845455,0.016667,0.014925
2706,3294,12,0.846154,0.043478,0.014925
2706,3303,17,0.802326,0.027778,0.014925
2706,3324,44,0.6,0.011494,0.014925
2706,3362,27,0.765217,0.013333,0.014925
2706,3363,54,0.625,0.007634,0.014925
2706,3414,15,0.785714,0.055556,0.014925
2706,3417,38,0.677966,0.011236,0.014925
2706,3426,44,0.676471,0.00885,0.014925
2707,2719,5,0.954545,0.01,0.066667
2707,2778,7,0.932039,0.010526,0.066667
2707,2781,3,0.961538,0.015152,0.066667
2707,2938,6,0.793103,0.05,0.066667
2707,2957,2,0.925926,0.071429,0.066667
2707,2964,5,0.821429,0.055556,0.066667
2707,3019,4,0.950617,0.014286,0.066667
2707,3062,5,0.880952,0.03125,0.066667
2707,3133,2,0.913043,0.1,0.066667
2707,3145,5,0.936709,0.014493,0.066667
2707,3182,7,0.907895,0.014706,0.066667
2707,3320,5,0.95935,0.00885,0.066667
2707,3331,5,0.891304,0.027778,0.066667
2708,2719,29,0.72381,0.01,0.029412
2708,2796,14,0.825,0.016667,0.029412
2708,2797,21,0.475,0.037037,0.029412
2708,2823,26,0.434783,0.026316,0.029412
2708,2828,20,0.782609,0.012821,0.029412
2708,2845,9,0.823529,0.038462,0.029412
2708,2869,13,0.857143,0.014286,0.029412
2708,2875,21,0.676923,0.019231,0.029412
2708,2894,25,0.642857,0.016393,0.029412
2708,2937,32,0.507692,0.015873,0.029412
2708,2995,5,0.886364,0.066667,0.029412
2708,3011,17,0.711864,0.02381,0.029412
2708,3051,20,0.826087,0.009901,0.029412
2708,3076,30,0.666667,0.011628,0.029412
2708,3079,22,0.568627,0.025641,0.029412
2708,3115,14,0.82716,0.016393,0.029412
2708,3145,16,0.816092,0.014493,0.029412
2708,3172,25,0.691358,0.013889,0.029412
2708,3179,26,0.657895,0.014706,0.029412
2708,3182,28,0.621622,0.014706,0.029412
2708,3258,22,0.627119,0.021277,0.029412
2708,3262,18,0.55,0.041667,0.029412
2708,3298,16,0.746032,0.022222,0.029412
2708,3320,27,0.775,0.00885,0.029412
2708,3332,27,0.608696,0.016129,0.029412
2708,3350,29,0.666667,0.012195,0.029412
2708,3396,31,0.607595,0.013158,0.029412
2708,3397,14,0.896296,0.008696,0.029412
2708,3434,20,0.834711,0.009346,0.029412
2709,2735,2,0.931034,0.052632,0.083333
2709,2772,1,0.977778,0.029412,0.083333
2709,2780,6,0.907692,0.016949,0.083333
2709,2795,6,0.8,0.041667,0.083333
2709,2812,2,0.942857,0.04,0.083333
2709,3015,1,0.952381,0.1,0.083333
2709,3138,6,0.76,0.052632,0.083333
2709,3178,6,0.806452,0.04,0.083333
2709,3211,5,0.84375,0.04,0.083333
2709,3307,6,0.76,0.052632,0.083333
2710,2749,2,0.96875,0.018868,0.076923
2710,2769,6,0.684211,0.083333,0.076923
2710,2807,5,0.833333,0.045455,0.076923
2710,2809,2,0.933333,0.052632,0.076923
2710,2851,7,0.75,0.045455,0.076923
2710,2978,9,0.689655,0.04,0.076923
2710,3090,7,0.938596,0.009259,0.076923
2710,3095,3,0.88,0.066667,0.076923
2710,3130,7,0.631579,0.076923,0.076923
2710,3300,8,0.652174,0.055556,0.076923
2710,3426,7,0.941176,0.00885,0.076923
2711,2714,1,0.969697,0.333333,0.032258
2711,2723,2,0.95122,0.083333,0.032258
2711,2724,17,0.797619,0.014286,0.032258
2711,2748,3,0.970874,0.013333,0.032258
2711,2758,10,0.850746,0.021739,0.032258
2711,2779,13,0.648649,0.052632,0.032258
2711,2825,7,0.840909,0.05,0.032258
2711,2829,14,0.688889,0.035714,0.032258
2711,2881,4,0.944444,0.022222,0.032258
2711,2921,10,0.836066,0.025,0.032258
2711,2923,3,0.931818,0.0625,0.032258
2711,2942,6,0.828571,0.1,0.032258
2711,2951,19,0.833333,0.009804,0.032258
2711,2989,8,0.901235,0.017241,0.032258
2711,3009,3,0.93617,0.052632,0.032258
2711,3019,17,0.797619,0.014286,0.032258
2711,3062,8,0.854545,0.03125,0.032258
2711,3077,14,0.805556,0.018182,0.032258
2711,3118,9,0.863636,0.022727,0.032258
2711,3162,16,0.777778,0.017544,0.032258
2711,3177,14,0.758621,0.02439,0.032258
2711,3198,8,0.926606,0.011628,0.032258
2711,3207,13,0.779661,0.02439,0.032258
2711,3233,18,0.763158,0.015873,0.032258
2711,3285,14,0.681818,0.037037,0.032258
2711,3296,2,0.971429,0.02439,0.032258
2711,3366,17,0.776316,0.016129,0.032258
2711,3412,14,0.774194,0.022222,0.032258
2712,2716,25,0.780702,0.010526,0.022727
2712,2742,35,0.72,0.008621,0.022727
2712,2748,24,0.747368,0.013333,0.022727
2712,2778,22,0.811966,0.010526,0.022727
2712,2780,14,0.842697,0.016949,0.022727
2712,2785,13,0.826667,0.022727,0.022727
2712,2796,18,0.790698,0.016667,0.022727
2712,2833,25,0.752475,0.012195,0.022727
2712,2849,29,0.697917,0.012346,0.022727
2712,2853,22,0.738095,0.016129,0.022727
2712,2859,3,0.95082,0.05,0.022727
2712,2950,14,0.820513,0.020833,0.022727
2712,2989,17,0.8,0.017241,0.022727
2712,2991,21,0.75,0.016393,0.022727
2712,3035,26,0.759259,0.011111,0.022727
2712,3038,24,0.777778,0.011364,0.022727
2712,3070,22,0.738095,0.016129,0.022727
2712,3101,37,0.713178,0.008197,0.022727
2712,3120,26,0.707865,0.014085,0.022727
2712,3132,28,0.72,0.011905,0.022727
2712,3150,28,0.733333,0.011236,0.022727
2712,3188,18,0.766234,0.019608,0.022727
2712,3198,22,0.796296,0.011628,0.022727
2712,3201,27,0.752294,0.01087,0.022727
2712,3224,15,0.821429,0.018182,0.022727
2712,3240,21,0.764045,0.015152,0.022727
2712,3252,31,0.686869,0.011628,0.022727
2712,3277,23,0.75,0.014085,0.022727
2712,3280,27,0.782258,0.009346,0.022727
2712,3288,15,0.805195,0.020833,0.022727
2712,3291,28,0.792593,0.008403,0.022727
2712,3296,13,0.819444,0.02439,0.022727
2712,3299,19,0.776471,0.016667,0.022727
2712,3321,22,0.758242,0.014493,0.022727
2712,3335,24,0.717647,0.015385,0.022727
2712,3345,20,0.775281,0.015385,0.022727
2712,3347,21,0.787879,0.013158,0.022727
2712,3350,21,0.8,0.012195,0.022727
2712,3351,31,0.680412,0.011905,0.022727
2712,3357,4,0.927273,0.066667,0.022727
2712,3411,17,0.808989,0.016129,0.022727
2712,3415,3,0.957143,0.034483,0.022727
2712,3434,32,0.731092,0.009346,0.022727
2713,2728,16,0.698113,0.026316,0.032258
2713,2729,1,0.989247,0.015873,0.032258
2713,2951,26,0.757009,0.009804,0.032258
2713,2990,8,0.777778,0.076923,0.032258
2713,3007,11,0.75,0.041667,0.032258
2713,3038,14,0.866667,0.011364,0.032258
2713,3077,15,0.788732,0.018182,0.032258
2713,3082,13,0.902985,0.008621,0.032258
2713,3086,14,0.740741,0.027027,0.032258
2713,3103,13,0.657895,0.05,0.032258
2713,3106,14,0.822785,0.016129,0.032258
2713,3120,15,0.827586,0.014085,0.032258
2713,3154,20,0.803922,0.010989,0.032258
2713,3176,12,0.73913,0.037037,0.032258
2713,3207,18,0.666667,0.02439,0.032258
2713,3223,12,0.714286,0.043478,0.032258
2713,3224,13,0.821918,0.018182,0.032258
2713,3240,14,0.831325,0.015152,0.032258
2713,3241,16,0.529412,0.052632,0.032258
2713,3252,16,0.841584,0.011628,0.032258
2713,3285,13,0.711111,0.037037,0.032258
2713,3291,14,0.897059,0.008403,0.032258
2713,3321,14,0.837209,0.014493,0.032258
2713,3344,15,0.836957,0.013158,0.032258
2713,3371,14,0.5625,0.066667,0.032258
2713,3391,14,0.8,0.018868,0.032258
2713,3406,14,0.83908,0.014286,0.032258
2713,3410,13,0.617647,0.0625,0.032258
2713,3412,16,0.733333,0.022222,0.032258
2713,3420,14,0.65,0.043478,0.032258
2714,2979,1,0.95,0.055556,0.333333
2715,2723,5,0.871795,0.083333,0.03125
2715,2747,10,0.714286,0.076923,0.03125
2715,2787,12,0.826087,0.020408,0.03125
2715,2831,12,0.684211,0.055556,0.03125
2715,2832,14,0.708333,0.033333,0.03125
2715,2844,5,0.910714,0.034483,0.03125
2715,2859,5,0.893617,0.05,0.03125
2715,2863,15,0.876033,0.009615,0.03125
2715,2865,11,0.816667,0.025641,0.03125
2715,2868,3,0.94,0.047619,0.03125
2715,2881,3,0.959459,0.022222,0.03125
2715,2901,13,0.864583,0.012987,0.03125
2715,2936,6,0.930233,0.016667,0.03125
2715,3027,11,0.873563,0.015152,0.03125
2715,3050,10,0.736842,0.0625,0.03125
2715,3087,8,0.893333,0.019608,0.03125
2715,3146,5,0.943182,0.016393,0.03125
2715,3171,7,0.840909,0.052632,0.03125
2715,3187,7,0.881356,0.029412,0.03125
2715,3208,4,0.906977,0.066667,0.03125
2715,3214,13,0.841463,0.015873,0.03125
2715,3256,14,0.82716,0.015873,0.03125
2715,3259,4,0.932203,0.032258,0.03125
2715,3264,6,0.894737,0.032258,0.03125
2715,3276,4,0.916667,0.05,0.03125
2715,3291,10,0.929078,0.008403,0.03125
2715,3312,12,0.675676,0.058824,0.03125
2715,3330,9,0.922414,0.010753,0.03125
2715,3347,9,0.909091,0.013158,0.03125
2715,3365,16,0.741935,0.021739,0.03125
2715,3393,6,0.866667,0.052632,0.03125
2716,2719,39,0.75,0.01,0.010526
2716,2720,33,0.702703,0.020408,0.010526
2716,2730,15,0.911243,0.011236,0.010526
2716,2742,58,0.620915,0.008621,0.010526
2716,2748,43,0.661417,0.013333,0.010526
2716,2753,34,0.699115,0.019231,0.010526
2716,2780,24,0.815385,0.016949,0.010526
2716,2783,13,0.886957,0.030303,0.010526
2716,2785,27,0.758929,0.022727,0.010526
2716,2793,51,0.643357,0.010101,0.010526
2716,2796,22,0.834586,0.016667,0.010526
2716,2797,7,0.93913,0.037037,0.010526
2716,2828,28,0.806897,0.012821,0.010526
2716,2830,9,0.916667,0.045455,0.010526
2716,2844,12,0.892857,0.034483,0.010526
2716,2845,9,0.919643,0.038462,0.010526
2716,2846,25,0.742268,0.037037,0.010526
2716,2853,22,0.837037,0.016129,0.010526
2716,2859,12,0.883495,0.05,0.010526
2716,2863,32,0.808383,0.009615,0.010526
2716,2868,8,0.925926,0.047619,0.010526
2716,2901,37,0.725926,0.012987,0.010526
2716,2904,29,0.789855,0.013889,0.010526
2716,2914,20,0.827586,0.02439,0.010526
2716,2936,32,0.739837,0.016667,0.010526
2716,2939,26,0.811594,0.014493,0.010526
2716,2951,38,0.761006,0.009804,0.010526
2716,2973,38,0.707692,0.013699,0.010526
2716,2984,16,0.84466,0.041667,0.010526
2716,2989,37,0.681034,0.017241,0.010526
2716,2990,6,0.941176,0.076923,0.010526
2716,2992,34,0.744361,0.013889,0.010526
2716,3002,26,0.815603,0.013889,0.010526
2716,3007,12,0.88785,0.041667,0.010526
2716,3013,21,0.785714,0.041667,0.010526
2716,3015,4,0.960396,0.1,0.010526
2716,3017,29,0.786765,0.014286,0.010526
2716,3027,31,0.761538,0.015152,0.010526
2716,3034,19,0.840336,0.023256,0.010526
2716,3038,47,0.654412,0.011364,0.010526
2716,3041,22,0.78,0.037037,0.010526
2716,3046,27,0.742857,0.027027,0.010526
2716,3051,48,0.675676,0.009901,0.010526
2716,3058,14,0.854167,0.066667,0.010526
2716,3060,34,0.755396,0.012821,0.010526
2716,3070,28,0.782946,0.016129,0.010526
2716,3077,7,0.951049,0.018182,0.010526
2716,3082,50,0.689441,0.008621,0.010526
2716,3089,34,0.699115,0.019231,0.010526
2716,3097,13,0.894309,0.02439,0.010526
2716,3101,56,0.652174,0.008197,0.010526
2716,3106,35,0.713115,0.016129,0.010526
2716,3107,18,0.859375,0.019608,0.010526
2716,3109,14,0.858586,0.055556,0.010526
2716,3110,6,0.943396,0.058824,0.010526
2716,3140,32,0.761194,0.014085,0.010526
2716,3150,34,0.773333,0.011236,0.010526
2716,3154,36,0.76,0.010989,0.010526
2716,3188,31,0.730435,0.019608,0.010526
2716,3191,20,0.826087,0.025,0.010526
2716,3198,36,0.751724,0.011628,0.010526
2716,3206,25,0.793388,0.019608,0.010526
2716,3209,22,0.773196,0.041667,0.010526
2716,3212,25,0.761905,0.028571,0.010526
2716,3240,38,0.691057,0.015152,0.010526
2716,3260,20,0.805825,0.035714,0.010526
2716,3263,15,0.891304,0.017241,0.010526
2716,3267,25,0.823944,0.013889,0.010526
2716,3274,25,0.81203,0.015873,0.010526
2716,3276,7,0.935185,0.05,0.010526
2716,3280,32,0.811765,0.009346,0.010526
2716,3287,18,0.856,0.020833,0.010526
2716,3288,21,0.827869,0.020833,0.010526
2716,3291,54,0.6625,0.008403,0.010526
2716,3299,39,0.663793,0.016667,0.010526
2716,3313,12,0.895652,0.03125,0.010526
2716,3320,48,0.7,0.00885,0.010526
2716,3321,34,0.738462,0.014493,0.010526
2716,3345,44,0.62069,0.015385,0.010526
2716,3347,32,0.769784,0.013158,0.010526
2716,3350,23,0.850649,0.012195,0.010526
2716,3352,12,0.875,0.076923,0.010526
2716,3353,30,0.76378,0.016129,0.010526
2716,3360,45,0.637097,0.013514,0.010526
2716,3385,10,0.927536,0.018868,0.010526
2716,3397,56,0.636364,0.008696,0.010526
2716,3403,20,0.84252,0.019231,0.010526
2716,3406,39,0.690476,0.014286,0.010526
2716,3434,45,0.713376,0.009346,0.010526
2717,2754,43,0.676692,0.008197,0.018519
2717,2755,47,0.510417,0.011236,0.018519
2717,2757,40,0.587629,0.012048,0.018519
2717,2777,40,0.587629,0.012048,0.018519
2717,2782,46,0.566038,0.010204,0.018519
2717,2815,40,0.43662,0.017544,0.018519
2717,2827,42,0.517241,0.013333,0.018519
2717,2839,51,0.635714,0.007299,0.018519
2717,2864,31,0.683673,0.013333,0.018519
2717,2866,47,0.447059,0.012821,0.018519
2717,2867,30,0.711538,0.0125,0.018519
2717,2872,46,0.452381,0.013158,0.018519
2717,2877,45,0.60177,0.009615,0.018519
2717,2897,29,0.632911,0.018519,0.018519
2717,2905,35,0.623656,0.013514,0.018519
2717,2910,41,0.572917,0.012048,0.018519
2717,2911,42,0.481481,0.014493,0.018519
2717,2912,37,0.525641,0.016393,0.018519
2717,2913,38,0.582418,0.013333,0.018519
2717,2916,48,0.483871,0.011494,0.018519
2717,2920,32,0.666667,0.013514,0.018519
2717,2925,42,0.538462,0.012658,0.018519
2717,2940,30,0.659091,0.015625,0.018519
2717,2956,30,0.75,0.010417,0.018519
2717,2966,50,0.54955,0.009346,0.018519
2717,2985,37,0.519481,0.016667,0.018519
2717,2986,48,0.54717,0.01,0.018519
2717,3022,43,0.527473,0.0125,0.018519
2717,3033,46,0.520833,0.011364,0.018519
2717,3047,28,0.631579,0.02,0.018519
2717,3056,32,0.68,0.012821,0.018519
2717,3064,46,0.361111,0.015625,0.018519
2717,3065,31,0.592105,0.018868,0.018519
2717,3078,51,0.5,0.010101,0.018519
2717,3085,23,0.722892,0.019231,0.018519
2717,3096,43,0.505747,0.013158,0.018519
2717,3098,40,0.493671,0.015385,0.018519
2717,3108,43,0.418919,0.015873,0.018519
2717,3142,35,0.533333,0.017857,0.018519
2717,3174,39,0.561798,0.013514,0.018519
2717,3195,44,0.463415,0.013889,0.018519
2717,3226,47,0.453488,0.012658,0.018519
2717,3250,29,0.508475,0.029412,0.018519
2717,3339,35,0.619565,0.013699,0.018519
2717,3348,45,0.516129,0.011905,0.018519
2717,3363,52,0.609023,0.007634,0.018519
2717,3387,44,0.588785,0.010309,0.018519
2717,3426,46,0.619835,0.00885,0.018519
2718,2758,20,0.68254,0.021739,0.027027
2718,2832,5,0.919355,0.033333,0.027027
2718,2843,17,0.653061,0.034483,0.027027
2718,2883,3,0.938776,0.066667,0.027027
2718,2901,9,0.914286,0.012987,0.027027
2718,2932,19,0.672414,0.025,0.027027
2718,2955,17,0.734375,0.022727,0.027027
2718,3032,13,0.717391,0.045455,0.027027
2718,3043,3,0.941176,0.058824,0.027027
2718,3076,6,0.948718,0.011628,0.027027
2718,3081,4,0.931034,0.04,0.027027
2718,3087,17,0.760563,0.019608,0.027027
2718,3107,7,0.91358,0.019608,0.027027
2718,3115,6,0.934783,0.016393,0.027027
2718,3136,18,0.777778,0.016129,0.027027
2718,3167,9,0.8,0.058824,0.027027
2718,3173,4,0.921569,0.055556,0.027027
2718,3187,17,0.685185,0.029412,0.027027
2718,3196,20,0.649123,0.025,0.027027
2718,3198,13,0.881818,0.011628,0.027027
2718,3236,14,0.681818,0.047619,0.027027
2718,3253,16,0.777778,0.019608,0.027027
2718,3255,16,0.698113,0.03125,0.027027
2718,3256,22,0.717949,0.015873,0.027027
2718,3263,4,0.956044,0.017241,0.027027
2718,3264,17,0.666667,0.032258,0.027027
2718,3296,4,0.945946,0.02439,0.027027
2718,3330,12,0.898305,0.010753,0.027027
2718,3331,3,0.957143,0.027778,0.027027
2718,3335,8,0.914894,0.015385,0.027027
2718,3350,6,0.946903,0.012195,0.027027
2718,3369,18,0.709677,0.023256,0.027027
2718,3385,20,0.714286,0.018868,0.027027
2718,3396,5,0.953704,0.013158,0.027027
2718,3402,7,0.844444,0.066667,0.027027
2718,3418,5,0.880952,0.1,0.027027
2719,2720,26,0.788618,0.020408,0.01
2719,2742,65,0.569536,0.008621,0.01
2719,2753,36,0.689655,0.019231,0.01
2719,2778,68,0.464567,0.010526,0.01
2719,2785,9,0.933333,0.022727,0.01
2719,2793,56,0.608392,0.010101,0.01
2719,2796,49,0.558559,0.016667,0.01
2719,2797,20,0.813084,0.037037,0.01
2719,2823,32,0.698113,0.026316,0.01
2719,2828,58,0.516667,0.012821,0.01
2719,2833,56,0.555556,0.012195,0.01
2719,2840,22,0.801802,0.030303,0.01
2719,2853,41,0.661157,0.016129,0.01
2719,2863,50,0.675325,0.009615,0.01
2719,2869,47,0.617886,0.014286,0.01
2719,2875,37,0.678261,0.019231,0.01
2719,2881,22,0.821138,0.022222,0.01
2719,2894,42,0.647059,0.016393,0.01
2719,2936,39,0.677686,0.016667,0.01
2719,2937,53,0.518182,0.015873,0.01
2719,2939,44,0.648,0.014493,0.01
2719,2973,49,0.604839,0.013699,0.01
2719,2976,24,0.794872,0.02439,0.01
2719,2991,46,0.6,0.016393,0.01
2719,2992,55,0.529915,0.013889,0.01
2719,3005,16,0.874016,0.023256,0.01
2719,3017,41,0.682171,0.014286,0.01
2719,3035,55,0.592593,0.011111,0.01
2719,3039,19,0.815534,0.045455,0.01
2719,3051,64,0.532847,0.009901,0.01
2719,3060,56,0.540984,0.012821,0.01
2719,3076,61,0.512,0.011628,0.01
2719,3079,28,0.747748,0.025641,0.01
2719,3082,68,0.540541,0.008621,0.01
2719,3100,8,0.936508,0.029412,0.01
2719,3101,68,0.558442,0.008197,0.01
2719,3102,35,0.692982,0.020408,0.01
2719,3106,35,0.724409,0.016129,0.01
2719,3111,33,0.722689,0.019231,0.01
2719,3113,47,0.61157,0.014706,0.01
2719,3115,37,0.701613,0.016393,0.01
2719,3116,58,0.6,0.009709,0.01
2719,3120,43,0.664062,0.014085,0.01
2719,3132,55,0.573643,0.011905,0.01
2719,3145,58,0.477477,0.014493,0.01
2719,3150,43,0.705479,0.011236,0.01
2719,3169,40,0.669421,0.016393,0.01
2719,3170,22,0.786408,0.04,0.01
2719,3172,55,0.529915,0.013889,0.01
2719,3179,44,0.645161,0.014706,0.01
2719,3182,53,0.53913,0.014706,0.01
2719,3185,54,0.571429,0.0125,0.01
2719,3201,60,0.545455,0.01087,0.01
2719,3204,26,0.785124,0.021277,0.01
2719,3206,33,0.720339,0.019608,0.01
2719,3225,21,0.803738,0.035714,0.01
2719,3239,42,0.65,0.016129,0.01
2719,3240,31,0.77037,0.015152,0.01
2719,3252,48,0.652174,0.011628,0.01
2719,3258,29,0.754237,0.021277,0.01
2719,3261,44,0.6,0.018519,0.01
2719,3262,18,0.830189,0.041667,0.01
2719,3267,48,0.612903,0.013889,0.01
2719,3274,32,0.755725,0.015873,0.01
2719,3277,43,0.664062,0.014085,0.01
2719,3280,70,0.489051,0.009346,0.01
2719,3281,11,0.891089,0.083333,0.01
2719,3287,33,0.713043,0.020833,0.01
2719,3288,26,0.786885,0.020833,0.01
2719,3291,64,0.587097,0.008403,0.01
2719,3297,41,0.663934,0.015873,0.01
2719,3298,31,0.72807,0.022222,0.01
2719,3320,87,0.309524,0.00885,0.01
2719,3330,50,0.65035,0.010753,0.01
2719,3332,50,0.553571,0.016129,0.01
2719,3344,45,0.656489,0.013158,0.01
2719,3345,25,0.821429,0.015385,0.01
2719,3347,52,0.580645,0.013158,0.01
2719,3350,55,0.566929,0.012195,0.01
2719,3351,50,0.626866,0.011905,0.01
2719,3353,24,0.826087,0.016129,0.01
2719,3355,38,0.672414,0.018519,0.01
2719,3367,10,0.90099,0.090909,0.01
2719,3377,25,0.764151,0.032258,0.01
2719,3378,47,0.584071,0.016667,0.01
2719,3381,42,0.625,0.018519,0.01
2719,3386,31,0.743802,0.019231,0.01
2719,3391,35,0.70339,0.018868,0.01
2719,3396,60,0.482759,0.013158,0.01
2719,3397,61,0.603896,0.008696,0.01
2719,3406,33,0.759124,0.014286,0.01
2719,3422,29,0.738739,0.025,0.01
2719,3434,68,0.510791,0.009346,0.01
2720,2753,27,0.635135,0.019231,0.020408
2720,2783,12,0.828571,0.030303,0.020408
2720,2793,35,0.690265,0.010101,0.020408
2720,2859,9,0.85,0.05,0.020408
2720,2868,8,0.870968,0.047619,0.020408
2720,2932,4,0.952941,0.025,0.020408
2720,2936,24,0.717647,0.016667,0.020408
2720,2937,18,0.808511,0.015873,0.020408
2720,2973,29,0.688172,0.013699,0.020408
2720,2984,8,0.876923,0.041667,0.020408
2720,2989,27,0.6625,0.017241,0.020408
2720,3002,16,0.847619,0.013889,0.020408
2720,3009,3,0.953846,0.052632,0.020408
2720,3017,17,0.833333,0.014286,0.020408
2720,3038,29,0.731481,0.011364,0.020408
2720,3051,33,0.717949,0.009901,0.020408
2720,3060,20,0.813084,0.012821,0.020408
2720,3070,18,0.806452,0.016129,0.020408
2720,3076,14,0.884298,0.011628,0.020408
2720,3082,36,0.72093,0.008621,0.020408
2720,3087,7,0.924731,0.019608,0.020408
2720,3089,17,0.797619,0.019231,0.020408
2720,3106,31,0.6125,0.016129,0.020408
2720,3140,22,0.77551,0.014085,0.020408
2720,3154,22,0.813559,0.010989,0.020408
2720,3160,15,0.765625,0.033333,0.020408
2720,3182,16,0.841584,0.014706,0.020408
2720,3191,13,0.828947,0.025,0.020408
2720,3198,22,0.80531,0.011628,0.020408
2720,3201,20,0.834711,0.01087,0.020408
2720,3215,4,0.942857,0.04,0.020408
2720,3224,24,0.7,0.018182,0.020408
2720,3239,19,0.793478,0.016129,0.020408
2720,3240,29,0.662791,0.015152,0.020408
2720,3263,7,0.93,0.017241,0.020408
2720,3291,39,0.697674,0.008403,0.020408
2720,3320,31,0.763359,0.00885,0.020408
2720,3321,27,0.703297,0.014493,0.020408
2720,3342,16,0.841584,0.014706,0.020408
2720,3344,29,0.697917,0.013158,0.020408
2720,3345,24,0.733333,0.015385,0.020408
2720,3353,23,0.738636,0.016129,0.020408
2720,3355,30,0.589041,0.018519,0.020408
2720,3386,27,0.635135,0.019231,0.020408
2720,3397,38,0.698413,0.008696,0.020408
2720,3406,30,0.662921,0.014286,0.020408
2721,2824,5,0.285714,0.166667,0.166667
2721,2962,5,0.75,0.052632,0.166667
2721,3077,5,0.910714,0.018182,0.166667
2721,3091,5,0.285714,0.166667,0.166667
2722,2863,2,0.980952,0.009615,0.333333
2722,3265,2,0.959184,0.020833,0.333333
2723,2787,7,0.87037,0.020408,0.083333
2723,2836,5,0.868421,0.032258,0.083333
2723,2901,6,0.927711,0.012987,0.083333
2723,3009,4,0.851852,0.052632,0.083333
2723,3027,6,0.916667,0.015152,0.083333
2723,3215,1,0.972222,0.04,0.083333
2723,3291,6,0.952,0.008403,0.083333
2723,3383,3,0.884615,0.058824,0.083333
2724,2728,26,0.682927,0.026316,0.014286
2724,2730,31,0.757812,0.011236,0.014286
2724,2737,12,0.848101,0.047619,0.014286
2724,2739,20,0.753086,0.032258,0.014286
2724,2758,14,0.862745,0.021739,0.014286
2724,2775,22,0.706667,0.037037,0.014286
2724,2779,17,0.763889,0.052632,0.014286
2724,2829,26,0.638889,0.035714,0.014286
2724,2830,16,0.789474,0.045455,0.014286
2724,2845,12,0.857143,0.038462,0.014286
2724,2865,8,0.920792,0.025641,0.014286
2724,2892,21,0.730769,0.034483,0.014286
2724,2921,8,0.921569,0.025,0.014286
2724,2934,8,0.902439,0.05,0.014286
2724,2947,14,0.808219,0.058824,0.014286
2724,2951,42,0.676923,0.009804,0.014286
2724,2957,7,0.909091,0.071429,0.014286
2724,3001,20,0.764706,0.028571,0.014286
2724,3002,37,0.647619,0.013889,0.014286
2724,3011,8,0.923077,0.02381,0.014286
2724,3018,18,0.780488,0.033333,0.014286
2724,3019,50,0.444444,0.014286,0.014286
2724,3051,13,0.917722,0.009901,0.014286
2724,3061,10,0.864865,0.071429,0.014286
2724,3062,18,0.785714,0.03125,0.014286
2724,3068,14,0.805556,0.0625,0.014286
2724,3069,11,0.853333,0.0625,0.014286
2724,3077,31,0.670213,0.018182,0.014286
2724,3081,11,0.869048,0.04,0.014286
2724,3086,27,0.6625,0.027027,0.014286
2724,3100,18,0.790698,0.029412,0.014286
2724,3118,20,0.787234,0.022727,0.014286
2724,3133,5,0.933333,0.1,0.014286
2724,3154,38,0.691057,0.010989,0.014286
2724,3162,45,0.45122,0.017544,0.014286
2724,3168,40,0.487179,0.020833,0.014286
2724,3176,19,0.75641,0.037037,0.014286
2724,3177,25,0.709302,0.02439,0.014286
2724,3186,11,0.865854,0.043478,0.014286
2724,3191,19,0.791209,0.025,0.014286
2724,3203,10,0.89011,0.032258,0.014286
2724,3207,29,0.646341,0.02439,0.014286
2724,3210,8,0.894737,0.071429,0.014286
2724,3221,5,0.945055,0.038462,0.014286
2724,3223,10,0.879518,0.043478,0.014286
2724,3233,48,0.435294,0.015873,0.014286
2724,3253,7,0.938596,0.019608,0.014286
2724,3263,17,0.846847,0.017241,0.014286
2724,3266,6,0.916667,0.125,0.014286
2724,3273,20,0.736842,0.038462,0.014286
2724,3285,19,0.75641,0.037037,0.014286
2724,3295,35,0.567901,0.021739,0.014286
2724,3308,7,0.902778,0.111111,0.014286
2724,3332,4,0.96875,0.016129,0.014286
2724,3334,8,0.887324,0.111111,0.014286
2724,3346,25,0.6875,0.028571,0.014286
2724,3356,17,0.767123,0.05,0.014286
2724,3359,12,0.842105,0.055556,0.014286
2724,3366,47,0.447059,0.016129,0.014286
2724,3370,5,0.929577,0.166667,0.014286
2724,3379,17,0.782051,0.04,0.014286
2724,3405,8,0.893333,0.076923,0.014286
2724,3412,34,0.580247,0.022222,0.014286
2724,3415,17,0.792683,0.034483,0.014286
2725,2818,1,0.956522,0.0625,0.125
2725,2903,3,0.769231,0.125,0.125
2725,2923,1,0.956522,0.0625,0.125
2725,3302,2,0.972603,0.014925,0.125
2726,2738,10,0.888889,0.012048,0.058824
2726,2837,2,0.931034,0.071429,0.058824
2726,2851,10,0.655172,0.045455,0.058824
2726,2890,8,0.917526,0.011364,0.058824
2726,2899,5,0.722222,0.166667,0.058824
2726,2978,10,0.6875,0.04,0.058824
2726,3045,2,0.913043,0.125,0.058824
2726,3090,13,0.883929,0.009259,0.058824
2726,3104,8,0.913043,0.012048,0.058824
2726,3114,10,0.811321,0.021739,0.058824
2726,3137,12,0.777778,0.020408,0.058824
2726,3139,11,0.592593,0.047619,0.058824
2726,3229,11,0.45,0.071429,0.058824
2726,3231,12,0.636364,0.035714,0.058824
2726,3392,9,0.64,0.058824,0.058824
2727,2780,6,0.909091,0.016949,0.076923
2727,2795,7,0.766667,0.041667,0.076923
2727,2840,1,0.977778,0.030303,0.076923
2727,3024,1,0.961538,0.071429,0.076923
2727,3048,7,0.666667,0.066667,0.076923
2727,3100,1,0.978261,0.029412,0.076923
2727,3138,7,0.72,0.052632,0.076923
2727,3140,2,0.97561,0.014085,0.076923
2727,3178,7,0.774194,0.04,0.076923
2727,3205,1,0.962963,0.066667,0.076923
2727,3374,7,0.681818,0.0625,0.076923
2728,2730,19,0.824074,0.011236,0.026316
2728,2829,18,0.625,0.035714,0.026316
2728,2830,16,0.636364,0.045455,0.026316
2728,2951,31,0.715596,0.009804,0.026316
2728,2990,9,0.785714,0.076923,0.026316
2728,3002,25,0.705882,0.013889,0.026316
2728,3007,10,0.807692,0.041667,0.026316
2728,3018,15,0.716981,0.033333,0.026316
2728,3019,26,0.682927,0.014286,0.026316
2728,3077,26,0.61194,0.018182,0.026316
2728,3086,28,0.404255,0.027027,0.026316
2728,3103,15,0.651163,0.05,0.026316
2728,3154,25,0.759615,0.010989,0.026316
2728,3162,25,0.642857,0.017544,0.026316
2728,3168,23,0.634921,0.020833,0.026316
2728,3171,2,0.963636,0.052632,0.026316
2728,3176,21,0.522727,0.037037,0.026316
2728,3207,30,0.387755,0.02439,0.026316
2728,3233,26,0.653333,0.015873,0.026316
2728,3241,16,0.609756,0.052632,0.026316
2728,3273,13,0.745098,0.038462,0.026316
2728,3279,1,0.983871,0.04,0.026316
2728,3285,19,0.586957,0.037037,0.026316
2728,3295,21,0.666667,0.021739,0.026316
2728,3319,2,0.967742,0.038462,0.026316
2728,3346,18,0.672727,0.028571,0.026316
2728,3356,15,0.651163,0.05,0.026316
2728,3359,12,0.727273,0.055556,0.026316
2728,3366,26,0.648649,0.016129,0.026316
2728,3371,13,0.675,0.066667,0.026316
2728,3379,14,0.714286,0.04,0.026316
2728,3410,12,0.714286,0.0625,0.026316
2728,3412,32,0.372549,0.022222,0.026316
2728,3420,15,0.673913,0.043478,0.026316
2729,2731,24,0.647059,0.034483,0.015873
2729,2738,41,0.609524,0.012048,0.015873
2729,2743,24,0.733333,0.019608,0.015873
2729,2755,20,0.848485,0.011236,0.015873
2729,2766,9,0.865672,0.076923,0.015873
2729,2773,30,0.666667,0.017544,0.015873
2729,2786,45,0.625,0.009804,0.015873
2729,2794,17,0.738462,0.052632,0.015873
2729,2810,31,0.655556,0.017241,0.015873
2729,2821,10,0.848485,0.076923,0.015873
2729,2862,34,0.66,0.014085,0.015873
2729,2873,40,0.583333,0.013699,0.015873
2729,2874,32,0.589744,0.021277,0.015873
2729,2877,22,0.848276,0.009615,0.015873
2729,2887,30,0.589041,0.025,0.015873
2729,2890,41,0.627273,0.011364,0.015873
2729,2907,22,0.69863,0.03125,0.015873
2729,2915,38,0.672414,0.010989,0.015873
2729,2928,37,0.669643,0.011628,0.015873
2729,2929,30,0.62963,0.020833,0.015873
2729,2944,31,0.775362,0.009434,0.015873
2729,2956,41,0.652542,0.010417,0.015873
2729,2977,22,0.702703,0.030303,0.015873
2729,2981,15,0.788732,0.043478,0.015873
2729,2988,38,0.568182,0.015873,0.015873
2729,2993,30,0.662921,0.017857,0.015873
2729,2994,35,0.623656,0.015385,0.015873
2729,3000,43,0.612613,0.010989,0.015873
2729,3010,12,0.855422,0.03125,0.015873
2729,3025,38,0.518987,0.018519,0.015873
2729,3026,42,0.641026,0.010417,0.015873
2729,3036,24,0.688312,0.026316,0.015873
2729,3073,31,0.670213,0.016129,0.015873
2729,3080,12,0.848101,0.035714,0.015873
2729,3084,44,0.536842,0.013158,0.015873
2729,3089,1,0.991228,0.019231,0.015873
2729,3090,45,0.642857,0.009259,0.015873
2729,3104,40,0.622642,0.012048,0.015873
2729,3114,30,0.620253,0.021739,0.015873
2729,3119,42,0.533333,0.014493,0.015873
2729,3123,26,0.628571,0.030303,0.015873
2729,3135,25,0.657534,0.028571,0.015873
2729,3137,26,0.697674,0.020408,0.015873
2729,3158,37,0.525641,0.019231,0.015873
2729,3166,25,0.671053,0.026316,0.015873
2729,3257,24,0.703704,0.02381,0.015873
2729,3279,1,0.988506,0.04,0.015873
2729,3293,35,0.602273,0.016667,0.015873
2729,3362,34,0.673077,0.013333,0.015873
2729,3363,34,0.7875,0.007634,0.015873
2729,3364,28,0.666667,0.020408,0.015873
2729,3384,26,0.697674,0.020408,0.015873
2729,3394,15,0.810127,0.032258,0.015873
2729,3400,23,0.693333,0.028571,0.015873
2729,3417,40,0.642857,0.011236,0.015873
2729,3433,35,0.623656,0.015385,0.015873
2729,3435,31,0.617284,0.020408,0.015873
2730,2737,5,0.952381,0.047619,0.011236
2730,2739,15,0.857143,0.032258,0.011236
2730,2758,32,0.68932,0.021739,0.011236
2730,2768,10,0.906542,0.035714,0.011236
2730,2781,12,0.916084,0.015152,0.011236
2730,2783,11,0.900901,0.030303,0.011236
2730,2801,9,0.9,0.1,0.011236
2730,2812,7,0.934579,0.04,0.011236
2730,2816,9,0.901099,0.090909,0.011236
2730,2819,10,0.902913,0.041667,0.011236
2730,2843,22,0.770833,0.034483,0.011236
2730,2844,11,0.897196,0.034483,0.011236
2730,2863,11,0.93956,0.009615,0.011236
2730,2865,22,0.792453,0.025641,0.011236
2730,2871,21,0.809091,0.02381,0.011236
2730,2918,17,0.815217,0.05,0.011236
2730,2932,24,0.771429,0.025,0.011236
2730,2938,10,0.89899,0.05,0.011236
2730,2941,3,0.969072,0.090909,0.011236
2730,2947,11,0.884211,0.058824,0.011236
2730,2951,39,0.743421,0.009804,0.011236
2730,2955,34,0.656566,0.022727,0.011236
2730,2958,7,0.943548,0.02381,0.011236
2730,2996,13,0.886957,0.025641,0.011236
2730,2999,8,0.927928,0.033333,0.011236
2730,3002,34,0.732283,0.013889,0.011236
2730,3016,7,0.936937,0.034483,0.011236
2730,3018,19,0.81,0.033333,0.011236
2730,3019,28,0.78626,0.014286,0.011236
2730,3032,16,0.831579,0.045455,0.011236
2730,3043,5,0.950495,0.058824,0.011236
2730,3062,18,0.825243,0.03125,0.011236
2730,3077,23,0.809917,0.018182,0.011236
2730,3082,10,0.948718,0.008621,0.011236
2730,3086,20,0.811321,0.027027,0.011236
2730,3087,30,0.727273,0.019608,0.011236
2730,3097,13,0.888889,0.02439,0.011236
2730,3100,19,0.817308,0.029412,0.011236
2730,3110,8,0.918367,0.058824,0.011236
2730,3118,17,0.853448,0.022727,0.011236
2730,3136,30,0.752066,0.016129,0.011236
2730,3138,4,0.961538,0.052632,0.011236
2730,3154,31,0.791946,0.010989,0.011236
2730,3162,28,0.762712,0.017544,0.011236
2730,3167,13,0.860215,0.058824,0.011236
2730,3168,24,0.787611,0.020833,0.011236
2730,3177,19,0.828829,0.02439,0.011236
2730,3187,22,0.782178,0.029412,0.011236
2730,3189,8,0.92,0.052632,0.011236
2730,3191,14,0.878261,0.025,0.011236
2730,3196,27,0.735294,0.025,0.011236
2730,3207,18,0.839286,0.02439,0.011236
2730,3210,8,0.915789,0.071429,0.011236
2730,3211,5,0.954128,0.04,0.011236
2730,3214,17,0.874074,0.015873,0.011236
2730,3215,5,0.954128,0.04,0.011236
2730,3219,20,0.814815,0.025641,0.011236
2730,3221,11,0.894231,0.038462,0.011236
2730,3233,31,0.743802,0.015873,0.011236
2730,3244,3,0.97,0.071429,0.011236
2730,3253,27,0.761062,0.019608,0.011236
2730,3255,20,0.80198,0.03125,0.011236
2730,3256,28,0.774194,0.015873,0.011236
2730,3264,21,0.787879,0.032258,0.011236
2730,3289,10,0.897959,0.052632,0.011236
2730,3295,22,0.80531,0.021739,0.011236
2730,3302,13,0.909091,0.014925,0.011236
2730,3307,8,0.92,0.052632,0.011236
2730,3312,5,0.950495,0.058824,0.011236
2730,3327,17,0.860656,0.02,0.011236
2730,3341,16,0.846154,0.032258,0.011236
2730,3342,14,0.902098,0.014706,0.011236
2730,3346,22,0.784314,0.028571,0.011236
2730,3359,13,0.861702,0.055556,0.011236
2730,3365,24,0.783784,0.021739,0.011236
2730,3366,29,0.762295,0.016129,0.011236
2730,3369,30,0.705882,0.023256,0.011236
2730,3385,26,0.775862,0.018868,0.011236
2730,3395,18,0.834862,0.026316,0.011236
2730,3403,13,0.898438,0.019231,0.011236
2730,3412,22,0.803571,0.022222,0.011236
2730,3420,9,0.912621,0.043478,0.011236
2731,2738,21,0.769231,0.012048,0.034483
2731,2786,21,0.809091,0.009804,0.034483
2731,2821,5,0.864865,0.076923,0.034483
2731,2873,21,0.740741,0.013699,0.034483
2731,2874,12,0.8125,0.021277,0.034483
2731,2890,20,0.793814,0.011364,0.034483
2731,2956,19,0.820755,0.010417,0.034483
2731,2981,11,0.731707,0.043478,0.034483
2731,2987,13,0.697674,0.037037,0.034483
2731,2988,17,0.773333,0.015873,0.034483
2731,2993,17,0.75,0.017857,0.034483
2731,3025,22,0.639344,0.018519,0.034483
2731,3026,23,0.77451,0.010417,0.034483
2731,3036,17,0.66,0.026316,0.034483
2731,3084,25,0.6875,0.013158,0.034483
2731,3090,23,0.798246,0.009259,0.034483
2731,3114,21,0.611111,0.021739,0.034483
2731,3123,23,0.410256,0.030303,0.034483
2731,3137,23,0.581818,0.020408,0.034483
2731,3158,19,0.693548,0.019231,0.034483
2731,3166,19,0.604167,0.026316,0.034483
2731,3231,10,0.787234,0.035714,0.034483
2731,3257,14,0.754386,0.02381,0.034483
2731,3387,15,0.864865,0.010309,0.034483
2731,3400,17,0.638298,0.028571,0.034483
2732,2902,6,0.333333,0.142857,0.125
2732,2930,7,0.222222,0.125,0.125
2732,3131,7,0.222222,0.125,0.125
2732,3180,7,0.222222,0.125,0.125
2732,3181,7,0.222222,0.125,0.125
2732,3251,7,0.3,0.111111,0.125
2732,3372,6,0.333333,0.142857,0.125
2733,2797,14,0.621622,0.037037,0.041667
2733,2812,1,0.979167,0.04,0.041667
2733,2894,17,0.75,0.016393,0.041667
2733,2936,11,0.849315,0.016667,0.041667
2733,2937,19,0.720588,0.015873,0.041667
2733,2958,10,0.821429,0.02381,0.041667
2733,3011,13,0.754717,0.02381,0.041667
2733,3060,17,0.8,0.012821,0.041667
2733,3076,21,0.764045,0.011628,0.041667
2733,3079,17,0.630435,0.025641,0.041667
2733,3152,13,0.864583,0.011765,0.041667
2733,3172,18,0.769231,0.013889,0.041667
2733,3179,18,0.756757,0.014706,0.041667
2733,3182,21,0.704225,0.014706,0.041667
2733,3185,13,0.857143,0.0125,0.041667
2733,3258,17,0.685185,0.021277,0.041667
2733,3262,13,0.628571,0.041667,0.041667
2733,3272,9,0.847458,0.022727,0.041667
2733,3298,11,0.810345,0.022222,0.041667
2733,3320,18,0.848739,0.00885,0.041667
2733,3350,20,0.767442,0.012195,0.041667
2733,3396,21,0.734177,0.013158,0.041667
2733,3434,13,0.889831,0.009346,0.041667
2734,2752,2,0.935484,0.142857,0.038462
2734,2760,4,0.878788,0.090909,0.038462
2734,2787,4,0.943662,0.020408,0.038462
2734,2790,3,0.90625,0.111111,0.038462
2734,2808,2,0.925926,0.333333,0.038462
2734,2818,2,0.95,0.0625,0.038462
2734,2836,5,0.903846,0.032258,0.038462
2734,2840,3,0.946429,0.030303,0.038462
2734,2848,2,0.955556,0.047619,0.038462
2734,2923,2,0.95,0.0625,0.038462
2734,3005,11,0.810345,0.023256,0.038462
2734,3027,4,0.954545,0.015152,0.038462
2734,3057,3,0.925,0.058824,0.038462
2734,3077,1,0.9875,0.018182,0.038462
2734,3121,2,0.928571,0.25,0.038462
2734,3157,2,0.948718,0.066667,0.038462
2734,3165,4,0.862069,0.142857,0.038462
2734,3186,1,0.979167,0.043478,0.038462
2734,3254,3,0.914286,0.083333,0.038462
2734,3287,3,0.957746,0.020833,0.038462
2734,3319,1,0.980392,0.038462,0.038462
2734,3340,1,0.97561,0.0625,0.038462
2734,3343,4,0.888889,0.071429,0.038462
2734,3347,4,0.959184,0.013158,0.038462
2735,2819,5,0.868421,0.041667,0.052632
2735,2844,6,0.857143,0.034483,0.052632
2735,2914,3,0.947368,0.02439,0.052632
2735,2932,2,0.964912,0.025,0.052632
2735,2951,5,0.956897,0.009804,0.052632
2735,2976,1,0.983051,0.02439,0.052632
2735,2996,6,0.884615,0.025641,0.052632
2735,3075,3,0.923077,0.043478,0.052632
2735,3140,6,0.928571,0.014085,0.052632
2735,3173,2,0.942857,0.055556,0.052632
2735,3244,2,0.935484,0.071429,0.052632
2735,3259,2,0.958333,0.032258,0.052632
2735,3307,4,0.882353,0.052632,0.052632
2735,3385,5,0.925373,0.018868,0.052632
2735,3418,2,0.925926,0.1,0.052632
2736,2771,4,0.733333,0.071429,0.2
2736,2836,4,0.875,0.032258,0.2
2736,3248,4,0.875,0.032258,0.2
2736,3327,4,0.921569,0.02,0.2
2737,2775,10,0.736842,0.037037,0.047619
2737,2796,5,0.934211,0.016667,0.047619
2737,2845,8,0.794872,0.038462,0.047619
2737,2869,6,0.929412,0.014286,0.047619
2737,2892,9,0.780488,0.034483,0.047619
2737,2937,7,0.909091,0.015873,0.047619
2737,2991,6,0.921053,0.016393,0.047619
2737,3019,13,0.833333,0.014286,0.047619
2737,3051,15,0.859813,0.009901,0.047619
2737,3154,9,0.912621,0.010989,0.047619
2737,3160,5,0.891304,0.033333,0.047619
2737,3204,6,0.903226,0.021277,0.047619
2737,3233,10,0.864865,0.015873,0.047619
2737,3273,5,0.880952,0.038462,0.047619
2737,3298,6,0.9,0.022222,0.047619
2738,2741,36,0.653846,0.017544,0.012048
2738,2743,29,0.72381,0.019608,0.012048
2738,2754,50,0.677419,0.008197,0.012048
2738,2756,40,0.545455,0.022222,0.012048
2738,2757,31,0.77037,0.012048,0.012048
2738,2773,38,0.627451,0.017544,0.012048
2738,2786,58,0.543307,0.009804,0.012048
2738,2798,1,0.988235,0.333333,0.012048
2738,2809,8,0.914894,0.052632,0.012048
2738,2835,22,0.790476,0.022727,0.012048
2738,2839,47,0.728324,0.007299,0.012048
2738,2862,48,0.54717,0.014085,0.012048
2738,2864,29,0.775194,0.013333,0.012048
2738,2873,44,0.607143,0.013699,0.012048
2738,2874,34,0.645833,0.021277,0.012048
2738,2877,38,0.744966,0.009615,0.012048
2738,2887,28,0.705263,0.025,0.012048
2738,2888,8,0.911111,0.066667,0.012048
2738,2890,49,0.598361,0.011364,0.012048
2738,2896,20,0.823009,0.02,0.012048
2738,2911,19,0.857143,0.014493,0.012048
2738,2915,48,0.619048,0.010989,0.012048
2738,2924,29,0.691489,0.025,0.012048
2738,2925,24,0.826087,0.012658,0.012048
2738,2928,43,0.65873,0.011628,0.012048
2738,2929,36,0.621053,0.020833,0.012048
2738,2931,34,0.666667,0.018868,0.012048
2738,2944,44,0.696552,0.009434,0.012048
2738,2945,31,0.707547,0.018519,0.012048
2738,2953,25,0.728261,0.029412,0.012048
2738,2956,57,0.532787,0.010417,0.012048
2738,2960,35,0.75,0.01087,0.012048
2738,2969,29,0.768,0.014085,0.012048
2738,2974,22,0.816667,0.016949,0.012048
2738,2977,27,0.696629,0.030303,0.012048
2738,2978,9,0.909091,0.04,0.012048
2738,2988,38,0.648148,0.015873,0.012048
2738,2994,39,0.642202,0.015385,0.012048
2738,3000,52,0.57377,0.010989,0.012048
2738,3004,23,0.79646,0.018868,0.012048
2738,3014,26,0.74,0.023256,0.012048
2738,3025,34,0.669903,0.018519,0.012048
2738,3026,49,0.623077,0.010417,0.012048
2738,3029,40,0.578947,0.019231,0.012048
2738,3036,24,0.752577,0.026316,0.012048
2738,3084,49,0.554545,0.013158,0.012048
2738,3090,61,0.530769,0.009259,0.012048
2738,3092,4,0.955556,0.090909,0.012048
2738,3098,21,0.834646,0.015385,0.012048
2738,3104,59,0.448598,0.012048,0.012048
2738,3114,29,0.71,0.021739,0.012048
2738,3119,40,0.642857,0.014493,0.012048
2738,3123,21,0.778947,0.030303,0.012048
2738,3137,27,0.742857,0.020408,0.012048
2738,3168,1,0.992308,0.020833,0.012048
2738,3220,29,0.731481,0.018519,0.012048
2738,3229,7,0.922222,0.071429,0.012048
2738,3231,15,0.84375,0.035714,0.012048
2738,3232,38,0.746667,0.009524,0.012048
2738,3238,26,0.734694,0.02439,0.012048
2738,3243,22,0.75,0.037037,0.012048
2738,3257,32,0.655914,0.02381,0.012048
2738,3293,41,0.598039,0.016667,0.012048
2738,3294,6,0.94,0.043478,0.012048
2738,3362,50,0.537037,0.013333,0.012048
2738,3363,47,0.718563,0.007634,0.012048
2738,3364,39,0.580645,0.020408,0.012048
2738,3384,34,0.653061,0.020408,0.012048
2738,3400,22,0.770833,0.028571,0.012048
2738,3417,47,0.624,0.011236,0.012048
2738,3426,37,0.767296,0.00885,0.012048
2738,3433,42,0.603774,0.015385,0.012048
2739,2829,11,0.770833,0.035714,0.032258
2739,2830,11,0.738095,0.045455,0.032258
2739,2871,6,0.910448,0.02381,0.032258
2739,2951,18,0.843478,0.009804,0.032258
2739,2954,2,0.952381,0.076923,0.032258
2739,3002,17,0.802326,0.013889,0.032258
2739,3019,18,0.783133,0.014286,0.032258
2739,3050,1,0.978261,0.0625,0.032258
2739,3062,11,0.788462,0.03125,0.032258
2739,3068,8,0.794872,0.0625,0.032258
2739,3069,9,0.763158,0.0625,0.032258
2739,3118,11,0.828125,0.022727,0.032258
2739,3140,4,0.959184,0.014085,0.032258
2739,3162,19,0.724638,0.017544,0.032258
2739,3168,20,0.661017,0.020833,0.032258
2739,3191,13,0.775862,0.025,0.032258
2739,3233,19,0.746667,0.015873,0.032258
2739,3240,5,0.945652,0.015152,0.032258
2739,3273,9,0.8125,0.038462,0.032258
2739,3292,1,0.97619,0.083333,0.032258
2739,3326,1,0.978261,0.0625,0.032258
2739,3346,14,0.730769,0.028571,0.032258
2739,3366,20,0.726027,0.016129,0.032258
2739,3379,14,0.666667,0.04,0.032258
2739,3410,3,0.931818,0.0625,0.032258
2739,3415,11,0.77551,0.034483,0.032258
2739,3420,4,0.92,0.043478,0.032258
2741,2743,25,0.698795,0.019608,0.017544
2741,2754,42,0.693431,0.008197,0.017544
2741,2766,4,0.939394,0.076923,0.017544
2741,2777,29,0.738739,0.012048,0.017544
2741,2786,44,0.617391,0.009804,0.017544
2741,2806,13,0.861702,0.02,0.017544
2741,2839,40,0.74026,0.007299,0.017544
2741,2862,33,0.652632,0.014085,0.017544
2741,2867,29,0.731481,0.0125,0.017544
2741,2873,29,0.712871,0.013699,0.017544
2741,2874,22,0.731707,0.021277,0.017544
2741,2890,30,0.73913,0.011364,0.017544
2741,2896,19,0.784091,0.02,0.017544
2741,2910,26,0.77193,0.012048,0.017544
2741,2915,31,0.735043,0.010989,0.017544
2741,2916,23,0.809917,0.011494,0.017544
2741,2924,25,0.652778,0.025,0.017544
2741,2927,30,0.747899,0.01087,0.017544
2741,2928,39,0.625,0.011628,0.017544
2741,2929,24,0.703704,0.020833,0.017544
2741,2931,28,0.658537,0.018868,0.017544
2741,2945,28,0.662651,0.018519,0.017544
2741,2953,15,0.802632,0.029412,0.017544
2741,2956,36,0.692308,0.010417,0.017544
2741,2969,23,0.780952,0.014085,0.017544
2741,2977,20,0.714286,0.030303,0.017544
2741,2986,32,0.744,0.01,0.017544
2741,2988,27,0.709677,0.015873,0.017544
2741,2993,17,0.822917,0.017857,0.017544
2741,2994,23,0.767677,0.015385,0.017544
2741,3000,41,0.616822,0.010989,0.017544
2741,3026,31,0.745902,0.010417,0.017544
2741,3054,32,0.703704,0.012048,0.017544
2741,3056,27,0.75,0.012821,0.017544
2741,3078,29,0.771654,0.010101,0.017544
2741,3084,27,0.745283,0.013158,0.017544
2741,3085,21,0.761364,0.019231,0.017544
2741,3098,14,0.87037,0.015385,0.017544
2741,3174,21,0.809091,0.013514,0.017544
2741,3184,22,0.770833,0.016393,0.017544
2741,3193,8,0.894737,0.037037,0.017544
2741,3220,24,0.724138,0.018519,0.017544
2741,3228,13,0.8375,0.027778,0.017544
2741,3234,10,0.875,0.030303,0.017544
2741,3238,23,0.693333,0.02439,0.017544
2741,3243,19,0.707692,0.037037,0.017544
2741,3257,19,0.7625,0.02381,0.017544
2741,3293,32,0.623529,0.016667,0.017544
2741,3315,5,0.924242,0.071429,0.017544
2741,3399,10,0.880952,0.027027,0.017544
2741,3417,35,0.684685,0.011236,0.017544
2741,3433,38,0.547619,0.015385,0.017544
2742,2748,53,0.615942,0.013333,0.008621
2742,2753,38,0.707692,0.019231,0.008621
2742,2765,43,0.641667,0.021277,0.008621
2742,2770,38,0.680672,0.02439,0.008621
2742,2778,64,0.564626,0.010526,0.008621
2742,2780,37,0.731884,0.016949,0.008621
2742,2781,39,0.727273,0.015152,0.008621
2742,2785,30,0.769231,0.022727,0.008621
2742,2793,79,0.419118,0.010101,0.008621
2742,2796,38,0.724638,0.016667,0.008621
2742,2828,66,0.484375,0.012821,0.008621
2742,2846,23,0.808333,0.037037,0.008621
2742,2849,75,0.385246,0.012346,0.008621
2742,2863,62,0.607595,0.009615,0.008621
2742,2869,47,0.661871,0.014286,0.008621
2742,2875,30,0.782609,0.019231,0.008621
2742,2894,31,0.787671,0.016393,0.008621
2742,2901,50,0.65035,0.012987,0.008621
2742,2904,41,0.721088,0.013889,0.008621
2742,2937,42,0.693431,0.015873,0.008621
2742,2939,59,0.531746,0.014493,0.008621
2742,2970,42,0.644068,0.022727,0.008621
2742,2973,61,0.523438,0.013699,0.008621
2742,2989,41,0.691729,0.017241,0.008621
2742,2991,52,0.584,0.016393,0.008621
2742,2992,52,0.617647,0.013889,0.008621
2742,3007,10,0.923077,0.041667,0.008621
2742,3013,20,0.833333,0.041667,0.008621
2742,3017,31,0.8,0.014286,0.008621
2742,3021,44,0.639344,0.02,0.008621
2742,3027,21,0.869565,0.015152,0.008621
2742,3035,69,0.49635,0.011111,0.008621
2742,3038,57,0.612245,0.011364,0.008621
2742,3041,23,0.808333,0.037037,0.008621
2742,3046,29,0.766129,0.027027,0.008621
2742,3049,64,0.5,0.013158,0.008621
2742,3051,63,0.590909,0.009901,0.008621
2742,3058,14,0.880342,0.066667,0.008621
2742,3060,54,0.614286,0.012821,0.008621
2742,3070,52,0.587302,0.016129,0.008621
2742,3076,42,0.7375,0.011628,0.008621
2742,3079,21,0.843284,0.025641,0.008621
2742,3082,85,0.421769,0.008621,0.008621
2742,3089,37,0.717557,0.019231,0.008621
2742,3101,90,0.391892,0.008197,0.008621
2742,3102,44,0.636364,0.020408,0.008621
2742,3106,49,0.620155,0.016129,0.008621
2742,3115,45,0.659091,0.016393,0.008621
2742,3116,82,0.40146,0.009709,0.008621
2742,3120,60,0.527559,0.014085,0.008621
2742,3132,72,0.4375,0.011905,0.008621
2742,3140,31,0.801282,0.014085,0.008621
2742,3146,52,0.584,0.016393,0.008621
2742,3148,13,0.902256,0.033333,0.008621
2742,3150,60,0.586207,0.011236,0.008621
2742,3152,62,0.553957,0.011765,0.008621
2742,3160,17,0.868217,0.033333,0.008621
2742,3169,53,0.572581,0.016393,0.008621
2742,3172,39,0.738255,0.013889,0.008621
2742,3179,43,0.695035,0.014706,0.008621
2742,3182,39,0.731034,0.014706,0.008621
2742,3185,48,0.675676,0.0125,0.008621
2742,3188,40,0.685039,0.019608,0.008621
2742,3194,14,0.882353,0.058824,0.008621
2742,3198,44,0.721519,0.011628,0.008621
2742,3199,13,0.896,0.045455,0.008621
2742,3201,75,0.43609,0.01087,0.008621
2742,3206,44,0.642276,0.019608,0.008621
2742,3209,22,0.813559,0.041667,0.008621
2742,3212,28,0.772358,0.028571,0.008621
2742,3224,33,0.76087,0.018182,0.008621
2742,3239,54,0.564516,0.016129,0.008621
2742,3240,46,0.661765,0.015152,0.008621
2742,3247,61,0.495868,0.015152,0.008621
2742,3252,74,0.421875,0.011628,0.008621
2742,3258,24,0.827338,0.021277,0.008621
2742,3260,21,0.829268,0.035714,0.008621
2742,3265,42,0.655738,0.020833,0.008621
2742,3267,55,0.586466,0.013889,0.008621
2742,3277,56,0.572519,0.014085,0.008621
2742,3280,73,0.513333,0.009346,0.008621
2742,3288,33,0.748092,0.020833,0.008621
2742,3291,73,0.549383,0.008403,0.008621
2742,3297,54,0.568,0.015873,0.008621
2742,3298,23,0.833333,0.022222,0.008621
2742,3299,39,0.715328,0.016667,0.008621
2742,3316,34,0.719008,0.025641,0.008621
2742,3319,14,0.890625,0.038462,0.008621
2742,3320,68,0.57764,0.00885,0.008621
2742,3321,42,0.706294,0.014493,0.008621
2742,3330,63,0.568493,0.010753,0.008621
2742,3332,42,0.691176,0.016129,0.008621
2742,3335,45,0.669118,0.015385,0.008621
2742,3344,61,0.534351,0.013158,0.008621
2742,3345,46,0.659259,0.015385,0.008621
2742,3347,55,0.59854,0.013158,0.008621
2742,3350,52,0.643836,0.012195,0.008621
2742,3351,67,0.496241,0.011905,0.008621
2742,3352,12,0.897436,0.076923,0.008621
2742,3355,42,0.671875,0.018519,0.008621
2742,3360,49,0.652482,0.013514,0.008621
2742,3378,40,0.705882,0.016667,0.008621
2742,3391,45,0.637097,0.018868,0.008621
2742,3396,41,0.728477,0.013158,0.008621
2742,3397,82,0.449664,0.008696,0.008621
2742,3406,42,0.708333,0.014286,0.008621
2742,3411,39,0.719424,0.016129,0.008621
2742,3416,46,0.626016,0.018868,0.008621
2742,3419,48,0.633588,0.015873,0.008621
2743,2754,35,0.746377,0.008197,0.019608
2743,2756,20,0.736842,0.022222,0.019608
2743,2777,25,0.770642,0.012048,0.019608
2743,2782,17,0.871212,0.010204,0.019608
2743,2794,15,0.727273,0.052632,0.019608
2743,2810,31,0.602564,0.017241,0.019608
2743,2839,37,0.754967,0.007299,0.019608
2743,2867,29,0.715686,0.0125,0.019608
2743,2874,26,0.638889,0.021277,0.019608
2743,2880,19,0.806122,0.015152,0.019608
2743,2887,23,0.661765,0.025,0.019608
2743,2896,19,0.768293,0.02,0.019608
2743,2907,23,0.616667,0.03125,0.019608
2743,2924,17,0.77027,0.025,0.019608
2743,2931,20,0.761905,0.018868,0.019608
2743,2943,32,0.683168,0.012195,0.019608
2743,2945,33,0.541667,0.018519,0.019608
2743,2974,25,0.705882,0.016949,0.019608
2743,2986,30,0.752066,0.01,0.019608
2743,2988,24,0.733333,0.015873,0.019608
2743,2994,22,0.765957,0.015385,0.019608
2743,3000,39,0.621359,0.010989,0.019608
2743,3023,13,0.821918,0.028571,0.019608
2743,3029,23,0.7125,0.019231,0.019608
2743,3036,13,0.828947,0.026316,0.019608
2743,3054,23,0.792793,0.012048,0.019608
2743,3056,29,0.71,0.012821,0.019608
2743,3073,34,0.56962,0.016129,0.019608
2743,3085,21,0.743902,0.019231,0.019608
2743,3114,12,0.858824,0.021739,0.019608
2743,3119,21,0.787879,0.014493,0.019608
2743,3135,24,0.612903,0.028571,0.019608
2743,3158,24,0.696203,0.019231,0.019608
2743,3220,29,0.618421,0.018519,0.019608
2743,3243,14,0.78125,0.037037,0.019608
2743,3293,30,0.62963,0.016667,0.019608
2743,3301,10,0.876543,0.025,0.019608
2743,3363,40,0.71831,0.007634,0.019608
2743,3400,13,0.821918,0.028571,0.019608
2743,3417,34,0.679245,0.011236,0.019608
2743,3433,36,0.55,0.015385,0.019608
2743,3435,14,0.837209,0.020408,0.019608
2744,2762,3,0.903226,0.047619,0.076923
2744,2772,2,0.955556,0.029412,0.076923
2744,2825,5,0.821429,0.05,0.076923
2744,2843,8,0.764706,0.034483,0.076923
2744,2865,7,0.844444,0.025641,0.076923
2744,3156,9,0.470588,0.076923,0.076923
2744,3255,7,0.815789,0.03125,0.076923
2744,3256,10,0.848485,0.015873,0.076923
2744,3365,8,0.843137,0.021739,0.076923
2744,3369,8,0.833333,0.023256,0.076923
2744,3385,11,0.8,0.018868,0.076923
2745,2786,19,0.836207,0.009804,0.030303
2745,2789,1,0.980392,0.052632,0.030303
2745,2839,21,0.85906,0.007299,0.030303
2745,2864,16,0.826087,0.013333,0.030303
2745,2866,19,0.793478,0.012821,0.030303
2745,2872,15,0.840426,0.013158,0.030303
2745,2906,22,0.786408,0.01087,0.030303
2745,2909,15,0.842105,0.012987,0.030303
2745,2929,7,0.905405,0.020833,0.030303
2745,2960,19,0.820755,0.01087,0.030303
2745,2966,19,0.842975,0.009346,0.030303
2745,2994,13,0.847059,0.015385,0.030303
2745,3004,12,0.837838,0.018868,0.030303
2745,3010,5,0.916667,0.03125,0.030303
2745,3022,18,0.810526,0.0125,0.030303
2745,3033,20,0.80198,0.011364,0.030303
2745,3078,20,0.821429,0.010101,0.030303
2745,3080,5,0.910714,0.035714,0.030303
2745,3139,4,0.92,0.047619,0.030303
2745,3143,2,0.942857,0.25,0.030303
2745,3153,5,0.871795,0.090909,0.030303
2745,3174,18,0.797753,0.013514,0.030303
2745,3237,6,0.890909,0.035714,0.030303
2745,3284,20,0.759036,0.014286,0.030303
2745,3324,15,0.857143,0.011494,0.030303
2745,3387,18,0.839286,0.010309,0.030303
2745,3392,4,0.913043,0.058824,0.030303
2745,3394,4,0.933333,0.032258,0.030303
2745,3430,5,0.897959,0.047619,0.030303
2746,2754,11,0.912698,0.008197,0.066667
2746,2839,13,0.906475,0.007299,0.066667
2746,2864,10,0.875,0.013333,0.066667
2746,2866,10,0.879518,0.012821,0.066667
2746,2910,12,0.860465,0.012048,0.066667
2746,2920,10,0.873418,0.013514,0.066667
2746,2925,12,0.853659,0.012658,0.066667
2746,2931,6,0.903226,0.018868,0.066667
2746,2986,13,0.872549,0.01,0.066667
2746,3054,12,0.860465,0.012048,0.066667
2746,3056,11,0.865854,0.012821,0.066667
2746,3304,7,0.837209,0.028571,0.066667
2746,3363,12,0.910448,0.007634,0.066667
2747,2787,6,0.892857,0.020408,0.076923
2747,2831,9,0.590909,0.055556,0.076923
2747,2832,7,0.805556,0.033333,0.076923
2747,2863,8,0.926606,0.009615,0.076923
2747,2865,6,0.869565,0.025641,0.076923
2747,2901,7,0.915663,0.012987,0.076923
2747,3050,7,0.681818,0.0625,0.076923
2747,3173,2,0.931034,0.055556,0.076923
2747,3302,2,0.974359,0.014925,0.076923
2747,3312,8,0.636364,0.058824,0.076923
2747,3365,6,0.886792,0.021739,0.076923
2748,2751,16,0.829787,0.028571,0.013333
2748,2753,33,0.648936,0.019231,0.013333
2748,2765,15,0.859813,0.021277,0.013333
2748,2772,9,0.91,0.029412,0.013333
2748,2780,23,0.792793,0.016949,0.013333
2748,2785,21,0.785714,0.022727,0.013333
2748,2793,45,0.651163,0.010101,0.013333
2748,2818,3,0.965909,0.0625,0.013333
2748,2846,20,0.756098,0.037037,0.013333
2748,2853,21,0.818966,0.016129,0.013333
2748,2869,21,0.830645,0.014286,0.013333
2748,2901,32,0.733333,0.012987,0.013333
2748,2936,25,0.772727,0.016667,0.013333
2748,2946,8,0.936508,0.016949,0.013333
2748,2950,18,0.828571,0.020833,0.013333
2748,2973,37,0.666667,0.013699,0.013333
2748,2976,15,0.851485,0.02439,0.013333
2748,2989,39,0.585106,0.017241,0.013333
2748,2991,19,0.837607,0.016393,0.013333
2748,3013,17,0.792683,0.041667,0.013333
2748,3038,43,0.641667,0.011364,0.013333
2748,3041,21,0.740741,0.037037,0.013333
2748,3046,21,0.769231,0.027027,0.013333
2748,3049,25,0.801587,0.013158,0.013333
2748,3051,36,0.742857,0.009901,0.013333
2748,3058,11,0.860759,0.066667,0.013333
2748,3060,26,0.795276,0.012821,0.013333
2748,3070,30,0.719626,0.016129,0.013333
2748,3076,17,0.881944,0.011628,0.013333
2748,3082,43,0.709459,0.008621,0.013333
2748,3089,30,0.690722,0.019231,0.013333
2748,3101,46,0.695364,0.008197,0.013333
2748,3106,38,0.616162,0.016129,0.013333
2748,3107,12,0.894737,0.019608,0.013333
2748,3116,37,0.737589,0.009709,0.013333
2748,3117,9,0.930233,0.015873,0.013333
2748,3124,6,0.939394,0.033333,0.013333
2748,3140,31,0.730435,0.014085,0.013333
2748,3154,25,0.822695,0.010989,0.013333
2748,3160,19,0.77907,0.033333,0.013333
2748,3175,5,0.934211,0.166667,0.013333
2748,3188,25,0.752475,0.019608,0.013333
2748,3194,12,0.85,0.058824,0.013333
2748,3198,29,0.780303,0.011628,0.013333
2748,3215,10,0.888889,0.04,0.013333
2748,3224,27,0.737864,0.018182,0.013333
2748,3240,37,0.644231,0.015152,0.013333
2748,3247,24,0.794872,0.015152,0.013333
2748,3252,38,0.691057,0.011628,0.013333
2748,3274,15,0.878049,0.015873,0.013333
2748,3291,45,0.697987,0.008403,0.013333
2748,3299,30,0.714286,0.016667,0.013333
2748,3302,17,0.864,0.014925,0.013333
2748,3313,10,0.896907,0.03125,0.013333
2748,3320,40,0.72973,0.00885,0.013333
2748,3321,37,0.654206,0.014493,0.013333
2748,3335,28,0.75,0.015385,0.013333
2748,3342,24,0.798319,0.014706,0.013333
2748,3344,36,0.686957,0.013158,0.013333
2748,3345,36,0.653846,0.015385,0.013333
2748,3350,26,0.801527,0.012195,0.013333
2748,3355,31,0.683673,0.018519,0.013333
2748,3360,37,0.669643,0.013514,0.013333
2748,3378,17,0.855932,0.016667,0.013333
2748,3386,28,0.717172,0.019231,0.013333
2748,3397,48,0.661972,0.008696,0.013333
2748,3406,31,0.72807,0.014286,0.013333
2748,3411,18,0.848739,0.016129,0.013333
2749,2750,41,0.57732,0.011765,0.018868
2749,2754,42,0.684211,0.008197,0.018868
2749,2777,35,0.653465,0.012048,0.018868
2749,2786,34,0.719008,0.009804,0.018868
2749,2810,22,0.752809,0.017241,0.018868
2749,2839,46,0.680556,0.007299,0.018868
2749,2864,29,0.707071,0.013333,0.018868
2749,2873,20,0.811321,0.013699,0.018868
2749,2896,21,0.743902,0.02,0.018868
2749,2905,26,0.742574,0.013514,0.018868
2749,2908,19,0.688525,0.037037,0.018868
2749,2909,29,0.712871,0.012987,0.018868
2749,2911,29,0.688172,0.014493,0.018868
2749,2919,31,0.663043,0.014286,0.018868
2749,2920,31,0.677083,0.013514,0.018868
2749,2927,38,0.64486,0.01087,0.018868
2749,2940,31,0.639535,0.015625,0.018868
2749,2943,34,0.663366,0.012195,0.018868
2749,2944,38,0.68595,0.009434,0.018868
2749,2956,28,0.768595,0.010417,0.018868
2749,2960,40,0.619048,0.01087,0.018868
2749,2969,30,0.680851,0.014085,0.018868
2749,2974,32,0.6,0.016949,0.018868
2749,2986,40,0.646018,0.01,0.018868
2749,2994,15,0.854369,0.015385,0.018868
2749,3022,34,0.656566,0.0125,0.018868
2749,3026,24,0.808,0.010417,0.018868
2749,3047,23,0.7125,0.02,0.018868
2749,3056,28,0.728155,0.012821,0.018868
2749,3073,22,0.763441,0.016129,0.018868
2749,3078,45,0.579439,0.010101,0.018868
2749,3085,20,0.764706,0.019231,0.018868
2749,3096,33,0.65625,0.013158,0.018868
2749,3108,32,0.619048,0.015873,0.018868
2749,3129,14,0.810811,0.028571,0.018868
2749,3142,19,0.788889,0.017857,0.018868
2749,3149,24,0.747368,0.015152,0.018868
2749,3220,21,0.755814,0.018519,0.018868
2749,3257,9,0.895349,0.02381,0.018868
2749,3339,30,0.6875,0.013699,0.018868
2749,3348,39,0.602041,0.011905,0.018868
2749,3363,42,0.704225,0.007634,0.018868
2749,3364,14,0.840909,0.020408,0.018868
2749,3417,29,0.743363,0.011236,0.018868
2749,3426,43,0.650407,0.00885,0.018868
2750,2754,70,0.489051,0.008197,0.011765
2750,2755,59,0.486957,0.011236,0.011765
2750,2763,34,0.701754,0.015873,0.011765
2750,2782,62,0.487603,0.010204,0.011765
2750,2786,51,0.625,0.009804,0.011765
2750,2800,59,0.453704,0.012195,0.011765
2750,2810,30,0.734513,0.017241,0.011765
2750,2827,51,0.53211,0.013333,0.011765
2750,2839,77,0.468966,0.007299,0.011765
2750,2864,47,0.584071,0.013333,0.011765
2750,2866,55,0.490741,0.012821,0.011765
2750,2867,46,0.613445,0.0125,0.011765
2750,2872,54,0.495327,0.013158,0.011765
2750,2873,34,0.725806,0.013699,0.011765
2750,2877,69,0.425,0.009615,0.011765
2750,2880,44,0.588785,0.015152,0.011765
2750,2890,47,0.626984,0.011364,0.011765
2750,2897,36,0.650485,0.018519,0.011765
2750,2905,53,0.5,0.013514,0.011765
2750,2906,61,0.474138,0.01087,0.011765
2750,2908,23,0.741573,0.037037,0.011765
2750,2909,51,0.540541,0.012987,0.011765
2750,2910,59,0.458716,0.012048,0.011765
2750,2911,52,0.490196,0.014493,0.011765
2750,2912,44,0.568627,0.016393,0.011765
2750,2913,52,0.518519,0.013333,0.011765
2750,2915,43,0.676692,0.010989,0.011765
2750,2916,57,0.504348,0.011494,0.011765
2750,2920,50,0.541284,0.013514,0.011765
2750,2927,63,0.447368,0.01087,0.011765
2750,2928,45,0.642857,0.011628,0.011765
2750,2940,43,0.59434,0.015625,0.011765
2750,2943,49,0.584746,0.012195,0.011765
2750,2944,59,0.55303,0.009434,0.011765
2750,2945,26,0.769912,0.018519,0.011765
2750,2956,52,0.596899,0.010417,0.011765
2750,2960,63,0.447368,0.01087,0.011765
2750,2966,65,0.488189,0.009346,0.011765
2750,2969,40,0.655172,0.014085,0.011765
2750,2974,43,0.574257,0.016949,0.011765
2750,2985,48,0.505155,0.016667,0.011765
2750,2986,63,0.483607,0.01,0.011765
2750,2988,33,0.713043,0.015873,0.011765
2750,3022,58,0.457944,0.0125,0.011765
2750,3023,20,0.8,0.028571,0.011765
2750,3026,53,0.585938,0.010417,0.011765
2750,3033,58,0.495652,0.011364,0.011765
2750,3040,38,0.612245,0.019608,0.011765
2750,3047,42,0.548387,0.02,0.011765
2750,3052,31,0.701923,0.02,0.011765
2750,3056,46,0.606838,0.012821,0.011765
2750,3064,50,0.494949,0.015625,0.011765
2750,3073,33,0.710526,0.016129,0.011765
2750,3078,70,0.385965,0.010101,0.011765
2750,3090,49,0.659722,0.009259,0.011765
2750,3096,55,0.481132,0.013158,0.011765
2750,3098,47,0.543689,0.015385,0.011765
2750,3104,37,0.717557,0.012048,0.011765
2750,3108,49,0.505051,0.015873,0.011765
2750,3119,30,0.758065,0.014493,0.011765
2750,3137,15,0.87395,0.020408,0.011765
2750,3142,43,0.561224,0.017857,0.011765
2750,3149,46,0.561905,0.015152,0.011765
2750,3202,9,0.896552,0.090909,0.011765
2750,3226,55,0.495413,0.012658,0.011765
2750,3232,73,0.376068,0.009524,0.011765
2750,3234,15,0.854369,0.030303,0.011765
2750,3284,54,0.465347,0.014286,0.011765
2750,3324,46,0.634921,0.011494,0.011765
2750,3339,56,0.45098,0.013699,0.011765
2750,3348,60,0.449541,0.011905,0.011765
2750,3363,70,0.520548,0.007634,0.011765
2750,3387,57,0.544,0.010309,0.011765
2750,3426,68,0.476923,0.00885,0.011765
2751,2772,7,0.887097,0.029412,0.028571
2751,2841,4,0.935484,0.032258,0.028571
2751,2868,3,0.943396,0.047619,0.028571
2751,2878,1,0.977778,0.090909,0.028571
2751,2901,13,0.868687,0.012987,0.028571
2751,2913,3,0.971963,0.013333,0.028571
2751,2946,11,0.86747,0.016949,0.028571
2751,3017,8,0.917526,0.014286,0.028571
2751,3035,10,0.913043,0.011111,0.028571
2751,3038,20,0.805825,0.011364,0.028571
2751,3043,4,0.916667,0.058824,0.028571
2751,3093,12,0.692308,0.0625,0.028571
2751,3113,8,0.915789,0.014706,0.028571
2751,3115,11,0.870588,0.016393,0.028571
2751,3117,9,0.898876,0.015873,0.028571
2751,3124,8,0.859649,0.033333,0.028571
2751,3140,14,0.847826,0.014085,0.028571
2751,3150,10,0.912281,0.011236,0.028571
2751,3177,8,0.882353,0.02439,0.028571
2751,3198,14,0.869159,0.011628,0.028571
2751,3204,12,0.828571,0.021277,0.028571
2751,3215,10,0.8,0.04,0.028571
2751,3224,13,0.831169,0.018182,0.028571
2751,3291,21,0.842105,0.008403,0.028571
2751,3302,12,0.866667,0.014925,0.028571
2751,3321,13,0.857143,0.014493,0.028571
2751,3335,14,0.837209,0.015385,0.028571
2751,3342,16,0.816092,0.014706,0.028571
2751,3353,9,0.897727,0.016129,0.028571
2751,3357,6,0.863636,0.066667,0.028571
2751,3380,11,0.755556,0.047619,0.028571
2752,2781,1,0.986111,0.015152,0.142857
2752,2812,2,0.933333,0.04,0.142857
2752,2818,3,0.85,0.0625,0.142857
2752,2962,2,0.916667,0.052632,0.142857
2753,2793,40,0.63964,0.010101,0.019231
2753,2869,21,0.792079,0.014286,0.019231
2753,2901,28,0.722772,0.012987,0.019231
2753,2936,32,0.6,0.016667,0.019231
2753,2937,25,0.722222,0.015873,0.019231
2753,2965,6,0.904762,0.058824,0.019231
2753,2973,35,0.611111,0.013699,0.019231
2753,2976,15,0.807692,0.02439,0.019231
2753,2989,36,0.513514,0.017241,0.019231
2753,2992,30,0.680851,0.013889,0.019231
2753,3019,8,0.929825,0.014286,0.019231
2753,3038,32,0.703704,0.011364,0.019231
2753,3051,45,0.583333,0.009901,0.019231
2753,3060,30,0.7,0.012821,0.019231
2753,3070,27,0.689655,0.016129,0.019231
2753,3075,6,0.913043,0.043478,0.019231
2753,3079,12,0.848101,0.025641,0.019231
2753,3082,42,0.666667,0.008621,0.019231
2753,3101,38,0.720588,0.008197,0.019231
2753,3106,33,0.592593,0.016129,0.019231
2753,3116,31,0.75,0.009709,0.019231
2753,3120,30,0.677419,0.014085,0.019231
2753,3132,27,0.752294,0.011905,0.019231
2753,3140,24,0.757576,0.014085,0.019231
2753,3145,20,0.80198,0.014493,0.019231
2753,3150,24,0.794872,0.011236,0.019231
2753,3154,28,0.756522,0.010989,0.019231
2753,3160,20,0.677419,0.033333,0.019231
2753,3198,25,0.778761,0.011628,0.019231
2753,3240,30,0.659091,0.015152,0.019231
2753,3261,15,0.835165,0.018519,0.019231
2753,3267,26,0.734694,0.013889,0.019231
2753,3280,29,0.776923,0.009346,0.019231
2753,3291,42,0.674419,0.008403,0.019231
2753,3320,40,0.68,0.00885,0.019231
2753,3321,28,0.698925,0.014493,0.019231
2753,3344,35,0.623656,0.013158,0.019231
2753,3350,26,0.759259,0.012195,0.019231
2753,3355,31,0.586667,0.018519,0.019231
2753,3378,23,0.741573,0.016667,0.019231
2753,3386,32,0.555556,0.019231,0.019231
2753,3397,45,0.631148,0.008696,0.019231
2753,3406,29,0.688172,0.014286,0.019231
2753,3434,34,0.728,0.009346,0.019231
2754,2755,61,0.593333,0.011236,0.008197
2754,2756,27,0.807143,0.022222,0.008197
2754,2757,67,0.514493,0.012048,0.008197
2754,2761,17,0.87218,0.035714,0.008197
2754,2763,47,0.65942,0.015873,0.008197
2754,2769,3,0.977099,0.083333,0.008197
2754,2777,72,0.458647,0.012048,0.008197
2754,2782,74,0.493151,0.010204,0.008197
2754,2786,68,0.564103,0.009804,0.008197
2754,2800,69,0.488889,0.012195,0.008197
2754,2806,34,0.753623,0.02,0.008197
2754,2810,39,0.723404,0.017241,0.008197
2754,2812,1,0.993151,0.04,0.008197
2754,2835,36,0.723077,0.022727,0.008197
2754,2839,102,0.350318,0.007299,0.008197
2754,2850,28,0.779528,0.030303,0.008197
2754,2852,9,0.927419,0.090909,0.008197
2754,2854,20,0.855072,0.027778,0.008197
2754,2862,49,0.659722,0.014085,0.008197
2754,2863,2,0.991071,0.009615,0.008197
2754,2864,64,0.518797,0.013333,0.008197
2754,2866,54,0.630137,0.012821,0.008197
2754,2867,63,0.546763,0.0125,0.008197
2754,2872,56,0.605634,0.013158,0.008197
2754,2874,28,0.801418,0.021277,0.008197
2754,2877,75,0.503311,0.009615,0.008197
2754,2880,56,0.575758,0.015152,0.008197
2754,2890,54,0.653846,0.011364,0.008197
2754,2896,39,0.706767,0.02,0.008197
2754,2897,42,0.686567,0.018519,0.008197
2754,2906,70,0.513889,0.01087,0.008197
2754,2908,25,0.798387,0.037037,0.008197
2754,2909,60,0.568345,0.012987,0.008197
2754,2910,70,0.481481,0.012048,0.008197
2754,2911,56,0.585185,0.014493,0.008197
2754,2912,50,0.62406,0.016393,0.008197
2754,2915,55,0.651899,0.010989,0.008197
2754,2916,68,0.51773,0.011494,0.008197
2754,2919,55,0.59854,0.014286,0.008197
2754,2920,62,0.537313,0.013514,0.008197
2754,2927,76,0.449275,0.01087,0.008197
2754,2928,61,0.585034,0.011628,0.008197
2754,2940,57,0.55814,0.015625,0.008197
2754,2943,70,0.477612,0.012195,0.008197
2754,2944,79,0.469799,0.009434,0.008197
2754,2945,41,0.696296,0.018519,0.008197
2754,2956,63,0.593548,0.010417,0.008197
2754,2960,73,0.48227,0.01087,0.008197
2754,2966,73,0.532051,0.009346,0.008197
2754,2969,57,0.580882,0.014085,0.008197
2754,2974,50,0.618321,0.016949,0.008197
2754,2986,82,0.414286,0.01,0.008197
2754,2988,42,0.706294,0.015873,0.008197
2754,3000,66,0.55102,0.010989,0.008197
2754,3004,46,0.643411,0.018868,0.008197
2754,3022,62,0.557143,0.0125,0.008197
2754,3023,28,0.782946,0.028571,0.008197
2754,3025,30,0.794521,0.018519,0.008197
2754,3026,60,0.620253,0.010417,0.008197
2754,3029,34,0.757143,0.019231,0.008197
2754,3033,60,0.6,0.011364,0.008197
2754,3036,19,0.865248,0.026316,0.008197
2754,3052,30,0.788732,0.02,0.008197
2754,3054,65,0.535714,0.012048,0.008197
2754,3056,63,0.540146,0.012821,0.008197
2754,3064,49,0.642336,0.015625,0.008197
2754,3065,43,0.674242,0.018868,0.008197
2754,3078,75,0.486301,0.010101,0.008197
2754,3085,42,0.681818,0.019231,0.008197
2754,3090,59,0.654971,0.009259,0.008197
2754,3096,60,0.565217,0.013158,0.008197
2754,3104,51,0.668831,0.012048,0.008197
2754,3105,1,0.992481,0.083333,0.008197
2754,3108,50,0.62963,0.015873,0.008197
2754,3129,23,0.828358,0.028571,0.008197
2754,3137,19,0.875,0.020408,0.008197
2754,3142,43,0.681481,0.017857,0.008197
2754,3166,19,0.865248,0.026316,0.008197
2754,3174,55,0.609929,0.013514,0.008197
2754,3184,43,0.692857,0.016393,0.008197
2754,3195,53,0.624113,0.013889,0.008197
2754,3202,9,0.927419,0.090909,0.008197
2754,3220,45,0.656489,0.018519,0.008197
2754,3226,61,0.564286,0.012658,0.008197
2754,3228,30,0.765625,0.027778,0.008197
2754,3232,80,0.455782,0.009524,0.008197
2754,3234,22,0.834586,0.030303,0.008197
2754,3243,22,0.826772,0.037037,0.008197
2754,3250,28,0.78125,0.029412,0.008197
2754,3257,25,0.820144,0.02381,0.008197
2754,3284,58,0.567164,0.014286,0.008197
2754,3293,41,0.70922,0.016667,0.008197
2754,3324,60,0.597315,0.011494,0.008197
2754,3339,54,0.617021,0.013699,0.008197
2754,3348,63,0.559441,0.011905,0.008197
2754,3362,49,0.668919,0.013333,0.008197
2754,3363,102,0.324503,0.007634,0.008197
2754,3399,30,0.767442,0.027027,0.008197
2754,3400,22,0.837037,0.028571,0.008197
2754,3417,63,0.574324,0.011236,0.008197
2754,3426,81,0.474026,0.00885,0.008197
2754,3433,49,0.644928,0.015385,0.008197
2755,2757,53,0.554622,0.012048,0.011236
2755,2777,53,0.554622,0.012048,0.011236
2755,2782,62,0.504,0.010204,0.011236
2755,2800,53,0.550847,0.012195,0.011236
2755,2815,46,0.54,0.017544,0.011236
2755,2827,62,0.392157,0.013333,0.011236
2755,2839,74,0.513158,0.007299,0.011236
2755,2866,61,0.424528,0.012821,0.011236
2755,2872,63,0.382353,0.013158,0.011236
2755,2877,67,0.468254,0.009615,0.011236
2755,2880,39,0.663793,0.015152,0.011236
2755,2890,46,0.648855,0.011364,0.011236
2755,2897,42,0.584158,0.018519,0.011236
2755,2905,54,0.504587,0.013514,0.011236
2755,2906,64,0.452991,0.01087,0.011236
2755,2909,47,0.605042,0.012987,0.011236
2755,2910,58,0.491228,0.012048,0.011236
2755,2911,55,0.466019,0.014493,0.011236
2755,2912,48,0.529412,0.016393,0.011236
2755,2913,51,0.548673,0.013333,0.011236
2755,2916,65,0.414414,0.011494,0.011236
2755,2920,46,0.606838,0.013514,0.011236
2755,2925,54,0.526316,0.012658,0.011236
2755,2927,55,0.563492,0.01087,0.011236
2755,2928,47,0.632812,0.011628,0.011236
2755,2929,25,0.776786,0.020833,0.011236
2755,2940,45,0.583333,0.015625,0.011236
2755,2943,44,0.653543,0.012195,0.011236
2755,2944,57,0.586957,0.009434,0.011236
2755,2956,57,0.554688,0.010417,0.011236
2755,2960,61,0.491667,0.01087,0.011236
2755,2966,79,0.324786,0.009346,0.011236
2755,2985,51,0.479592,0.016667,0.011236
2755,2986,65,0.475806,0.01,0.011236
2755,2987,18,0.816327,0.037037,0.011236
2755,2993,36,0.669725,0.017857,0.011236
2755,2994,33,0.727273,0.015385,0.011236
2755,3014,22,0.8,0.023256,0.011236
2755,3022,59,0.463636,0.0125,0.011236
2755,3026,53,0.598485,0.010417,0.011236
2755,3033,68,0.376147,0.011364,0.011236
2755,3040,45,0.526316,0.019608,0.011236
2755,3047,42,0.56701,0.02,0.011236
2755,3054,52,0.566667,0.012048,0.011236
2755,3056,47,0.608333,0.012821,0.011236
2755,3064,56,0.42268,0.015625,0.011236
2755,3065,43,0.565657,0.018868,0.011236
2755,3078,69,0.420168,0.010101,0.011236
2755,3084,34,0.740458,0.013158,0.011236
2755,3090,54,0.622378,0.009259,0.011236
2755,3096,57,0.472222,0.013158,0.011236
2755,3098,50,0.519231,0.015385,0.011236
2755,3108,52,0.48,0.015873,0.011236
2755,3117,27,0.784,0.015873,0.011236
2755,3119,35,0.715447,0.014493,0.011236
2755,3149,52,0.495146,0.015152,0.011236
2755,3158,24,0.794872,0.019231,0.011236
2755,3163,17,0.821053,0.043478,0.011236
2755,3166,22,0.790476,0.026316,0.011236
2755,3174,54,0.504587,0.013514,0.011236
2755,3195,60,0.405941,0.013889,0.011236
2755,3226,63,0.4,0.012658,0.011236
2755,3228,22,0.786408,0.027778,0.011236
2755,3232,72,0.409836,0.009524,0.011236
2755,3238,22,0.796296,0.02439,0.011236
2755,3250,30,0.677419,0.029412,0.011236
2755,3284,52,0.514019,0.014286,0.011236
2755,3301,24,0.771429,0.025,0.011236
2755,3324,38,0.724638,0.011494,0.011236
2755,3339,55,0.485981,0.013699,0.011236
2755,3348,63,0.427273,0.011905,0.011236
2755,3363,73,0.503401,0.007634,0.011236
2755,3387,67,0.436975,0.010309,0.011236
2755,3399,29,0.701031,0.027027,0.011236
2755,3417,45,0.661654,0.011236,0.011236
2755,3433,31,0.747967,0.015385,0.011236
2755,3435,23,0.8,0.020408,0.011236
2756,2773,28,0.621622,0.017544,0.022222
2756,2786,38,0.651376,0.009804,0.022222
2756,2839,30,0.802632,0.007299,0.022222
2756,2862,36,0.55,0.014085,0.022222
2756,2873,30,0.659091,0.013699,0.022222
2756,2887,20,0.692308,0.025,0.022222
2756,2888,3,0.947368,0.066667,0.022222
2756,2915,32,0.692308,0.010989,0.022222
2756,2924,22,0.650794,0.025,0.022222
2756,2928,30,0.70297,0.011628,0.022222
2756,2929,29,0.546875,0.020833,0.022222
2756,2931,24,0.675676,0.018868,0.022222
2756,2945,25,0.662162,0.018519,0.022222
2756,2956,37,0.644231,0.010417,0.022222
2756,2977,21,0.631579,0.030303,0.022222
2756,2981,8,0.866667,0.043478,0.022222
2756,2993,24,0.688312,0.017857,0.022222
2756,2994,28,0.658537,0.015385,0.022222
2756,3000,36,0.64,0.010989,0.022222
2756,3025,23,0.697368,0.018519,0.022222
2756,3026,31,0.718182,0.010417,0.022222
2756,3029,37,0.383333,0.019231,0.022222
2756,3073,23,0.72619,0.016129,0.022222
2756,3084,31,0.655556,0.013158,0.022222
2756,3090,38,0.669565,0.009259,0.022222
2756,3104,30,0.693878,0.012048,0.022222
2756,3135,16,0.75,0.028571,0.022222
2756,3220,26,0.643836,0.018519,0.022222
2756,3232,22,0.828125,0.009524,0.022222
2756,3238,22,0.65625,0.02439,0.022222
2756,3257,25,0.596774,0.02381,0.022222
2756,3293,34,0.521127,0.016667,0.022222
2756,3362,32,0.636364,0.013333,0.022222
2756,3363,30,0.794521,0.007634,0.022222
2756,3364,27,0.597015,0.020408,0.022222
2756,3384,25,0.637681,0.020408,0.022222
2756,3417,33,0.673267,0.011236,0.022222
2756,3433,34,0.552632,0.015385,0.022222
2757,2763,32,0.719298,0.015873,0.012048
2757,2777,57,0.477064,0.012048,0.012048
2757,2782,61,0.491667,0.010204,0.012048
2757,2800,55,0.5,0.012195,0.012048
2757,2815,45,0.526316,0.017544,0.012048
2757,2827,49,0.550459,0.013333,0.012048
2757,2835,28,0.717172,0.022727,0.012048
2757,2839,76,0.472222,0.007299,0.012048
2757,2854,15,0.855769,0.027778,0.012048
2757,2864,47,0.576577,0.013333,0.012048
2757,2866,49,0.5625,0.012821,0.012048
2757,2867,47,0.594828,0.0125,0.012048
2757,2872,48,0.567568,0.013158,0.012048
2757,2877,57,0.561538,0.009615,0.012048
2757,2896,30,0.708738,0.02,0.012048
2757,2906,57,0.516949,0.01087,0.012048
2757,2909,42,0.644068,0.012987,0.012048
2757,2911,50,0.509804,0.014493,0.012048
2757,2912,39,0.628571,0.016393,0.012048
2757,2916,61,0.440367,0.011494,0.012048
2757,2917,15,0.825581,0.055556,0.012048
2757,2919,44,0.59633,0.014286,0.012048
2757,2925,56,0.471698,0.012658,0.012048
2757,2927,50,0.6,0.01087,0.012048
2757,2940,42,0.6,0.015625,0.012048
2757,2944,62,0.511811,0.009434,0.012048
2757,2945,23,0.798246,0.018519,0.012048
2757,2960,60,0.478261,0.01087,0.012048
2757,2966,57,0.571429,0.009346,0.012048
2757,2969,49,0.533333,0.014085,0.012048
2757,2974,38,0.634615,0.016949,0.012048
2757,2986,61,0.5,0.01,0.012048
2757,3000,40,0.701493,0.010989,0.012048
2757,3004,34,0.666667,0.018868,0.012048
2757,3022,53,0.518182,0.0125,0.012048
2757,3033,53,0.550847,0.011364,0.012048
2757,3036,15,0.858491,0.026316,0.012048
2757,3040,37,0.618557,0.019608,0.012048
2757,3054,49,0.581197,0.012048,0.012048
2757,3056,54,0.495327,0.012821,0.012048
2757,3064,47,0.53,0.015625,0.012048
2757,3065,42,0.553191,0.018868,0.012048
2757,3078,64,0.457627,0.010101,0.012048
2757,3090,40,0.735099,0.009259,0.012048
2757,3096,55,0.471154,0.013158,0.012048
2757,3098,46,0.54902,0.015385,0.012048
2757,3104,32,0.761194,0.012048,0.012048
2757,3108,48,0.510204,0.015873,0.012048
2757,3129,20,0.795918,0.028571,0.012048
2757,3135,13,0.87619,0.028571,0.012048
2757,3142,40,0.59596,0.017857,0.012048
2757,3149,43,0.59434,0.015152,0.012048
2757,3174,47,0.572727,0.013514,0.012048
2757,3184,35,0.678899,0.016393,0.012048
2757,3195,52,0.495146,0.013889,0.012048
2757,3220,25,0.776786,0.018519,0.012048
2757,3226,54,0.5,0.012658,0.012048
2757,3232,62,0.507937,0.009524,0.012048
2757,3284,53,0.47,0.014286,0.012048
2757,3286,10,0.895833,0.043478,0.012048
2757,3301,28,0.705263,0.025,0.012048
2757,3304,20,0.795918,0.028571,0.012048
2757,3324,44,0.650794,0.011494,0.012048
2757,3363,74,0.471429,0.007634,0.012048
2757,3364,17,0.852174,0.020408,0.012048
2757,3387,57,0.536585,0.010309,0.012048
2757,3414,9,0.902174,0.055556,0.012048
2757,3417,42,0.676923,0.011236,0.012048
2757,3426,64,0.515152,0.00885,0.012048
2758,2780,7,0.928571,0.016949,0.021739
2758,2784,7,0.895522,0.035714,0.021739
2758,2801,8,0.833333,0.1,0.021739
2758,2813,5,0.926471,0.037037,0.021739
2758,2816,9,0.8125,0.090909,0.021739
2758,2843,22,0.584906,0.034483,0.021739
2758,2856,2,0.967742,0.055556,0.021739
2758,2865,22,0.650794,0.025641,0.021739
2758,2918,17,0.653061,0.05,0.021739
2758,2932,21,0.676923,0.025,0.021739
2758,2951,21,0.834646,0.009804,0.021739
2758,2955,21,0.695652,0.022727,0.021739
2758,2964,1,0.984127,0.055556,0.021739
2758,3019,11,0.895238,0.014286,0.021739
2758,3032,19,0.612245,0.045455,0.021739
2758,3081,8,0.873016,0.04,0.021739
2758,3087,22,0.706667,0.019608,0.021739
2758,3136,24,0.714286,0.016129,0.021739
2758,3154,12,0.904,0.010989,0.021739
2758,3162,12,0.868132,0.017544,0.021739
2758,3167,13,0.74,0.058824,0.021739
2758,3187,20,0.666667,0.029412,0.021739
2758,3196,23,0.634921,0.025,0.021739
2758,3198,14,0.881356,0.011628,0.021739
2758,3219,18,0.731343,0.025641,0.021739
2758,3233,13,0.864583,0.015873,0.021739
2758,3236,16,0.686275,0.047619,0.021739
2758,3253,21,0.723684,0.019608,0.021739
2758,3255,21,0.631579,0.03125,0.021739
2758,3256,26,0.686747,0.015873,0.021739
2758,3259,11,0.833333,0.032258,0.021739
2758,3264,22,0.6,0.032258,0.021739
2758,3285,8,0.876923,0.037037,0.021739
2758,3307,4,0.934426,0.052632,0.021739
2758,3330,10,0.922481,0.010753,0.021739
2758,3341,7,0.9,0.032258,0.021739
2758,3365,20,0.722222,0.021739,0.021739
2758,3366,11,0.886598,0.016129,0.021739
2758,3369,25,0.609375,0.023256,0.021739
2758,3385,23,0.697368,0.018868,0.021739
2758,3412,10,0.876543,0.022222,0.021739
2759,2812,2,0.955556,0.04,0.045455
2759,2820,1,0.972222,0.066667,0.045455
2759,2836,3,0.94,0.032258,0.045455
2759,2854,7,0.862745,0.027778,0.045455
2759,2866,5,0.947368,0.012821,0.045455
2759,2909,7,0.923913,0.012987,0.045455
2759,2946,3,0.961538,0.016949,0.045455
2759,2961,4,0.862069,0.090909,0.045455
2759,3041,2,0.957447,0.037037,0.045455
2759,3064,4,0.95122,0.015625,0.045455
2759,3095,5,0.84375,0.066667,0.045455
2759,3117,4,0.950617,0.015873,0.045455
2759,3202,2,0.935484,0.090909,0.045455
2759,3213,6,0.884615,0.027778,0.045455
2759,3237,7,0.837209,0.035714,0.045455
2759,3286,5,0.875,0.043478,0.045455
2759,3303,9,0.816327,0.027778,0.045455
2759,3324,10,0.89899,0.011494,0.045455
2759,3383,3,0.916667,0.058824,0.045455
2759,3426,9,0.928571,0.00885,0.045455
2760,2790,3,0.823529,0.111111,0.090909
2760,2813,2,0.944444,0.037037,0.090909
2760,3057,7,0.666667,0.058824,0.090909
2760,3222,5,0.761905,0.066667,0.090909
2760,3263,5,0.921875,0.017241,0.090909
2760,3432,2,0.866667,0.166667,0.090909
2761,2763,20,0.71831,0.015873,0.035714
2761,2839,23,0.838028,0.007299,0.035714
2761,2944,15,0.87395,0.009434,0.035714
2761,2948,13,0.638889,0.047619,0.035714
2761,2966,15,0.875,0.009346,0.035714
2761,3023,14,0.714286,0.028571,0.035714
2761,3052,20,0.655172,0.02,0.035714
2761,3054,11,0.89,0.012048,0.035714
2761,3184,21,0.691176,0.016393,0.035714
2761,3193,14,0.658537,0.037037,0.035714
2761,3234,17,0.613636,0.030303,0.035714
2761,3237,15,0.634146,0.035714,0.035714
2761,3286,11,0.725,0.043478,0.035714
2761,3294,11,0.725,0.043478,0.035714
2761,3303,13,0.745098,0.027778,0.035714
2761,3315,12,0.6,0.071429,0.035714
2761,3324,24,0.736264,0.011494,0.035714
2761,3362,16,0.816092,0.013333,0.035714
2761,3387,12,0.893805,0.010309,0.035714
2761,3390,10,0.767442,0.04,0.035714
2761,3414,11,0.685714,0.055556,0.035714
2761,3426,16,0.872,0.00885,0.035714
2762,2787,7,0.888889,0.020408,0.047619
2762,2841,7,0.844444,0.032258,0.047619
2762,2904,5,0.943182,0.013889,0.047619
2762,3027,7,0.9125,0.015152,0.047619
2762,3140,8,0.904762,0.014085,0.047619
2762,3214,11,0.849315,0.015873,0.047619
2762,3221,6,0.853659,0.038462,0.047619
2762,3248,5,0.893617,0.032258,0.047619
2762,3255,5,0.895833,0.03125,0.047619
2762,3275,6,0.863636,0.034483,0.047619
2762,3277,3,0.966292,0.014085,0.047619
2762,3279,3,0.930233,0.04,0.047619
2762,3327,7,0.890625,0.02,0.047619
2762,3329,2,0.947368,0.052632,0.047619
2762,3353,8,0.893333,0.016129,0.047619
2762,3380,4,0.894737,0.047619,0.047619
2762,3385,5,0.927536,0.018868,0.047619
2763,2777,32,0.719298,0.012048,0.015873
2763,2800,41,0.605769,0.012195,0.015873
2763,2806,33,0.5875,0.02,0.015873
2763,2810,25,0.739583,0.017241,0.015873
2763,2835,19,0.784091,0.022727,0.015873
2763,2839,54,0.630137,0.007299,0.015873
2763,2854,21,0.730769,0.027778,0.015873
2763,2862,25,0.770642,0.014085,0.015873
2763,2864,29,0.733945,0.013333,0.015873
2763,2867,35,0.675926,0.0125,0.015873
2763,2880,33,0.65625,0.015152,0.015873
2763,2890,26,0.792,0.011364,0.015873
2763,2891,13,0.819444,0.045455,0.015873
2763,2912,22,0.784314,0.016393,0.015873
2763,2913,24,0.789474,0.013333,0.015873
2763,2915,28,0.777778,0.010989,0.015873
2763,2919,27,0.745283,0.014286,0.015873
2763,2920,29,0.731481,0.013514,0.015873
2763,2927,42,0.628319,0.01087,0.015873
2763,2931,16,0.84,0.018868,0.015873
2763,2943,36,0.669725,0.012195,0.015873
2763,2944,43,0.65873,0.009434,0.015873
2763,2945,27,0.7,0.018519,0.015873
2763,2948,17,0.746269,0.047619,0.015873
2763,2956,28,0.78626,0.010417,0.015873
2763,2960,36,0.697479,0.01087,0.015873
2763,2967,13,0.819444,0.045455,0.015873
2763,2974,27,0.715789,0.016949,0.015873
2763,3000,32,0.737705,0.010989,0.015873
2763,3023,31,0.537313,0.028571,0.015873
2763,3026,29,0.776923,0.010417,0.015873
2763,3042,9,0.878378,0.05,0.015873
2763,3052,24,0.730337,0.02,0.015873
2763,3056,34,0.682243,0.012821,0.015873
2763,3184,38,0.55814,0.016393,0.015873
2763,3193,18,0.75,0.037037,0.015873
2763,3213,26,0.643836,0.027778,0.015873
2763,3220,26,0.714286,0.018519,0.015873
2763,3228,13,0.848837,0.027778,0.015873
2763,3232,37,0.717557,0.009524,0.015873
2763,3234,25,0.647887,0.030303,0.015873
2763,3237,16,0.786667,0.035714,0.015873
2763,3286,18,0.735294,0.043478,0.015873
2763,3294,13,0.821918,0.043478,0.015873
2763,3303,19,0.7625,0.027778,0.015873
2763,3315,10,0.850746,0.071429,0.015873
2763,3324,49,0.514851,0.011494,0.015873
2763,3363,49,0.662069,0.007634,0.015873
2763,3414,16,0.753846,0.055556,0.015873
2763,3417,40,0.642857,0.011236,0.015873
2763,3426,38,0.724638,0.00885,0.015873
2764,2822,10,0.655172,0.071429,0.04
2764,2903,5,0.821429,0.125,0.04
2764,2923,3,0.921053,0.0625,0.04
2764,2941,6,0.8,0.090909,0.04
2764,2979,5,0.868421,0.055556,0.04
2764,2999,11,0.75,0.033333,0.04
2764,3011,3,0.953125,0.02381,0.04
2764,3020,8,0.851852,0.027027,0.04
2764,3201,4,0.964602,0.01087,0.04
2764,3222,7,0.787879,0.066667,0.04
2764,3263,11,0.847222,0.017241,0.04
2764,3278,9,0.742857,0.052632,0.04
2764,3302,4,0.954545,0.014925,0.04
2764,3319,3,0.9375,0.038462,0.04
2764,3340,4,0.891892,0.0625,0.04
2764,3361,8,0.741935,0.071429,0.04
2765,2770,30,0.482759,0.02439,0.021277
2765,2780,18,0.795455,0.016949,0.021277
2765,2793,41,0.609524,0.010101,0.021277
2765,2828,31,0.670213,0.012821,0.021277
2765,2849,40,0.545455,0.012346,0.021277
2765,2853,38,0.464789,0.016129,0.021277
2765,2863,41,0.627273,0.009615,0.021277
2765,2939,43,0.410959,0.014493,0.021277
2765,2970,35,0.375,0.022727,0.021277
2765,2973,30,0.666667,0.013699,0.021277
2765,3007,9,0.854839,0.041667,0.021277
2765,3021,37,0.383333,0.02,0.021277
2765,3035,42,0.557895,0.011111,0.021277
2765,3049,44,0.443038,0.013158,0.021277
2765,3070,40,0.42029,0.016129,0.021277
2765,3082,41,0.663934,0.008621,0.021277
2765,3094,4,0.92,0.142857,0.021277
2765,3101,45,0.637097,0.008197,0.021277
2765,3102,33,0.47619,0.020408,0.021277
2765,3116,42,0.611111,0.009709,0.021277
2765,3120,37,0.54321,0.014085,0.021277
2765,3132,42,0.52809,0.011905,0.021277
2765,3146,42,0.363636,0.016393,0.021277
2765,3169,41,0.38806,0.016393,0.021277
2765,3201,43,0.552083,0.01087,0.021277
2765,3206,32,0.515152,0.019608,0.021277
2765,3239,41,0.397059,0.016129,0.021277
2765,3247,44,0.362319,0.015152,0.021277
2765,3252,44,0.505618,0.011628,0.021277
2765,3265,35,0.416667,0.020833,0.021277
2765,3267,33,0.616279,0.013889,0.021277
2765,3277,38,0.525,0.014085,0.021277
2765,3297,38,0.472222,0.015873,0.021277
2765,3316,34,0.346154,0.025641,0.021277
2765,3330,37,0.640777,0.010753,0.021277
2765,3344,40,0.518072,0.013158,0.021277
2765,3351,42,0.52809,0.011905,0.021277
2765,3391,34,0.484848,0.018868,0.021277
2765,3397,40,0.672131,0.008696,0.021277
2765,3416,40,0.333333,0.018868,0.021277
2765,3419,34,0.552632,0.015873,0.021277
2765,3434,37,0.683761,0.009346,0.021277
2766,2786,8,0.925234,0.009804,0.076923
2766,2794,6,0.769231,0.052632,0.076923
2766,2810,7,0.890625,0.017241,0.076923
2766,2821,6,0.7,0.076923,0.076923
2766,2907,6,0.846154,0.03125,0.076923
2766,2924,5,0.895833,0.025,0.076923
2766,2929,7,0.87037,0.020833,0.076923
2766,3025,7,0.883333,0.018519,0.076923
2766,3119,7,0.906667,0.014493,0.076923
2766,3413,2,0.857143,0.333333,0.076923
2767,2889,5,0.75,0.052632,0.166667
2767,2959,5,0.722222,0.058824,0.166667
2767,3314,5,0.705882,0.0625,0.166667
2767,3318,5,0.761905,0.05,0.166667
2768,2813,5,0.9,0.037037,0.035714
2768,2865,5,0.919355,0.025641,0.035714
2768,2918,3,0.933333,0.05,0.035714
2768,2921,8,0.866667,0.025,0.035714
2768,2951,16,0.859649,0.009804,0.035714
2768,2973,2,0.979798,0.013699,0.035714
2768,3002,13,0.850575,0.013889,0.035714
2768,3017,10,0.886364,0.014286,0.035714
2768,3020,6,0.898305,0.027027,0.035714
2768,3034,10,0.836066,0.023256,0.035714
2768,3072,11,0.825397,0.021739,0.035714
2768,3077,6,0.922078,0.018182,0.035714
2768,3097,7,0.887097,0.02439,0.035714
2768,3118,12,0.8,0.022727,0.035714
2768,3151,2,0.95,0.071429,0.035714
2768,3242,2,0.95122,0.066667,0.035714
2768,3263,12,0.837838,0.017241,0.035714
2768,3274,9,0.890244,0.015873,0.035714
2768,3276,4,0.909091,0.05,0.035714
2768,3287,10,0.848485,0.020833,0.035714
2768,3299,9,0.886076,0.016667,0.035714
2768,3302,6,0.932584,0.014925,0.035714
2768,3313,4,0.928571,0.03125,0.035714
2768,3353,12,0.846154,0.016129,0.035714
2768,3403,12,0.823529,0.019231,0.035714
2768,3409,3,0.926829,0.0625,0.035714
2769,2789,5,0.807692,0.052632,0.083333
2769,2807,7,0.740741,0.045455,0.083333
2769,2943,2,0.978261,0.012195,0.083333
2769,2978,9,0.678571,0.04,0.083333
2769,3010,4,0.9,0.03125,0.083333
2769,3090,6,0.947368,0.009259,0.083333
2769,3130,6,0.684211,0.076923,0.083333
2769,3139,4,0.862069,0.047619,0.083333
2769,3300,7,0.695652,0.055556,0.083333
2770,2778,33,0.679612,0.010526,0.02439
2770,2849,38,0.547619,0.012346,0.02439
2770,2853,32,0.549296,0.016129,0.02439
2770,2863,37,0.657407,0.009615,0.02439
2770,2904,21,0.771739,0.013889,0.02439
2770,2939,36,0.513514,0.014493,0.02439
2770,3021,31,0.483333,0.02,0.02439
2770,3035,37,0.606383,0.011111,0.02439
2770,3049,40,0.480519,0.013158,0.02439
2770,3070,30,0.589041,0.016129,0.02439
2770,3101,39,0.685484,0.008197,0.02439
2770,3102,34,0.392857,0.020408,0.02439
2770,3116,39,0.628571,0.009709,0.02439
2770,3132,40,0.529412,0.011905,0.02439
2770,3146,35,0.477612,0.016393,0.02439
2770,3150,34,0.645833,0.011236,0.02439
2770,3152,35,0.615385,0.011765,0.02439
2770,3169,35,0.477612,0.016393,0.02439
2770,3185,25,0.739583,0.0125,0.02439
2770,3188,18,0.756757,0.019608,0.02439
2770,3201,40,0.569892,0.01087,0.02439
2770,3239,34,0.507246,0.016129,0.02439
2770,3247,38,0.449275,0.015152,0.02439
2770,3252,38,0.573034,0.011628,0.02439
2770,3265,33,0.410714,0.020833,0.02439
2770,3277,35,0.545455,0.014085,0.02439
2770,3280,34,0.701754,0.009346,0.02439
2770,3291,27,0.796992,0.008403,0.02439
2770,3297,35,0.492754,0.015873,0.02439
2770,3330,35,0.646465,0.010753,0.02439
2770,3347,29,0.670455,0.013158,0.02439
2770,3351,37,0.579545,0.011905,0.02439
2770,3411,16,0.816092,0.016129,0.02439
2770,3416,32,0.483871,0.018868,0.02439
2770,3419,32,0.555556,0.015873,0.02439
2770,3434,35,0.690265,0.009346,0.02439
2771,2836,12,0.636364,0.032258,0.071429
2771,2841,11,0.676471,0.032258,0.071429
2771,2858,6,0.76,0.058824,0.071429
2771,2893,4,0.777778,0.125,0.071429
2771,2954,7,0.65,0.076923,0.071429
2771,3214,7,0.9,0.015873,0.071429
2771,3221,9,0.709677,0.038462,0.071429
2771,3248,12,0.636364,0.032258,0.071429
2771,3327,13,0.745098,0.02,0.071429
2771,3383,9,0.590909,0.058824,0.071429
2771,3389,6,0.6,0.142857,0.071429
2771,3424,5,0.6875,0.142857,0.071429
2772,2785,2,0.973684,0.022727,0.029412
2772,2803,4,0.923077,0.045455,0.029412
2772,2831,4,0.916667,0.055556,0.029412
2772,2895,4,0.897436,0.111111,0.029412
2772,2958,3,0.958904,0.02381,0.029412
2772,2996,7,0.893939,0.025641,0.029412
2772,3017,9,0.905263,0.014286,0.029412
2772,3027,10,0.888889,0.015152,0.029412
2772,3075,3,0.944444,0.043478,0.029412
2772,3093,7,0.837209,0.0625,0.029412
2772,3107,6,0.924051,0.019608,0.029412
2772,3192,5,0.888889,0.0625,0.029412
2772,3214,8,0.910112,0.015873,0.029412
2772,3221,2,0.965517,0.038462,0.029412
2772,3242,4,0.911111,0.066667,0.029412
2772,3256,6,0.934066,0.015873,0.029412
2772,3274,10,0.885057,0.015873,0.029412
2772,3296,5,0.928571,0.02439,0.029412
2772,3313,8,0.862069,0.03125,0.029412
2772,3319,2,0.965517,0.038462,0.029412
2772,3328,2,0.96,0.055556,0.029412
2772,3342,9,0.903226,0.014706,0.029412
2772,3349,1,0.977778,0.083333,0.029412
2772,3357,5,0.886364,0.066667,0.029412
2772,3374,2,0.958333,0.0625,0.029412
2772,3406,4,0.96,0.014286,0.029412
2772,3411,5,0.945055,0.016129,0.029412
2773,2782,29,0.769841,0.010204,0.017544
2773,2786,46,0.59292,0.009804,0.017544
2773,2810,16,0.838384,0.017241,0.017544
2773,2815,15,0.848485,0.017544,0.017544
2773,2862,37,0.593407,0.014085,0.017544
2773,2873,42,0.522727,0.013699,0.017544
2773,2890,40,0.619048,0.011364,0.017544
2773,2905,26,0.752381,0.013514,0.017544
2773,2913,27,0.742857,0.013333,0.017544
2773,2915,41,0.616822,0.010989,0.017544
2773,2916,22,0.819672,0.011494,0.017544
2773,2925,15,0.876033,0.012658,0.017544
2773,2929,31,0.581081,0.020833,0.017544
2773,2931,26,0.690476,0.018868,0.017544
2773,2945,18,0.806452,0.018519,0.017544
2773,2953,23,0.661765,0.029412,0.017544
2773,2956,46,0.570093,0.010417,0.017544
2773,2969,21,0.803738,0.014085,0.017544
2773,2977,24,0.636364,0.030303,0.017544
2773,2987,13,0.816901,0.037037,0.017544
2773,2988,31,0.651685,0.015873,0.017544
2773,2993,32,0.604938,0.017857,0.017544
2773,2994,36,0.581395,0.015385,0.017544
2773,3004,13,0.865979,0.018868,0.017544
2773,3014,29,0.591549,0.023256,0.017544
2773,3026,42,0.621622,0.010417,0.017544
2773,3029,32,0.584416,0.019231,0.017544
2773,3040,15,0.83871,0.019608,0.017544
2773,3078,31,0.752,0.010101,0.017544
2773,3084,40,0.569892,0.013158,0.017544
2773,3090,48,0.589744,0.009259,0.017544
2773,3096,20,0.823009,0.013158,0.017544
2773,3104,40,0.6,0.012048,0.017544
2773,3119,32,0.659574,0.014493,0.017544
2773,3158,23,0.732558,0.019231,0.017544
2773,3166,18,0.766234,0.026316,0.017544
2773,3174,25,0.764151,0.013514,0.017544
2773,3238,24,0.675676,0.02439,0.017544
2773,3293,32,0.623529,0.016667,0.017544
2773,3339,28,0.72549,0.013699,0.017544
2773,3348,24,0.794872,0.011905,0.017544
2773,3362,39,0.580645,0.013333,0.017544
2773,3364,33,0.547945,0.020408,0.017544
2773,3384,38,0.441176,0.020408,0.017544
2773,3417,37,0.66055,0.011236,0.017544
2773,3433,28,0.702128,0.015385,0.017544
2773,3435,30,0.605263,0.020408,0.017544
2774,2817,4,0.428571,0.2,0.166667
2774,3055,5,0.285714,0.166667,0.166667
2774,3074,5,0.285714,0.166667,0.166667
2774,3127,5,0.285714,0.166667,0.166667
2774,3147,4,0.428571,0.2,0.166667
2775,2845,10,0.767442,0.038462,0.037037
2775,2881,5,0.925373,0.022222,0.037037
2775,2892,14,0.666667,0.034483,0.037037
2775,2947,11,0.666667,0.058824,0.037037
2775,2951,16,0.858407,0.009804,0.037037
2775,2962,6,0.85,0.052632,0.037037
2775,2995,7,0.8,0.066667,0.037037
2775,3001,15,0.680851,0.028571,0.037037
2775,3002,15,0.821429,0.013889,0.037037
2775,3018,11,0.76087,0.033333,0.037037
2775,3019,23,0.689189,0.014286,0.037037
2775,3051,12,0.896552,0.009901,0.037037
2775,3062,11,0.770833,0.03125,0.037037
2775,3162,18,0.727273,0.017544,0.037037
2775,3168,20,0.636364,0.020833,0.037037
2775,3186,8,0.809524,0.043478,0.037037
2775,3233,22,0.676471,0.015873,0.037037
2775,3273,16,0.567568,0.038462,0.037037
2775,3295,20,0.622642,0.021739,0.037037
2775,3346,12,0.76,0.028571,0.037037
2775,3366,16,0.780822,0.016129,0.037037
2776,2861,4,0.692308,0.090909,0.166667
2776,3105,2,0.875,0.083333,0.166667
2776,3141,5,0.583333,0.090909,0.166667
2776,3216,3,0.7,0.142857,0.166667
2776,3271,3,0.625,0.2,0.166667
2777,2782,56,0.552,0.010204,0.012048
2777,2786,46,0.669065,0.009804,0.012048
2777,2800,57,0.472222,0.012195,0.012048
2777,2806,27,0.745283,0.02,0.012048
2777,2810,32,0.706422,0.017241,0.012048
2777,2815,39,0.613861,0.017544,0.012048
2777,2827,46,0.589286,0.013333,0.012048
2777,2839,77,0.461538,0.007299,0.012048
2777,2850,25,0.725275,0.030303,0.012048
2777,2864,52,0.509434,0.013333,0.012048
2777,2867,55,0.490741,0.0125,0.012048
2777,2872,44,0.617391,0.013158,0.012048
2777,2884,2,0.977011,0.166667,0.012048
2777,2896,36,0.628866,0.02,0.012048
2777,2897,41,0.572917,0.018519,0.012048
2777,2906,52,0.577236,0.01087,0.012048
2777,2908,22,0.75,0.037037,0.012048
2777,2909,45,0.608696,0.012987,0.012048
2777,2910,61,0.419048,0.012048,0.012048
2777,2911,50,0.509804,0.014493,0.012048
2777,2912,39,0.628571,0.016393,0.012048
2777,2916,61,0.440367,0.011494,0.012048
2777,2919,52,0.485149,0.014286,0.012048
2777,2920,59,0.397959,0.013514,0.012048
2777,2925,54,0.5,0.012658,0.012048
2777,2927,59,0.491379,0.01087,0.012048
2777,2928,45,0.637097,0.011628,0.012048
2777,2940,50,0.484536,0.015625,0.012048
2777,2943,60,0.428571,0.012195,0.012048
2777,2944,63,0.5,0.009434,0.012048
2777,2945,29,0.731481,0.018519,0.012048
2777,2960,63,0.4375,0.01087,0.012048
2777,2966,56,0.58209,0.009346,0.012048
2777,2969,47,0.560748,0.014085,0.012048
2777,2974,44,0.55102,0.016949,0.012048
2777,2985,38,0.638095,0.016667,0.012048
2777,2986,72,0.351351,0.01,0.012048
2777,2988,26,0.783333,0.015873,0.012048
2777,3000,47,0.629921,0.010989,0.012048
2777,3004,37,0.626263,0.018868,0.012048
2777,3022,50,0.557522,0.0125,0.012048
2777,3054,56,0.490909,0.012048,0.012048
2777,3056,59,0.421569,0.012821,0.012048
2777,3064,43,0.586538,0.015625,0.012048
2777,3073,35,0.681818,0.016129,0.012048
2777,3078,62,0.483333,0.010101,0.012048
2777,3085,37,0.622449,0.019231,0.012048
2777,3096,51,0.527778,0.013158,0.012048
2777,3098,39,0.642202,0.015385,0.012048
2777,3108,50,0.479167,0.015873,0.012048
2777,3158,24,0.783784,0.019231,0.012048
2777,3184,32,0.714286,0.016393,0.012048
2777,3195,45,0.590909,0.013889,0.012048
2777,3220,35,0.656863,0.018519,0.012048
2777,3226,51,0.540541,0.012658,0.012048
2777,3228,23,0.760417,0.027778,0.012048
2777,3232,57,0.564885,0.009524,0.012048
2777,3284,51,0.5,0.014286,0.012048
2777,3304,16,0.843137,0.028571,0.012048
2777,3348,54,0.522124,0.011905,0.012048
2777,3363,76,0.449275,0.007634,0.012048
2777,3387,47,0.646617,0.010309,0.012048
2777,3399,27,0.709677,0.027027,0.012048
2777,3417,48,0.612903,0.011236,0.012048
2777,3426,61,0.548148,0.00885,0.012048
2777,3433,35,0.690265,0.015385,0.012048
2778,2781,47,0.587719,0.015152,0.010526
2778,2796,55,0.45,0.016667,0.010526
2778,2823,25,0.768519,0.026316,0.010526
2778,2828,57,0.508621,0.012821,0.010526
2778,2833,54,0.560976,0.012195,0.010526
2778,2849,55,0.545455,0.012346,0.010526
2778,2853,47,0.572727,0.016129,0.010526
2778,2863,56,0.608392,0.009615,0.010526
2778,2869,50,0.565217,0.014286,0.010526
2778,2875,32,0.721739,0.019231,0.010526
2778,2881,24,0.793103,0.022222,0.010526
2778,2894,39,0.666667,0.016393,0.010526
2778,2901,30,0.788732,0.012987,0.010526
2778,2904,31,0.772059,0.013889,0.010526
2778,2921,6,0.953488,0.025,0.010526
2778,2938,5,0.954545,0.05,0.010526
2778,2939,49,0.573913,0.014493,0.010526
2778,2991,52,0.5,0.016393,0.010526
2778,2992,45,0.631148,0.013889,0.010526
2778,3016,16,0.851852,0.034483,0.010526
2778,3017,35,0.730769,0.014286,0.010526
2778,3035,59,0.531746,0.011111,0.010526
2778,3039,18,0.818182,0.045455,0.010526
2778,3049,51,0.575,0.013158,0.010526
2778,3051,49,0.666667,0.009901,0.010526
2778,3060,46,0.637795,0.012821,0.010526
2778,3076,51,0.607692,0.011628,0.010526
2778,3082,67,0.534722,0.008621,0.010526
2778,3100,11,0.90678,0.029412,0.010526
2778,3101,64,0.581699,0.008197,0.010526
2778,3102,42,0.588235,0.020408,0.010526
2778,3109,3,0.972727,0.055556,0.010526
2778,3111,29,0.754237,0.019231,0.010526
2778,3112,10,0.896907,0.083333,0.010526
2778,3113,54,0.504587,0.014706,0.010526
2778,3115,37,0.689076,0.016393,0.010526
2778,3116,63,0.533333,0.009709,0.010526
2778,3118,14,0.888,0.022727,0.010526
2778,3120,42,0.66129,0.014085,0.010526
2778,3132,58,0.520661,0.011905,0.010526
2778,3145,53,0.522523,0.014493,0.010526
2778,3146,39,0.666667,0.016393,0.010526
2778,3148,18,0.831776,0.033333,0.010526
2778,3150,49,0.637037,0.011236,0.010526
2778,3169,46,0.581818,0.016393,0.010526
2778,3172,48,0.596639,0.013889,0.010526
2778,3179,43,0.641667,0.014706,0.010526
2778,3182,43,0.641667,0.014706,0.010526
2778,3185,58,0.504274,0.0125,0.010526
2778,3199,16,0.841584,0.045455,0.010526
2778,3201,63,0.491935,0.01087,0.010526
2778,3204,29,0.743363,0.021277,0.010526
2778,3225,17,0.839623,0.035714,0.010526
2778,3239,41,0.646552,0.016129,0.010526
2778,3247,42,0.647059,0.015152,0.010526
2778,3252,51,0.607692,0.011628,0.010526
2778,3261,40,0.633028,0.018519,0.010526
2778,3265,36,0.663551,0.020833,0.010526
2778,3267,51,0.560345,0.013889,0.010526
2778,3272,27,0.758929,0.022727,0.010526
2778,3274,27,0.793893,0.015873,0.010526
2778,3277,52,0.54386,0.014085,0.010526
2778,3280,72,0.446154,0.009346,0.010526
2778,3287,25,0.788136,0.020833,0.010526
2778,3297,48,0.563636,0.015873,0.010526
2778,3298,29,0.738739,0.022222,0.010526
2778,3306,11,0.896226,0.045455,0.010526
2778,3320,63,0.565517,0.00885,0.010526
2778,3327,9,0.933824,0.02,0.010526
2778,3330,52,0.617647,0.010753,0.010526
2778,3332,35,0.713115,0.016129,0.010526
2778,3335,36,0.709677,0.015385,0.010526
2778,3345,18,0.873239,0.015385,0.010526
2778,3347,56,0.513043,0.013158,0.010526
2778,3350,48,0.627907,0.012195,0.010526
2778,3351,58,0.520661,0.011905,0.010526
2778,3366,9,0.939189,0.016129,0.010526
2778,3377,22,0.788462,0.032258,0.010526
2778,3378,45,0.590909,0.016667,0.010526
2778,3381,52,0.463918,0.018519,0.010526
2778,3396,46,0.632,0.013158,0.010526
2778,3397,54,0.653846,0.008696,0.010526
2778,3416,38,0.654545,0.018868,0.010526
2778,3419,47,0.576577,0.015873,0.010526
2778,3422,27,0.75,0.025,0.010526
2778,3434,61,0.567376,0.009346,0.010526
2779,2829,17,0.433333,0.035714,0.052632
2779,2951,13,0.87963,0.009804,0.052632
2779,3019,16,0.780822,0.014286,0.052632
2779,3068,8,0.703704,0.0625,0.052632
2779,3069,5,0.833333,0.0625,0.052632
2779,3077,16,0.724138,0.018182,0.052632
2779,3086,16,0.6,0.027027,0.052632
2779,3162,17,0.711864,0.017544,0.052632
2779,3177,14,0.695652,0.02439,0.052632
2779,3207,16,0.636364,0.02439,0.052632
2779,3233,15,0.776119,0.015873,0.052632
2779,3285,15,0.516129,0.037037,0.052632
2779,3356,12,0.555556,0.05,0.052632
2779,3366,17,0.734375,0.016129,0.052632
2779,3412,16,0.666667,0.022222,0.052632
2779,3420,7,0.8,0.043478,0.052632
2780,2785,26,0.662338,0.022727,0.016949
2780,2793,26,0.80303,0.010101,0.016949
2780,2795,10,0.863014,0.041667,0.016949
2780,2846,16,0.771429,0.037037,0.016949
2780,2863,24,0.827338,0.009615,0.016949
2780,2871,9,0.902174,0.02381,0.016949
2780,2923,2,0.972603,0.0625,0.016949
2780,2939,19,0.825688,0.014493,0.016949
2780,2950,17,0.811111,0.020833,0.016949
2780,2979,4,0.945205,0.055556,0.016949
2780,3013,15,0.779412,0.041667,0.016949
2780,3041,16,0.771429,0.037037,0.016949
2780,3048,6,0.911765,0.066667,0.016949
2780,3049,21,0.815789,0.013158,0.016949
2780,3089,18,0.806452,0.019231,0.016949
2780,3101,31,0.793333,0.008197,0.016949
2780,3102,16,0.826087,0.020408,0.016949
2780,3109,10,0.850746,0.055556,0.016949
2780,3116,26,0.808824,0.009709,0.016949
2780,3136,12,0.889908,0.016129,0.016949
2780,3138,12,0.818182,0.052632,0.016949
2780,3146,21,0.787879,0.016393,0.016949
2780,3152,24,0.8,0.011765,0.016949
2780,3172,9,0.92623,0.013889,0.016949
2780,3178,9,0.88,0.04,0.016949
2780,3188,24,0.72093,0.019608,0.016949
2780,3198,22,0.821138,0.011628,0.016949
2780,3201,24,0.811024,0.01087,0.016949
2780,3209,13,0.814286,0.041667,0.016949
2780,3211,6,0.923077,0.04,0.016949
2780,3212,17,0.779221,0.028571,0.016949
2780,3219,8,0.911111,0.025641,0.016949
2780,3233,6,0.948276,0.015873,0.016949
2780,3240,15,0.863636,0.015152,0.016949
2780,3247,22,0.786408,0.015152,0.016949
2780,3256,7,0.93913,0.015873,0.016949
2780,3265,19,0.784091,0.020833,0.016949
2780,3279,5,0.936709,0.04,0.016949
2780,3297,20,0.803922,0.015873,0.016949
2780,3299,18,0.821782,0.016667,0.016949
2780,3307,7,0.901408,0.052632,0.016949
2780,3335,24,0.76,0.015385,0.016949
2780,3351,25,0.788136,0.011905,0.016949
2780,3352,9,0.857143,0.076923,0.016949
2780,3360,24,0.779817,0.013514,0.016949
2780,3374,9,0.863636,0.0625,0.016949
2780,3395,7,0.922222,0.026316,0.016949
2780,3419,18,0.826923,0.015873,0.016949
2781,2787,16,0.838384,0.020408,0.015152
2781,2796,32,0.659574,0.016667,0.015152
2781,2836,8,0.910112,0.032258,0.015152
2781,2849,39,0.638889,0.012346,0.015152
2781,2853,31,0.680412,0.016129,0.015152
2781,2863,38,0.712121,0.009615,0.015152
2781,2869,32,0.692308,0.014286,0.015152
2781,2894,22,0.790476,0.016393,0.015152
2781,2901,27,0.767241,0.012987,0.015152
2781,2939,36,0.636364,0.014493,0.015152
2781,2958,12,0.875,0.02381,0.015152
2781,2991,32,0.663158,0.016393,0.015152
2781,3005,13,0.864583,0.023256,0.015152
2781,3027,18,0.842105,0.015152,0.015152
2781,3035,39,0.666667,0.011111,0.015152
2781,3049,38,0.634615,0.013158,0.015152
2781,3060,23,0.809917,0.012821,0.015152
2781,3076,27,0.784,0.011628,0.015152
2781,3082,43,0.690647,0.008621,0.015152
2781,3100,8,0.913043,0.029412,0.015152
2781,3101,46,0.676056,0.008197,0.015152
2781,3113,42,0.543478,0.014706,0.015152
2781,3116,42,0.669291,0.009709,0.015152
2781,3120,30,0.719626,0.014085,0.015152
2781,3136,11,0.905983,0.016129,0.015152
2781,3148,11,0.870588,0.033333,0.015152
2781,3150,38,0.675214,0.011236,0.015152
2781,3151,8,0.888889,0.071429,0.015152
2781,3157,4,0.948052,0.066667,0.015152
2781,3169,32,0.663158,0.016393,0.015152
2781,3179,28,0.735849,0.014706,0.015152
2781,3182,26,0.759259,0.014706,0.015152
2781,3201,39,0.672269,0.01087,0.015152
2781,3204,22,0.758242,0.021277,0.015152
2781,3214,17,0.848214,0.015873,0.015152
2781,3221,5,0.942529,0.038462,0.015152
2781,3252,33,0.722689,0.011628,0.015152
2781,3261,19,0.811881,0.018519,0.015152
2781,3267,34,0.673077,0.013889,0.015152
2781,3277,32,0.695238,0.014085,0.015152
2781,3280,45,0.648438,0.009346,0.015152
2781,3288,17,0.824742,0.020833,0.015152
2781,3291,34,0.774834,0.008403,0.015152
2781,3297,35,0.62766,0.015873,0.015152
2781,3326,6,0.921053,0.0625,0.015152
2781,3327,20,0.791667,0.02,0.015152
2781,3335,28,0.728155,0.015385,0.015152
2781,3347,37,0.647619,0.013158,0.015152
2781,3350,31,0.735043,0.012195,0.015152
2781,3351,38,0.660714,0.011905,0.015152
2781,3366,10,0.915254,0.016129,0.015152
2781,3381,34,0.604651,0.018519,0.015152
2781,3397,37,0.743056,0.008696,0.015152
2781,3419,34,0.642105,0.015873,0.015152
2781,3425,1,0.986667,0.1,0.015152
2781,3434,35,0.746377,0.009346,0.015152
2782,2786,57,0.601399,0.009804,0.010204
2782,2800,55,0.56,0.012195,0.010204
2782,2806,27,0.77686,0.02,0.010204
2782,2815,48,0.551402,0.017544,0.010204
2782,2827,56,0.521368,0.013333,0.010204
2782,2835,28,0.754386,0.022727,0.010204
2782,2839,81,0.474026,0.007299,0.010204
2782,2854,18,0.844828,0.027778,0.010204
2782,2862,42,0.669291,0.014085,0.010204
2782,2864,49,0.604839,0.013333,0.010204
2782,2866,58,0.508475,0.012821,0.010204
2782,2872,58,0.5,0.013158,0.010204
2782,2877,70,0.469697,0.009615,0.010204
2782,2891,16,0.846154,0.045455,0.010204
2782,2896,29,0.756303,0.02,0.010204
2782,2905,57,0.504348,0.013514,0.010204
2782,2906,62,0.515625,0.01087,0.010204
2782,2909,57,0.516949,0.012987,0.010204
2782,2910,56,0.552,0.012048,0.010204
2782,2911,53,0.535088,0.014493,0.010204
2782,2912,51,0.527778,0.016393,0.010204
2782,2913,58,0.495652,0.013333,0.010204
2782,2915,49,0.65,0.010989,0.010204
2782,2916,63,0.483607,0.011494,0.010204
2782,2920,48,0.612903,0.013514,0.010204
2782,2924,20,0.830508,0.025,0.010204
2782,2927,58,0.560606,0.01087,0.010204
2782,2943,46,0.656716,0.012195,0.010204
2782,2944,60,0.583333,0.009434,0.010204
2782,2956,58,0.573529,0.010417,0.010204
2782,2960,60,0.538462,0.01087,0.010204
2782,2966,72,0.458647,0.009346,0.010204
2782,2969,52,0.555556,0.014085,0.010204
2782,2985,51,0.523364,0.016667,0.010204
2782,2986,67,0.48855,0.01,0.010204
2782,2988,36,0.712,0.015873,0.010204
2782,3004,36,0.686957,0.018868,0.010204
2782,3010,10,0.916667,0.03125,0.010204
2782,3014,27,0.763158,0.023256,0.010204
2782,3022,64,0.438596,0.0125,0.010204
2782,3025,20,0.848485,0.018519,0.010204
2782,3026,59,0.562963,0.010417,0.010204
2782,3033,64,0.47541,0.011364,0.010204
2782,3036,20,0.827586,0.026316,0.010204
2782,3040,43,0.59434,0.019608,0.010204
2782,3047,41,0.616822,0.02,0.010204
2782,3052,31,0.735043,0.02,0.010204
2782,3054,53,0.585938,0.012048,0.010204
2782,3064,53,0.513761,0.015625,0.010204
2782,3078,73,0.41129,0.010101,0.010204
2782,3084,31,0.783217,0.013158,0.010204
2782,3085,33,0.717949,0.019231,0.010204
2782,3090,58,0.608108,0.009259,0.010204
2782,3096,60,0.473684,0.013158,0.010204
2782,3104,45,0.669118,0.012048,0.010204
2782,3108,51,0.536364,0.015873,0.010204
2782,3123,10,0.917355,0.030303,0.010204
2782,3142,49,0.533333,0.017857,0.010204
2782,3149,47,0.598291,0.015152,0.010204
2782,3174,51,0.578512,0.013514,0.010204
2782,3184,39,0.675,0.016393,0.010204
2782,3195,53,0.547009,0.013889,0.010204
2782,3213,19,0.834783,0.027778,0.010204
2782,3226,62,0.46087,0.012658,0.010204
2782,3232,71,0.462121,0.009524,0.010204
2782,3234,18,0.840708,0.030303,0.010204
2782,3250,32,0.68,0.029412,0.010204
2782,3284,57,0.486486,0.014286,0.010204
2782,3301,27,0.756757,0.025,0.010204
2782,3303,20,0.824561,0.027778,0.010204
2782,3304,21,0.8125,0.028571,0.010204
2782,3324,53,0.598485,0.011494,0.010204
2782,3339,55,0.525862,0.013699,0.010204
2782,3348,62,0.483333,0.011905,0.010204
2782,3363,78,0.483444,0.007634,0.010204
2782,3364,25,0.795082,0.020408,0.010204
2782,3384,28,0.764706,0.020408,0.010204
2782,3387,66,0.488372,0.010309,0.010204
2782,3399,25,0.772727,0.027027,0.010204
2782,3426,71,0.492857,0.00885,0.010204
2783,2787,7,0.906667,0.020408,0.030303
2783,2819,6,0.882353,0.041667,0.030303
2783,2932,11,0.822581,0.025,0.030303
2783,2955,8,0.884058,0.022727,0.030303
2783,2976,8,0.878788,0.02439,0.030303
2783,2984,9,0.8125,0.041667,0.030303
2783,3017,19,0.77381,0.014286,0.030303
2783,3027,14,0.835294,0.015152,0.030303
2783,3028,1,0.977273,0.083333,0.030303
2783,3060,11,0.89,0.012821,0.030303
2783,3076,13,0.877358,0.011628,0.030303
2783,3087,10,0.864865,0.019608,0.030303
2783,3152,14,0.865385,0.011765,0.030303
2783,3172,13,0.858696,0.013889,0.030303
2783,3182,13,0.852273,0.014706,0.030303
2783,3185,12,0.881188,0.0125,0.030303
2783,3192,12,0.675676,0.0625,0.030303
2783,3198,18,0.821782,0.011628,0.030303
2783,3255,8,0.859649,0.03125,0.030303
2783,3274,15,0.814815,0.015873,0.030303
2783,3291,19,0.857143,0.008403,0.030303
2783,3341,6,0.896552,0.032258,0.030303
2783,3353,17,0.782051,0.016129,0.030303
2783,3369,10,0.848485,0.023256,0.030303
2783,3383,1,0.979592,0.058824,0.030303
2783,3385,14,0.805556,0.018868,0.030303
2783,3395,9,0.854839,0.026316,0.030303
2783,3422,10,0.84127,0.025,0.030303
2784,2813,8,0.829787,0.037037,0.035714
2784,2848,4,0.911111,0.047619,0.035714
2784,2856,10,0.722222,0.055556,0.035714
2784,2979,4,0.904762,0.055556,0.035714
2784,3034,5,0.924242,0.023256,0.035714
2784,3072,7,0.895522,0.021739,0.035714
2784,3099,6,0.8125,0.1,0.035714
2784,3115,7,0.914634,0.016393,0.035714
2784,3136,8,0.902439,0.016129,0.035714
2784,3150,8,0.926606,0.011236,0.035714
2784,3179,4,0.956522,0.014706,0.035714
2784,3211,4,0.918367,0.04,0.035714
2784,3214,9,0.890244,0.015873,0.035714
2784,3219,8,0.864407,0.025641,0.035714
2784,3259,6,0.886792,0.032258,0.035714
2784,3275,3,0.944444,0.034483,0.035714
2784,3329,9,0.763158,0.052632,0.035714
2784,3342,9,0.896552,0.014706,0.035714
2784,3349,6,0.823529,0.083333,0.035714
2784,3365,10,0.84375,0.021739,0.035714
2784,3397,6,0.956204,0.008696,0.035714
2784,3409,7,0.810811,0.0625,0.035714
2785,2846,19,0.634615,0.037037,0.022727
2785,2849,17,0.842593,0.012346,0.022727
2785,2863,13,0.903704,0.009615,0.022727
2785,2904,19,0.804124,0.013889,0.022727
2785,3013,17,0.666667,0.041667,0.022727
2785,3041,18,0.660377,0.037037,0.022727
2785,3046,21,0.65,0.027027,0.022727
2785,3058,14,0.688889,0.066667,0.022727
2785,3067,2,0.963636,0.076923,0.022727
2785,3072,5,0.941176,0.021739,0.022727
2785,3081,3,0.954545,0.04,0.022727
2785,3089,21,0.72,0.019231,0.022727
2785,3101,21,0.855172,0.008197,0.022727
2785,3109,13,0.734694,0.055556,0.022727
2785,3138,4,0.932203,0.052632,0.022727
2785,3146,12,0.870968,0.016393,0.022727
2785,3152,14,0.878261,0.011765,0.022727
2785,3188,25,0.642857,0.019608,0.022727
2785,3209,16,0.692308,0.041667,0.022727
2785,3212,21,0.637931,0.028571,0.022727
2785,3233,5,0.95098,0.015873,0.022727
2785,3240,17,0.817204,0.015152,0.022727
2785,3249,1,0.982456,0.071429,0.022727
2785,3272,6,0.926829,0.022727,0.022727
2785,3280,16,0.881481,0.009346,0.022727
2785,3299,20,0.761905,0.016667,0.022727
2785,3302,8,0.92233,0.014925,0.022727
2785,3306,5,0.918033,0.045455,0.022727
2785,3335,15,0.840426,0.015385,0.022727
2785,3341,5,0.928571,0.032258,0.022727
2785,3345,23,0.732558,0.015385,0.022727
2785,3352,12,0.733333,0.076923,0.022727
2785,3360,26,0.717391,0.013514,0.022727
2785,3431,3,0.953125,0.043478,0.022727
2786,2800,52,0.606061,0.012195,0.009804
2786,2810,38,0.688525,0.017241,0.009804
2786,2827,44,0.669173,0.013333,0.009804
2786,2835,31,0.730435,0.022727,0.009804
2786,2839,76,0.533742,0.007299,0.009804
2786,2862,65,0.398148,0.014085,0.009804
2786,2864,46,0.648855,0.013333,0.009804
2786,2866,41,0.705036,0.012821,0.009804
2786,2873,57,0.516949,0.013699,0.009804
2786,2874,37,0.669643,0.021277,0.009804
2786,2877,57,0.61745,0.009615,0.009804
2786,2890,64,0.492063,0.011364,0.009804
2786,2896,32,0.733333,0.02,0.009804
2786,2906,58,0.573529,0.01087,0.009804
2786,2910,53,0.598485,0.012048,0.009804
2786,2912,36,0.716535,0.016393,0.009804
2786,2913,45,0.659091,0.013333,0.009804
2786,2915,64,0.503876,0.010989,0.009804
2786,2916,44,0.696552,0.011494,0.009804
2786,2919,43,0.666667,0.014286,0.009804
2786,2924,28,0.754386,0.025,0.009804
2786,2927,55,0.604317,0.01087,0.009804
2786,2928,65,0.471545,0.011628,0.009804
2786,2929,42,0.611111,0.020833,0.009804
2786,2931,38,0.675214,0.018868,0.009804
2786,2940,43,0.650407,0.015625,0.009804
2786,2943,46,0.666667,0.012195,0.009804
2786,2944,61,0.585034,0.009434,0.009804
2786,2946,26,0.807407,0.016949,0.009804
2786,2953,30,0.716981,0.029412,0.009804
2786,2956,76,0.377049,0.010417,0.009804
2786,2960,57,0.583942,0.01087,0.009804
2786,2966,63,0.568493,0.009346,0.009804
2786,2969,45,0.648438,0.014085,0.009804
2786,2977,30,0.714286,0.030303,0.009804
2786,2981,15,0.863636,0.043478,0.009804
2786,2985,39,0.682927,0.016667,0.009804
2786,2986,60,0.577465,0.01,0.009804
2786,2988,49,0.577586,0.015873,0.009804
2786,2993,41,0.649573,0.017857,0.009804
2786,2994,50,0.57265,0.015385,0.009804
2786,3000,64,0.503876,0.010989,0.009804
2786,3014,33,0.705357,0.023256,0.009804
2786,3022,45,0.671533,0.0125,0.009804
2786,3025,39,0.666667,0.018519,0.009804
2786,3026,64,0.522388,0.010417,0.009804
2786,3029,45,0.587156,0.019231,0.009804
2786,3033,49,0.652482,0.011364,0.009804
2786,3054,48,0.649635,0.012048,0.009804
2786,3073,43,0.644628,0.016129,0.009804
2786,3078,62,0.553957,0.010101,0.009804
2786,3084,56,0.540984,0.013158,0.009804
2786,3090,68,0.521127,0.009259,0.009804
2786,3104,60,0.52,0.012048,0.009804
2786,3114,28,0.766667,0.021739,0.009804
2786,3119,56,0.513043,0.014493,0.009804
2786,3158,33,0.727273,0.019231,0.009804
2786,3166,25,0.782609,0.026316,0.009804
2786,3174,48,0.625,0.013514,0.009804
2786,3213,16,0.868852,0.027778,0.009804
2786,3220,38,0.677966,0.018519,0.009804
2786,3228,19,0.840336,0.027778,0.009804
2786,3238,36,0.663551,0.02439,0.009804
2786,3243,23,0.783019,0.037037,0.009804
2786,3257,33,0.702703,0.02381,0.009804
2786,3284,41,0.687023,0.014286,0.009804
2786,3293,49,0.566372,0.016667,0.009804
2786,3324,48,0.659574,0.011494,0.009804
2786,3362,53,0.572581,0.013333,0.009804
2786,3363,73,0.54375,0.007634,0.009804
2786,3364,43,0.601852,0.020408,0.009804
2786,3384,42,0.614679,0.020408,0.009804
2786,3387,57,0.598592,0.010309,0.009804
2786,3394,15,0.872881,0.032258,0.009804
2786,3417,66,0.472,0.011236,0.009804
2786,3426,62,0.594771,0.00885,0.009804
2786,3433,50,0.57265,0.015385,0.009804
2786,3435,41,0.627273,0.020408,0.009804
2787,2793,22,0.825397,0.010101,0.020408
2787,2825,3,0.954545,0.05,0.020408
2787,2836,9,0.873239,0.032258,0.020408
2787,2849,18,0.839286,0.012346,0.020408
2787,2863,24,0.813953,0.009615,0.020408
2787,2892,1,0.987013,0.034483,0.020408
2787,2901,26,0.74,0.012987,0.020408
2787,2904,16,0.847619,0.013889,0.020408
2787,2932,8,0.901235,0.025,0.020408
2787,2939,16,0.843137,0.014493,0.020408
2787,3027,27,0.693182,0.015152,0.020408
2787,3034,11,0.864198,0.023256,0.020408
2787,3038,19,0.838983,0.011364,0.020408
2787,3049,17,0.842593,0.013158,0.020408
2787,3070,13,0.867347,0.016129,0.020408
2787,3072,13,0.841463,0.021739,0.020408
2787,3082,20,0.862069,0.008621,0.020408
2787,3087,10,0.888889,0.019608,0.020408
2787,3097,11,0.860759,0.02439,0.020408
2787,3101,24,0.836735,0.008197,0.020408
2787,3116,21,0.839695,0.009709,0.020408
2787,3150,22,0.810345,0.011236,0.020408
2787,3211,3,0.957746,0.04,0.020408
2787,3214,19,0.795699,0.015873,0.020408
2787,3253,13,0.850575,0.019608,0.020408
2787,3256,10,0.901961,0.015873,0.020408
2787,3291,24,0.833333,0.008403,0.020408
2787,3302,15,0.851485,0.014925,0.020408
2787,3312,6,0.9,0.058824,0.020408
2787,3320,11,0.927152,0.00885,0.020408
2787,3321,15,0.854369,0.014493,0.020408
2787,3327,11,0.875,0.02,0.020408
2787,3342,16,0.841584,0.014706,0.020408
2787,3347,20,0.809524,0.013158,0.020408
2787,3369,8,0.904762,0.023256,0.020408
2787,3379,2,0.972222,0.04,0.020408
2787,3380,8,0.870968,0.047619,0.020408
2787,3395,9,0.884615,0.026316,0.020408
2787,3403,10,0.89011,0.019231,0.020408
2788,3271,1,0.833333,0.2,0.5
2789,2807,9,0.71875,0.045455,0.052632
2789,2851,9,0.71875,0.045455,0.052632
2789,2888,9,0.64,0.066667,0.052632
2789,2944,5,0.958333,0.009434,0.052632
2789,2978,13,0.580645,0.04,0.052632
2789,3026,5,0.954545,0.010417,0.052632
2789,3045,4,0.826087,0.125,0.052632
2789,3059,4,0.8,0.2,0.052632
2789,3084,10,0.882353,0.013158,0.052632
2789,3104,8,0.914894,0.012048,0.052632
2789,3130,10,0.545455,0.076923,0.052632
2789,3137,8,0.866667,0.020408,0.052632
2789,3231,7,0.825,0.035714,0.052632
2789,3300,11,0.576923,0.055556,0.052632
2789,3428,3,0.875,0.125,0.052632
2790,2803,3,0.892857,0.045455,0.111111
2790,2813,4,0.875,0.037037,0.111111
2790,2848,6,0.75,0.047619,0.111111
2790,3203,2,0.947368,0.032258,0.111111
2790,3302,3,0.958904,0.014925,0.111111
2791,2812,3,0.911765,0.04,0.083333
2791,2818,3,0.88,0.0625,0.083333
2791,2844,2,0.948718,0.034483,0.083333
2791,2876,2,0.916667,0.071429,0.083333
2791,2950,2,0.965517,0.020833,0.083333
2791,2975,1,0.928571,0.333333,0.083333
2791,3088,2,0.9,0.1,0.083333
2791,3116,4,0.963964,0.009709,0.083333
2791,3136,2,0.972222,0.016129,0.083333
2792,3037,2,0.5,0.333333,0.333333
2793,2795,4,0.966387,0.041667,0.010101
2793,2828,55,0.54918,0.012821,0.010101
2793,2833,55,0.563492,0.012195,0.010101
2793,2849,63,0.461538,0.012346,0.010101
2793,2853,46,0.6,0.016129,0.010101
2793,2863,57,0.609589,0.009615,0.010101
2793,2875,20,0.847328,0.019231,0.010101
2793,2901,48,0.625,0.012987,0.010101
2793,2936,38,0.68595,0.016667,0.010101
2793,2937,37,0.704,0.015873,0.010101
2793,2939,53,0.53913,0.014493,0.010101
2793,2950,19,0.851562,0.020833,0.010101
2793,2970,37,0.650943,0.022727,0.010101
2793,2973,64,0.407407,0.013699,0.010101
2793,2989,44,0.610619,0.017241,0.010101
2793,2991,43,0.632479,0.016393,0.010101
2793,2992,47,0.620968,0.013889,0.010101
2793,3007,12,0.891892,0.041667,0.010101
2793,3021,41,0.62037,0.02,0.010101
2793,3027,26,0.81295,0.015152,0.010101
2793,3035,59,0.546154,0.011111,0.010101
2793,3038,57,0.561538,0.011364,0.010101
2793,3041,13,0.884956,0.037037,0.010101
2793,3046,18,0.847458,0.027027,0.010101
2793,3049,55,0.541667,0.013158,0.010101
2793,3051,57,0.601399,0.009901,0.010101
2793,3060,36,0.744681,0.012821,0.010101
2793,3070,56,0.466667,0.016129,0.010101
2793,3072,12,0.909774,0.021739,0.010101
2793,3082,77,0.442029,0.008621,0.010101
2793,3089,29,0.762295,0.019231,0.010101
2793,3097,14,0.888889,0.02439,0.010101
2793,3101,83,0.398551,0.008197,0.010101
2793,3103,3,0.974138,0.05,0.010101
2793,3106,56,0.466667,0.016129,0.010101
2793,3115,39,0.677686,0.016393,0.010101
2793,3116,69,0.481203,0.009709,0.010101
2793,3120,60,0.454545,0.014085,0.010101
2793,3132,62,0.487603,0.011905,0.010101
2793,3136,10,0.933775,0.016129,0.010101
2793,3140,32,0.768116,0.014085,0.010101
2793,3146,48,0.571429,0.016393,0.010101
2793,3150,56,0.575758,0.011236,0.010101
2793,3152,52,0.606061,0.011765,0.010101
2793,3154,36,0.766234,0.010989,0.010101
2793,3160,18,0.837838,0.033333,0.010101
2793,3169,47,0.584071,0.016393,0.010101
2793,3191,16,0.869919,0.025,0.010101
2793,3198,42,0.706294,0.011628,0.010101
2793,3201,60,0.541985,0.01087,0.010101
2793,3206,43,0.598131,0.019608,0.010101
2793,3212,20,0.824561,0.028571,0.010101
2793,3214,13,0.912752,0.015873,0.010101
2793,3224,35,0.705882,0.018182,0.010101
2793,3239,52,0.522936,0.016129,0.010101
2793,3240,50,0.565217,0.015152,0.010101
2793,3247,55,0.5,0.015152,0.010101
2793,3252,67,0.432203,0.011628,0.010101
2793,3253,13,0.905109,0.019608,0.010101
2793,3267,47,0.620968,0.013889,0.010101
2793,3277,48,0.606557,0.014085,0.010101
2793,3280,54,0.644737,0.009346,0.010101
2793,3288,30,0.74359,0.020833,0.010101
2793,3291,71,0.517007,0.008403,0.010101
2793,3297,45,0.615385,0.015873,0.010101
2793,3316,33,0.685714,0.025641,0.010101
2793,3319,13,0.883929,0.038462,0.010101
2793,3320,57,0.632258,0.00885,0.010101
2793,3321,44,0.645161,0.014493,0.010101
2793,3330,59,0.556391,0.010753,0.010101
2793,3332,35,0.722222,0.016129,0.010101
2793,3335,40,0.677419,0.015385,0.010101
2793,3342,29,0.789855,0.014706,0.010101
2793,3344,67,0.37963,0.013158,0.010101
2793,3345,39,0.688,0.015385,0.010101
2793,3347,49,0.611111,0.013158,0.010101
2793,3350,38,0.734266,0.012195,0.010101
2793,3351,55,0.570312,0.011905,0.010101
2793,3353,26,0.807407,0.016129,0.010101
2793,3355,51,0.5,0.018519,0.010101
2793,3386,33,0.720339,0.019231,0.010101
2793,3391,48,0.538462,0.018868,0.010101
2793,3396,30,0.793103,0.013158,0.010101
2793,3397,74,0.471429,0.008696,0.010101
2793,3406,43,0.65873,0.014286,0.010101
2793,3416,43,0.605505,0.018868,0.010101
2793,3434,70,0.485294,0.009346,0.010101
2794,2810,16,0.737705,0.017241,0.052632
2794,2821,8,0.666667,0.076923,0.052632
2794,2874,16,0.68,0.021277,0.052632
2794,2887,13,0.717391,0.025,0.052632
2794,2907,14,0.621622,0.03125,0.052632
2794,2966,8,0.932203,0.009346,0.052632
2794,2988,14,0.794118,0.015873,0.052632
2794,3000,16,0.829787,0.010989,0.052632
2794,3073,14,0.791045,0.016129,0.052632
2794,3119,15,0.794521,0.014493,0.052632
2794,3135,15,0.615385,0.028571,0.052632
2794,3158,17,0.685185,0.019231,0.052632
2794,3417,15,0.83871,0.011236,0.052632
2794,3433,13,0.816901,0.015385,0.052632
2795,2813,3,0.9375,0.037037,0.041667
2795,2832,4,0.92,0.033333,0.041667
2795,2904,5,0.945055,0.013889,0.041667
2795,3020,2,0.966102,0.027027,0.041667
2795,3046,3,0.948276,0.027027,0.041667
2795,3048,7,0.78125,0.066667,0.041667
2795,3050,3,0.918919,0.0625,0.041667
2795,3110,5,0.861111,0.058824,0.041667
2795,3138,11,0.65625,0.052632,0.041667
2795,3148,3,0.941176,0.033333,0.041667
2795,3178,12,0.675676,0.04,0.041667
2795,3211,7,0.833333,0.04,0.041667
2795,3254,2,0.941176,0.083333,0.041667
2795,3296,2,0.968254,0.02439,0.041667
2795,3307,7,0.805556,0.052632,0.041667
2795,3353,5,0.938272,0.016129,0.041667
2795,3374,10,0.666667,0.0625,0.041667
2795,3385,2,0.973333,0.018868,0.041667
2796,2828,37,0.633663,0.012821,0.016667
2796,2833,36,0.660377,0.012195,0.016667
2796,2849,33,0.694444,0.012346,0.016667
2796,2853,31,0.659341,0.016129,0.016667
2796,2863,37,0.708661,0.009615,0.016667
2796,2869,43,0.505747,0.014286,0.016667
2796,2881,22,0.73494,0.022222,0.016667
2796,2894,28,0.698925,0.016393,0.016667
2796,2921,4,0.958333,0.025,0.016667
2796,2936,21,0.787879,0.016667,0.016667
2796,2939,30,0.69697,0.014493,0.016667
2796,2991,41,0.4875,0.016393,0.016667
2796,3016,11,0.858974,0.034483,0.016667
2796,3017,29,0.712871,0.014286,0.016667
2796,3035,38,0.660714,0.011111,0.016667
2796,3039,17,0.738462,0.045455,0.016667
2796,3049,31,0.704762,0.013158,0.016667
2796,3051,42,0.647059,0.009901,0.016667
2796,3060,33,0.685714,0.012821,0.016667
2796,3076,39,0.635514,0.011628,0.016667
2796,3082,44,0.666667,0.008621,0.016667
2796,3101,41,0.70922,0.008197,0.016667
2796,3111,23,0.741573,0.019231,0.016667
2796,3113,41,0.528736,0.014706,0.016667
2796,3132,37,0.654206,0.011905,0.016667
2796,3145,45,0.464286,0.014493,0.016667
2796,3172,38,0.595745,0.013889,0.016667
2796,3185,45,0.526316,0.0125,0.016667
2796,3199,14,0.794118,0.045455,0.016667
2796,3201,42,0.618182,0.01087,0.016667
2796,3204,28,0.64557,0.021277,0.016667
2796,3261,30,0.642857,0.018519,0.016667
2796,3267,36,0.625,0.013889,0.016667
2796,3274,23,0.77,0.015873,0.016667
2796,3277,36,0.621053,0.014085,0.016667
2796,3280,48,0.596639,0.009346,0.016667
2796,3287,20,0.772727,0.020833,0.016667
2796,3297,29,0.691489,0.015873,0.016667
2796,3320,47,0.626984,0.00885,0.016667
2796,3347,40,0.583333,0.013158,0.016667
2796,3350,36,0.660377,0.012195,0.016667
2796,3351,36,0.666667,0.011905,0.016667
2796,3377,20,0.71831,0.032258,0.016667
2796,3378,34,0.604651,0.016667,0.016667
2796,3381,37,0.519481,0.018519,0.016667
2796,3396,35,0.653465,0.013158,0.016667
2796,3419,30,0.677419,0.015873,0.016667
2796,3422,19,0.765432,0.025,0.016667
2796,3434,40,0.685039,0.009346,0.016667
2797,2823,21,0.522727,0.026316,0.037037
2797,2845,7,0.847826,0.038462,0.037037
2797,2894,20,0.705882,0.016393,0.037037
2797,2901,3,0.970297,0.012987,0.037037
2797,2936,9,0.884615,0.016667,0.037037
2797,2937,24,0.636364,0.015873,0.037037
2797,2995,3,0.923077,0.066667,0.037037
2797,3011,18,0.647059,0.02381,0.037037
2797,3076,22,0.758242,0.011628,0.037037
2797,3079,20,0.565217,0.025641,0.037037
2797,3179,19,0.75,0.014706,0.037037
2797,3182,21,0.716216,0.014706,0.037037
2797,3258,20,0.62963,0.021277,0.037037
2797,3262,19,0.40625,0.041667,0.037037
2797,3320,20,0.833333,0.00885,0.037037
2797,3332,21,0.691176,0.016129,0.037037
2797,3350,21,0.761364,0.012195,0.037037
2797,3378,11,0.855263,0.016667,0.037037
2797,3396,23,0.7125,0.013158,0.037037
2798,3303,1,0.973684,0.027778,0.333333
2799,2861,6,0.538462,0.090909,0.125
2799,3053,7,0.363636,0.1,0.125
2799,3105,6,0.571429,0.083333,0.125
2799,3122,7,0.3,0.111111,0.125
2799,3200,7,0.416667,0.090909,0.125
2799,3218,7,0.3,0.111111,0.125
2799,3354,7,0.3,0.111111,0.125
2800,2806,29,0.718447,0.02,0.012195
2800,2810,34,0.679245,0.017241,0.012195
2800,2815,36,0.650485,0.017544,0.012195
2800,2827,46,0.585586,0.013333,0.012195
2800,2839,75,0.479167,0.007299,0.012195
2800,2854,14,0.865385,0.027778,0.012195
2800,2862,37,0.681034,0.014085,0.012195
2800,2864,49,0.546296,0.013333,0.012195
2800,2867,51,0.540541,0.0125,0.012195
2800,2872,43,0.626087,0.013158,0.012195
2800,2877,56,0.569231,0.009615,0.012195
2800,2880,46,0.54902,0.015152,0.012195
2800,2890,38,0.712121,0.011364,0.012195
2800,2897,36,0.64,0.018519,0.012195
2800,2906,53,0.561983,0.01087,0.012195
2800,2910,62,0.398058,0.012048,0.012195
2800,2912,42,0.584158,0.016393,0.012195
2800,2913,43,0.622807,0.013333,0.012195
2800,2916,53,0.543103,0.011494,0.012195
2800,2919,46,0.566038,0.014286,0.012195
2800,2925,49,0.5625,0.012658,0.012195
2800,2927,64,0.418182,0.01087,0.012195
2800,2928,48,0.6,0.011628,0.012195
2800,2940,43,0.582524,0.015625,0.012195
2800,2943,55,0.495413,0.012195,0.012195
2800,2944,66,0.459016,0.009434,0.012195
2800,2945,35,0.653465,0.018519,0.012195
2800,2956,48,0.630769,0.010417,0.012195
2800,2960,61,0.460177,0.01087,0.012195
2800,2966,59,0.546154,0.009346,0.012195
2800,2969,45,0.583333,0.014085,0.012195
2800,2974,43,0.561224,0.016949,0.012195
2800,2986,65,0.444444,0.01,0.012195
2800,2988,32,0.716814,0.015873,0.012195
2800,3000,53,0.558333,0.010989,0.012195
2800,3004,33,0.676471,0.018868,0.012195
2800,3023,23,0.755319,0.028571,0.012195
2800,3026,43,0.681481,0.010417,0.012195
2800,3033,48,0.606557,0.011364,0.012195
2800,3040,29,0.721154,0.019608,0.012195
2800,3044,4,0.952381,0.166667,0.012195
2800,3056,54,0.490566,0.012821,0.012195
2800,3073,37,0.654206,0.016129,0.012195
2800,3078,60,0.504132,0.010101,0.012195
2800,3085,32,0.686275,0.019231,0.012195
2800,3090,43,0.707483,0.009259,0.012195
2800,3096,47,0.576577,0.013158,0.012195
2800,3098,38,0.651376,0.015385,0.012195
2800,3119,32,0.731092,0.014493,0.012195
2800,3135,19,0.806122,0.028571,0.012195
2800,3174,43,0.619469,0.013514,0.012195
2800,3213,22,0.770833,0.027778,0.012195
2800,3220,36,0.64,0.018519,0.012195
2800,3232,64,0.479675,0.009524,0.012195
2800,3250,24,0.73913,0.029412,0.012195
2800,3284,48,0.538462,0.014286,0.012195
2800,3324,44,0.648,0.011494,0.012195
2800,3348,48,0.59322,0.011905,0.012195
2800,3363,73,0.478571,0.007634,0.012195
2800,3400,11,0.896226,0.028571,0.012195
2800,3417,52,0.563025,0.011236,0.012195
2800,3426,57,0.586957,0.00885,0.012195
2800,3433,34,0.699115,0.015385,0.012195
2801,2865,7,0.833333,0.025641,0.1
2801,3032,8,0.666667,0.045455,0.1
2801,3167,8,0.578947,0.058824,0.1
2801,3221,2,0.941176,0.038462,0.1
2801,3255,6,0.833333,0.03125,0.1
2801,3256,8,0.876923,0.015873,0.1
2801,3365,7,0.857143,0.021739,0.1
2802,2863,7,0.934579,0.009615,0.1
2802,3035,6,0.93617,0.011111,0.1
2802,3106,4,0.941176,0.016129,0.1
2802,3150,7,0.923913,0.011236,0.1
2802,3154,5,0.947917,0.010989,0.1
2802,3267,7,0.906667,0.013889,0.1
2802,3397,9,0.922414,0.008696,0.1
2802,3419,6,0.910448,0.015873,0.1
2803,2813,5,0.886364,0.037037,0.045455
2803,2848,8,0.771429,0.047619,0.045455
2803,2881,4,0.936508,0.022222,0.045455
2803,2882,3,0.896552,0.1,0.045455
2803,2996,7,0.87037,0.025641,0.045455
2803,3048,3,0.911765,0.066667,0.045455
2803,3100,2,0.962963,0.029412,0.045455
2803,3124,7,0.844444,0.033333,0.045455
2803,3138,4,0.891892,0.052632,0.045455
2803,3140,4,0.955056,0.014085,0.045455
2803,3178,6,0.853659,0.04,0.045455
2803,3196,6,0.892857,0.025,0.045455
2803,3211,3,0.931818,0.04,0.045455
2803,3214,6,0.924051,0.015873,0.045455
2803,3256,5,0.9375,0.015873,0.045455
2803,3280,2,0.984252,0.009346,0.045455
2803,3380,3,0.925,0.047619,0.045455
2803,3418,4,0.857143,0.1,0.045455
2804,2836,2,0.947368,0.032258,0.111111
2804,2984,5,0.821429,0.041667,0.111111
2804,2992,4,0.948052,0.013889,0.111111
2804,3316,4,0.909091,0.025641,0.111111
2804,3327,2,0.964912,0.02,0.111111
2804,3377,3,0.918919,0.032258,0.111111
2804,3416,3,0.949153,0.018868,0.111111
2805,2806,1,0.982456,0.02,0.125
2805,2922,2,0.777778,0.333333,0.125
2805,2983,4,0.809524,0.058824,0.125
2805,2997,3,0.842105,0.071429,0.125
2805,3012,4,0.733333,0.090909,0.125
2805,3028,4,0.75,0.083333,0.125
2805,3121,1,0.909091,0.25,0.125
2806,2839,41,0.719178,0.007299,0.02
2806,2854,16,0.771429,0.027778,0.02
2806,2867,28,0.72549,0.0125,0.02
2806,2877,31,0.747967,0.009615,0.02
2806,2880,27,0.696629,0.015152,0.02
2806,2890,23,0.8,0.011364,0.02
2806,2891,11,0.819672,0.045455,0.02
2806,2909,28,0.717172,0.012987,0.02
2806,2910,26,0.757009,0.012048,0.02
2806,2912,22,0.752809,0.016393,0.02
2806,2919,29,0.681319,0.014286,0.02
2806,2920,27,0.721649,0.013514,0.02
2806,2925,19,0.827273,0.012658,0.02
2806,2927,30,0.732143,0.01087,0.02
2806,2943,28,0.730769,0.012195,0.02
2806,2944,28,0.78125,0.009434,0.02
2806,2948,12,0.79661,0.047619,0.02
2806,2967,15,0.736842,0.045455,0.02
2806,2986,28,0.770492,0.01,0.02
2806,3000,24,0.794872,0.010989,0.02
2806,3004,26,0.662338,0.018868,0.02
2806,3014,8,0.905882,0.023256,0.02
2806,3023,24,0.606557,0.028571,0.02
2806,3114,6,0.933333,0.021739,0.02
2806,3142,16,0.822222,0.017857,0.02
2806,3184,32,0.594937,0.016393,0.02
2806,3213,23,0.634921,0.027778,0.02
2806,3234,19,0.703125,0.030303,0.02
2806,3237,10,0.852941,0.035714,0.02
2806,3286,13,0.783333,0.043478,0.02
2806,3294,7,0.893939,0.043478,0.02
2806,3309,1,0.985075,0.055556,0.02
2806,3324,34,0.669903,0.011494,0.02
2806,3363,37,0.743056,0.007634,0.02
2806,3414,12,0.785714,0.055556,0.02
2806,3417,28,0.747748,0.011236,0.02
2806,3430,6,0.907692,0.047619,0.02
2807,2837,8,0.714286,0.071429,0.045455
2807,2887,5,0.912281,0.025,0.045455
2807,2888,7,0.766667,0.066667,0.045455
2807,2978,10,0.72973,0.04,0.045455
2807,3010,10,0.772727,0.03125,0.045455
2807,3025,12,0.8125,0.018519,0.045455
2807,3080,9,0.780488,0.035714,0.045455
2807,3084,10,0.886364,0.013158,0.045455
2807,3123,7,0.854167,0.030303,0.045455
2807,3129,3,0.944444,0.028571,0.045455
2807,3130,8,0.703704,0.076923,0.045455
2807,3231,11,0.717949,0.035714,0.045455
2807,3257,7,0.877193,0.02381,0.045455
2807,3300,8,0.75,0.055556,0.045455
2807,3394,7,0.847826,0.032258,0.045455
2807,3400,8,0.836735,0.028571,0.045455
2807,3428,2,0.928571,0.125,0.045455
2808,3121,2,0.6,0.25,0.333333
2809,2837,9,0.625,0.071429,0.052632
2809,3010,15,0.583333,0.03125,0.052632
2809,3026,8,0.925234,0.010417,0.052632
2809,3030,6,0.714286,0.125,0.052632
2809,3036,10,0.787234,0.026316,0.052632
2809,3080,14,0.575758,0.035714,0.052632
2809,3090,11,0.905172,0.009259,0.052632
2809,3104,9,0.903226,0.012048,0.052632
2809,3231,11,0.694444,0.035714,0.052632
2809,3269,5,0.782609,0.111111,0.052632
2809,3317,6,0.7,0.142857,0.052632
2809,3333,5,0.761905,0.142857,0.052632
2809,3362,6,0.931818,0.013333,0.052632
2809,3388,5,0.791667,0.1,0.052632
2809,3394,11,0.717949,0.032258,0.052632
2810,2821,6,0.907692,0.076923,0.017241
2810,2839,43,0.717105,0.007299,0.017241
2810,2867,35,0.660194,0.0125,0.017241
2810,2873,21,0.809091,0.013699,0.017241
2810,2874,25,0.6875,0.021277,0.017241
2810,2880,30,0.680851,0.015152,0.017241
2810,2887,22,0.710526,0.025,0.017241
2810,2907,30,0.5,0.03125,0.017241
2810,2910,32,0.706422,0.012048,0.017241
2810,2920,29,0.718447,0.013514,0.017241
2810,2927,35,0.695652,0.01087,0.017241
2810,2928,37,0.654206,0.011628,0.017241
2810,2940,30,0.673913,0.015625,0.017241
2810,2943,37,0.640777,0.012195,0.017241
2810,2944,42,0.655738,0.009434,0.017241
2810,2945,37,0.506667,0.018519,0.017241
2810,2960,32,0.728814,0.01087,0.017241
2810,2974,35,0.573171,0.016949,0.017241
2810,2986,30,0.765625,0.01,0.017241
2810,2988,32,0.640449,0.015873,0.017241
2810,2994,21,0.794118,0.015385,0.017241
2810,3000,46,0.553398,0.010989,0.017241
2810,3023,18,0.76,0.028571,0.017241
2810,3025,22,0.755556,0.018519,0.017241
2810,3056,33,0.679612,0.012821,0.017241
2810,3073,40,0.5,0.016129,0.017241
2810,3084,22,0.803571,0.013158,0.017241
2810,3090,30,0.779412,0.009259,0.017241
2810,3117,15,0.858491,0.015873,0.017241
2810,3123,11,0.8625,0.030303,0.017241
2810,3135,28,0.569231,0.028571,0.017241
2810,3158,35,0.533333,0.019231,0.017241
2810,3163,6,0.92,0.043478,0.017241
2810,3213,19,0.746667,0.027778,0.017241
2810,3220,38,0.486486,0.018519,0.017241
2810,3236,1,0.987179,0.047619,0.017241
2810,3293,30,0.659091,0.016667,0.017241
2810,3362,24,0.779817,0.013333,0.017241
2810,3363,46,0.678322,0.007634,0.017241
2810,3417,45,0.558824,0.011236,0.017241
2810,3433,42,0.481481,0.015385,0.017241
2811,2904,3,0.960526,0.013889,0.142857
2811,3162,2,0.967742,0.017544,0.142857
2811,3272,3,0.9375,0.022727,0.142857
2811,3280,3,0.972973,0.009346,0.142857
2811,3331,2,0.95122,0.027778,0.142857
2812,2818,4,0.891892,0.0625,0.04
2812,2843,6,0.875,0.034483,0.04
2812,2869,1,0.989362,0.014286,0.04
2812,3041,3,0.938776,0.037037,0.04
2812,3087,7,0.898551,0.019608,0.04
2812,3140,4,0.956522,0.014085,0.04
2812,3187,7,0.865385,0.029412,0.04
2812,3249,4,0.885714,0.071429,0.04
2812,3256,7,0.91358,0.015873,0.04
2812,3273,1,0.98,0.038462,0.04
2812,3287,2,0.971831,0.020833,0.04
2812,3291,3,0.978723,0.008403,0.04
2812,3365,7,0.890625,0.021739,0.04
2812,3393,4,0.9,0.052632,0.04
2812,3403,3,0.959459,0.019231,0.04
2812,3421,3,0.928571,0.05,0.04
2813,2818,1,0.97619,0.0625,0.037037
2813,2826,2,0.942857,0.1,0.037037
2813,2848,6,0.857143,0.047619,0.037037
2813,2883,1,0.97561,0.066667,0.037037
2813,2951,7,0.942623,0.009804,0.037037
2813,2971,2,0.931034,0.25,0.037037
2813,2979,5,0.875,0.055556,0.037037
2813,3002,5,0.946809,0.013889,0.037037
2813,3020,5,0.915254,0.027027,0.037037
2813,3136,8,0.901235,0.016129,0.037037
2813,3171,4,0.904762,0.052632,0.037037
2813,3177,2,0.969697,0.02439,0.037037
2813,3178,5,0.893617,0.04,0.037037
2813,3214,9,0.888889,0.015873,0.037037
2813,3365,6,0.910448,0.021739,0.037037
2813,3393,2,0.954545,0.052632,0.037037
2813,3409,5,0.868421,0.0625,0.037037
2815,2827,46,0.465116,0.013333,0.017544
2815,2839,52,0.633803,0.007299,0.017544
2815,2866,43,0.532609,0.012821,0.017544
2815,2872,46,0.471264,0.013158,0.017544
2815,2905,35,0.635417,0.013514,0.017544
2815,2910,37,0.640777,0.012048,0.017544
2815,2911,38,0.568182,0.014493,0.017544
2815,2912,32,0.627907,0.016393,0.017544
2815,2916,52,0.434783,0.011494,0.017544
2815,2917,13,0.790323,0.055556,0.017544
2815,2920,30,0.70297,0.013514,0.017544
2815,2925,42,0.553191,0.012658,0.017544
2815,2943,31,0.712963,0.012195,0.017544
2815,2944,39,0.685484,0.009434,0.017544
2815,2966,49,0.573913,0.009346,0.017544
2815,2969,32,0.666667,0.014085,0.017544
2815,2986,43,0.622807,0.01,0.017544
2815,2987,11,0.849315,0.037037,0.017544
2815,3022,43,0.542553,0.0125,0.017544
2815,3026,28,0.776,0.010417,0.017544
2815,3033,48,0.505155,0.011364,0.017544
2815,3040,32,0.578947,0.019608,0.017544
2815,3056,35,0.65,0.012821,0.017544
2815,3064,41,0.4875,0.015625,0.017544
2815,3065,34,0.552632,0.018868,0.017544
2815,3078,50,0.528302,0.010101,0.017544
2815,3085,28,0.654321,0.019231,0.017544
2815,3090,32,0.759398,0.009259,0.017544
2815,3096,44,0.505618,0.013158,0.017544
2815,3098,40,0.512195,0.015385,0.017544
2815,3108,44,0.421053,0.015873,0.017544
2815,3142,33,0.5875,0.017857,0.017544
2815,3149,33,0.633333,0.015152,0.017544
2815,3195,46,0.445783,0.013889,0.017544
2815,3226,44,0.521739,0.012658,0.017544
2815,3232,47,0.591304,0.009524,0.017544
2815,3250,27,0.578125,0.029412,0.017544
2815,3304,19,0.739726,0.028571,0.017544
2815,3363,48,0.657143,0.007634,0.017544
2815,3387,45,0.587156,0.010309,0.017544
2815,3426,47,0.617886,0.00885,0.017544
2816,2843,9,0.709677,0.034483,0.090909
2816,2865,9,0.780488,0.025641,0.090909
2816,3087,9,0.830189,0.019608,0.090909
2816,3152,1,0.989474,0.011765,0.090909
2816,3187,9,0.75,0.029412,0.090909
2816,3256,9,0.861538,0.015873,0.090909
2816,3264,9,0.727273,0.032258,0.090909
2816,3369,9,0.8,0.023256,0.090909
2817,3055,4,0.428571,0.166667,0.2
2817,3074,4,0.428571,0.166667,0.2
2817,3127,4,0.428571,0.166667,0.2
2818,2882,1,0.96,0.1,0.0625
2818,2946,2,0.972603,0.016949,0.0625
2818,3067,3,0.884615,0.076923,0.0625
2818,3261,3,0.955224,0.018519,0.0625
2818,3276,2,0.941176,0.05,0.0625
2818,3350,3,0.968421,0.012195,0.0625
2818,3353,2,0.973684,0.016129,0.0625
2819,2904,9,0.896552,0.013889,0.041667
2819,2996,9,0.833333,0.025641,0.041667
2819,3017,6,0.931818,0.014286,0.041667
2819,3035,4,0.963636,0.011111,0.041667
2819,3140,6,0.932584,0.014085,0.041667
2819,3148,5,0.897959,0.033333,0.041667
2819,3192,4,0.888889,0.0625,0.041667
2819,3221,3,0.93617,0.038462,0.041667
2819,3272,6,0.903226,0.022727,0.041667
2819,3280,6,0.952,0.009346,0.041667
2819,3289,3,0.925,0.052632,0.041667
2819,3306,5,0.878049,0.045455,0.041667
2819,3307,6,0.837838,0.052632,0.041667
2819,3313,3,0.943396,0.03125,0.041667
2819,3328,3,0.923077,0.055556,0.041667
2819,3341,9,0.804348,0.032258,0.041667
2819,3342,8,0.904762,0.014706,0.041667
2819,3346,5,0.907407,0.028571,0.041667
2819,3385,7,0.9,0.018868,0.041667
2819,3421,3,0.926829,0.05,0.041667
2820,2870,9,0.678571,0.045455,0.066667
2820,2934,10,0.6,0.05,0.066667
2820,2962,6,0.785714,0.052632,0.066667
2820,3001,10,0.75,0.028571,0.066667
2820,3190,2,0.92,0.083333,0.066667
2820,3233,4,0.945946,0.015873,0.066667
2820,3244,9,0.55,0.071429,0.066667
2820,3246,9,0.55,0.071429,0.066667
2820,3275,8,0.777778,0.034483,0.066667
2820,3292,3,0.875,0.083333,0.066667
2820,3295,9,0.826923,0.021739,0.066667
2821,2966,5,0.956522,0.009346,0.076923
2821,3114,5,0.907407,0.021739,0.076923
2821,3119,9,0.876712,0.014493,0.076923
2821,3135,7,0.829268,0.028571,0.076923
2821,3158,9,0.839286,0.019231,0.076923
2821,3166,8,0.813953,0.026316,0.076923
2821,3413,2,0.857143,0.333333,0.076923
2822,2831,1,0.967742,0.055556,0.071429
2822,2941,7,0.611111,0.090909,0.071429
2822,2999,8,0.777778,0.033333,0.071429
2822,3164,3,0.857143,0.1,0.071429
2822,3222,7,0.681818,0.066667,0.071429
2822,3263,10,0.83871,0.017241,0.071429
2822,3278,8,0.68,0.052632,0.071429
2822,3361,9,0.526316,0.071429,0.071429
2823,2828,21,0.778947,0.012821,0.026316
2823,2845,13,0.745098,0.038462,0.026316
2823,2875,24,0.636364,0.019231,0.026316
2823,2894,26,0.643836,0.016393,0.026316
2823,2937,32,0.536232,0.015873,0.026316
2823,2992,15,0.842105,0.013889,0.026316
2823,3011,18,0.709677,0.02381,0.026316
2823,3051,24,0.791304,0.009901,0.026316
2823,3060,26,0.711111,0.012821,0.026316
2823,3076,32,0.652174,0.011628,0.026316
2823,3079,24,0.54717,0.025641,0.026316
2823,3082,19,0.859259,0.008621,0.026316
2823,3118,10,0.861111,0.022727,0.026316
2823,3145,24,0.710843,0.014493,0.026316
2823,3170,13,0.74,0.04,0.026316
2823,3172,31,0.607595,0.013889,0.026316
2823,3179,25,0.691358,0.014706,0.026316
2823,3182,29,0.623377,0.014706,0.026316
2823,3258,23,0.629032,0.021277,0.026316
2823,3261,24,0.647059,0.018519,0.026316
2823,3262,20,0.52381,0.041667,0.026316
2823,3267,10,0.9,0.013889,0.026316
2823,3287,19,0.716418,0.020833,0.026316
2823,3320,33,0.720339,0.00885,0.026316
2823,3332,34,0.484848,0.016129,0.026316
2823,3350,29,0.681319,0.012195,0.026316
2823,3378,20,0.74359,0.016667,0.026316
2823,3396,35,0.556962,0.013158,0.026316
2823,3403,13,0.831169,0.019231,0.026316
2823,3434,21,0.830645,0.009346,0.026316
2824,2962,5,0.75,0.052632,0.166667
2824,3077,5,0.910714,0.018182,0.166667
2824,3091,5,0.285714,0.166667,0.166667
2825,2844,6,0.860465,0.034483,0.05
2825,2868,1,0.975,0.047619,0.05
2825,2921,8,0.846154,0.025,0.05
2825,2942,4,0.846154,0.1,0.05
2825,2951,7,0.93913,0.009804,0.05
2825,2989,7,0.901408,0.017241,0.05
2825,3027,4,0.95122,0.015152,0.05
2825,3075,6,0.837838,0.043478,0.05
2825,3156,5,0.821429,0.076923,0.05
2825,3177,2,0.966102,0.02439,0.05
2825,3198,8,0.918367,0.011628,0.05
2825,3256,7,0.907895,0.015873,0.05
2825,3365,6,0.9,0.021739,0.05
2825,3385,7,0.893939,0.018868,0.05
2825,3431,1,0.97619,0.043478,0.05
2826,2979,3,0.88,0.055556,0.1
2826,3165,3,0.785714,0.142857,0.1
2826,3211,1,0.970588,0.04,0.1
2826,3340,2,0.916667,0.0625,0.1
2826,3361,1,0.956522,0.071429,0.1
2827,2839,62,0.586667,0.007299,0.013333
2827,2852,7,0.911392,0.090909,0.013333
2827,2866,56,0.42268,0.012821,0.013333
2827,2867,42,0.628319,0.0125,0.013333
2827,2872,55,0.427083,0.013158,0.013333
2827,2877,59,0.508333,0.009615,0.013333
2827,2890,35,0.726562,0.011364,0.013333
2827,2897,33,0.65625,0.018519,0.013333
2827,2905,44,0.580952,0.013514,0.013333
2827,2906,54,0.522124,0.01087,0.013333
2827,2910,52,0.509434,0.012048,0.013333
2827,2911,47,0.515464,0.014493,0.013333
2827,2913,50,0.5,0.013333,0.013333
2827,2915,36,0.723077,0.010989,0.013333
2827,2916,59,0.427184,0.011494,0.013333
2827,2917,14,0.822785,0.055556,0.013333
2827,2919,40,0.619048,0.014286,0.013333
2827,2920,41,0.62037,0.013514,0.013333
2827,2925,46,0.574074,0.012658,0.013333
2827,2929,17,0.839623,0.020833,0.013333
2827,2943,42,0.634783,0.012195,0.013333
2827,2944,50,0.618321,0.009434,0.013333
2827,2956,46,0.632,0.010417,0.013333
2827,2966,65,0.444444,0.009346,0.013333
2827,2969,38,0.648148,0.014085,0.013333
2827,2985,46,0.483146,0.016667,0.013333
2827,2986,56,0.529412,0.01,0.013333
2827,2987,14,0.840909,0.037037,0.013333
2827,2993,29,0.715686,0.017857,0.013333
2827,2994,27,0.761062,0.015385,0.013333
2827,3022,53,0.480392,0.0125,0.013333
2827,3026,43,0.664062,0.010417,0.013333
2827,3033,59,0.432692,0.011364,0.013333
2827,3040,39,0.551724,0.019608,0.013333
2827,3054,42,0.637931,0.012048,0.013333
2827,3064,50,0.438202,0.015625,0.013333
2827,3065,38,0.577778,0.018868,0.013333
2827,3078,61,0.460177,0.010101,0.013333
2827,3090,40,0.72028,0.009259,0.013333
2827,3096,53,0.459184,0.013158,0.013333
2827,3098,45,0.526316,0.015385,0.013333
2827,3108,49,0.449438,0.015873,0.013333
2827,3149,49,0.467391,0.015152,0.013333
2827,3163,17,0.790123,0.043478,0.013333
2827,3166,16,0.835052,0.026316,0.013333
2827,3174,46,0.553398,0.013514,0.013333
2827,3195,55,0.402174,0.013889,0.013333
2827,3226,58,0.395833,0.012658,0.013333
2827,3232,61,0.487395,0.009524,0.013333
2827,3284,49,0.489583,0.014286,0.013333
2827,3301,28,0.678161,0.025,0.013333
2827,3348,53,0.5,0.011905,0.013333
2827,3363,59,0.598639,0.007634,0.013333
2827,3387,60,0.464286,0.010309,0.013333
2827,3390,9,0.901099,0.04,0.013333
2827,3417,35,0.728682,0.011236,0.013333
2827,3426,59,0.542636,0.00885,0.013333
2827,3435,19,0.819048,0.020408,0.013333
2828,2833,52,0.518519,0.012195,0.012821
2828,2849,53,0.5,0.012346,0.012821
2828,2869,43,0.590476,0.014286,0.012821
2828,2875,29,0.712871,0.019231,0.012821
2828,2901,34,0.719008,0.012987,0.012821
2828,2936,36,0.647059,0.016667,0.012821
2828,2937,40,0.60396,0.015873,0.012821
2828,2939,51,0.46875,0.014493,0.012821
2828,2970,35,0.597701,0.022727,0.012821
2828,2973,45,0.575472,0.013699,0.012821
2828,2989,28,0.740741,0.017241,0.012821
2828,2991,45,0.521277,0.016393,0.012821
2828,2992,46,0.557692,0.013889,0.012821
2828,3027,17,0.866142,0.015152,0.012821
2828,3035,54,0.526316,0.011111,0.012821
2828,3038,36,0.723077,0.011364,0.012821
2828,3049,51,0.504854,0.013158,0.012821
2828,3051,55,0.556452,0.009901,0.012821
2828,3060,46,0.581818,0.012821,0.012821
2828,3076,40,0.677419,0.011628,0.012821
2828,3082,67,0.472441,0.008621,0.012821
2828,3101,66,0.507463,0.008197,0.012821
2828,3102,38,0.573034,0.020408,0.012821
2828,3106,35,0.666667,0.016129,0.012821
2828,3113,44,0.568627,0.014706,0.012821
2828,3115,40,0.59596,0.016393,0.012821
2828,3116,64,0.452991,0.009709,0.012821
2828,3120,43,0.59434,0.014085,0.012821
2828,3132,56,0.471698,0.011905,0.012821
2828,3146,39,0.61,0.016393,0.012821
2828,3148,14,0.851064,0.033333,0.012821
2828,3152,48,0.582609,0.011765,0.012821
2828,3169,44,0.536842,0.016393,0.012821
2828,3170,22,0.728395,0.04,0.012821
2828,3172,39,0.648649,0.013889,0.012821
2828,3179,40,0.622642,0.014706,0.012821
2828,3185,43,0.626087,0.0125,0.012821
2828,3201,61,0.440367,0.01087,0.012821
2828,3209,6,0.9375,0.041667,0.012821
2828,3247,46,0.530612,0.015152,0.012821
2828,3252,53,0.522523,0.011628,0.012821
2828,3261,29,0.718447,0.018519,0.012821
2828,3265,31,0.673684,0.020833,0.012821
2828,3272,23,0.767677,0.022727,0.012821
2828,3277,45,0.567308,0.014085,0.012821
2828,3280,61,0.508065,0.009346,0.012821
2828,3291,56,0.602837,0.008403,0.012821
2828,3298,26,0.731959,0.022222,0.012821
2828,3320,56,0.585185,0.00885,0.012821
2828,3330,51,0.575,0.010753,0.012821
2828,3332,39,0.613861,0.016129,0.012821
2828,3335,34,0.688073,0.015385,0.012821
2828,3344,43,0.612613,0.013158,0.012821
2828,3347,53,0.475248,0.013158,0.012821
2828,3350,45,0.608696,0.012195,0.012821
2828,3351,52,0.527273,0.011905,0.012821
2828,3377,14,0.852632,0.032258,0.012821
2828,3378,39,0.606061,0.016667,0.012821
2828,3381,42,0.533333,0.018519,0.012821
2828,3391,35,0.635417,0.018868,0.012821
2828,3396,42,0.625,0.013158,0.012821
2828,3397,56,0.591241,0.008696,0.012821
2828,3406,27,0.77686,0.014286,0.012821
2828,3411,28,0.75,0.016129,0.012821
2828,3416,37,0.606383,0.018868,0.012821
2828,3434,65,0.458333,0.009346,0.012821
2829,2951,21,0.807339,0.009804,0.035714
2829,3001,12,0.764706,0.028571,0.035714
2829,3019,24,0.675676,0.014286,0.035714
2829,3062,14,0.695652,0.03125,0.035714
2829,3068,12,0.625,0.0625,0.035714
2829,3069,10,0.705882,0.0625,0.035714
2829,3077,21,0.66129,0.018182,0.035714
2829,3086,21,0.522727,0.027027,0.035714
2829,3154,20,0.79798,0.010989,0.035714
2829,3162,26,0.559322,0.017544,0.035714
2829,3168,21,0.618182,0.020833,0.035714
2829,3176,18,0.513514,0.037037,0.035714
2829,3177,18,0.647059,0.02439,0.035714
2829,3207,22,0.531915,0.02439,0.035714
2829,3233,23,0.661765,0.015873,0.035714
2829,3241,10,0.72973,0.052632,0.035714
2829,3285,17,0.552632,0.037037,0.035714
2829,3295,20,0.62963,0.021739,0.035714
2829,3334,7,0.766667,0.111111,0.035714
2829,3356,16,0.5,0.05,0.035714
2829,3366,25,0.615385,0.016129,0.035714
2829,3412,21,0.596154,0.022222,0.035714
2830,2951,18,0.830189,0.009804,0.045455
2830,2990,8,0.703704,0.076923,0.045455
2830,2992,4,0.955556,0.013889,0.045455
2830,3002,17,0.779221,0.013889,0.045455
2830,3019,15,0.805195,0.014286,0.045455
2830,3154,18,0.810526,0.010989,0.045455
2830,3168,16,0.703704,0.020833,0.045455
2830,3191,16,0.652174,0.025,0.045455
2830,3207,13,0.74,0.02439,0.045455
2830,3233,16,0.768116,0.015873,0.045455
2830,3319,2,0.956522,0.038462,0.045455
2830,3346,13,0.704545,0.028571,0.045455
2830,3366,16,0.764706,0.016129,0.045455
2830,3379,14,0.575758,0.04,0.045455
2830,3412,15,0.711538,0.022222,0.045455
2830,3434,5,0.959677,0.009346,0.045455
2831,2832,10,0.736842,0.033333,0.055556
2831,2863,10,0.910714,0.009615,0.055556
2831,2865,9,0.8125,0.025641,0.055556
2831,2901,8,0.908046,0.012987,0.055556
2831,2996,4,0.924528,0.025641,0.055556
2831,3050,9,0.64,0.0625,0.055556
2831,3124,8,0.8,0.033333,0.055556
2831,3214,11,0.842857,0.015873,0.055556
2831,3256,12,0.826087,0.015873,0.055556
2831,3312,11,0.541667,0.058824,0.055556
2831,3326,3,0.903226,0.0625,0.055556
2831,3365,10,0.814815,0.021739,0.055556
2831,3393,8,0.724138,0.052632,0.055556
2832,2841,6,0.890909,0.032258,0.033333
2832,2863,16,0.864407,0.009615,0.033333
2832,2901,14,0.849462,0.012987,0.033333
2832,2958,5,0.925373,0.02381,0.033333
2832,3015,1,0.974359,0.1,0.033333
2832,3016,9,0.82,0.034483,0.033333
2832,3017,6,0.93617,0.014286,0.033333
2832,3027,6,0.933333,0.015152,0.033333
2832,3050,11,0.685714,0.0625,0.033333
2832,3082,9,0.934307,0.008621,0.033333
2832,3124,7,0.867925,0.033333,0.033333
2832,3171,9,0.775,0.052632,0.033333
2832,3208,6,0.846154,0.066667,0.033333
2832,3214,13,0.8375,0.015873,0.033333
2832,3256,10,0.879518,0.015873,0.033333
2832,3267,8,0.914894,0.013889,0.033333
2832,3275,2,0.964912,0.034483,0.033333
2832,3276,7,0.837209,0.05,0.033333
2832,3277,7,0.925532,0.014085,0.033333
2832,3312,9,0.763158,0.058824,0.033333
2832,3330,10,0.911504,0.010753,0.033333
2832,3335,9,0.895349,0.015385,0.033333
2832,3353,6,0.930233,0.016129,0.033333
2833,2849,57,0.462264,0.012346,0.012195
2833,2863,45,0.680851,0.009615,0.012195
2833,2869,39,0.654867,0.014286,0.012195
2833,2875,29,0.72381,0.019231,0.012195
2833,2894,31,0.723214,0.016393,0.012195
2833,2904,36,0.694915,0.013889,0.012195
2833,2914,17,0.839623,0.02439,0.012195
2833,2936,32,0.709091,0.016667,0.012195
2833,2937,39,0.632075,0.015873,0.012195
2833,2939,42,0.614679,0.014493,0.012195
2833,2973,46,0.577982,0.013699,0.012195
2833,2991,44,0.555556,0.016393,0.012195
2833,2992,38,0.672414,0.013889,0.012195
2833,3011,12,0.892857,0.02381,0.012195
2833,3017,27,0.784,0.014286,0.012195
2833,3021,33,0.666667,0.02,0.012195
2833,3035,54,0.542373,0.011111,0.012195
2833,3038,41,0.682171,0.011364,0.012195
2833,3049,47,0.576577,0.013158,0.012195
2833,3051,51,0.613636,0.009901,0.012195
2833,3060,47,0.584071,0.012821,0.012195
2833,3076,40,0.6875,0.011628,0.012195
2833,3079,20,0.80198,0.025641,0.012195
2833,3082,62,0.544118,0.008621,0.012195
2833,3089,19,0.834783,0.019231,0.012195
2833,3101,66,0.521739,0.008197,0.012195
2833,3102,36,0.621053,0.020408,0.012195
2833,3113,38,0.660714,0.014706,0.012195
2833,3115,39,0.625,0.016393,0.012195
2833,3116,61,0.508065,0.009709,0.012195
2833,3132,62,0.403846,0.011905,0.012195
2833,3146,35,0.675926,0.016393,0.012195
2833,3150,49,0.598361,0.011236,0.012195
2833,3152,51,0.560345,0.011765,0.012195
2833,3154,24,0.838926,0.010989,0.012195
2833,3179,43,0.598131,0.014706,0.012195
2833,3182,38,0.660714,0.014706,0.012195
2833,3185,43,0.638655,0.0125,0.012195
2833,3188,26,0.757009,0.019608,0.012195
2833,3201,58,0.5,0.01087,0.012195
2833,3212,17,0.83,0.028571,0.012195
2833,3224,26,0.765766,0.018182,0.012195
2833,3239,40,0.615385,0.016129,0.012195
2833,3253,14,0.882353,0.019608,0.012195
2833,3258,25,0.759615,0.021277,0.012195
2833,3265,31,0.686869,0.020833,0.012195
2833,3267,42,0.625,0.013889,0.012195
2833,3272,24,0.764706,0.022727,0.012195
2833,3277,44,0.59633,0.014085,0.012195
2833,3280,59,0.546154,0.009346,0.012195
2833,3288,31,0.686869,0.020833,0.012195
2833,3291,55,0.623288,0.008403,0.012195
2833,3297,41,0.605769,0.015873,0.012195
2833,3298,21,0.801887,0.022222,0.012195
2833,3299,23,0.806723,0.016667,0.012195
2833,3319,10,0.897959,0.038462,0.012195
2833,3320,56,0.597122,0.00885,0.012195
2833,3321,30,0.752066,0.014493,0.012195
2833,3330,49,0.611111,0.010753,0.012195
2833,3332,40,0.615385,0.016129,0.012195
2833,3345,26,0.785124,0.015385,0.012195
2833,3347,48,0.563636,0.013158,0.012195
2833,3350,47,0.598291,0.012195,0.012195
2833,3351,52,0.54386,0.011905,0.012195
2833,3355,31,0.704762,0.018519,0.012195
2833,3360,32,0.741935,0.013514,0.012195
2833,3381,40,0.583333,0.018519,0.012195
2833,3396,42,0.637931,0.013158,0.012195
2833,3397,57,0.592857,0.008696,0.012195
2833,3406,29,0.764228,0.014286,0.012195
2833,3411,36,0.666667,0.016129,0.012195
2833,3434,64,0.488,0.009346,0.012195
2834,2972,7,0.631579,0.058824,0.111111
2834,3176,1,0.971429,0.037037,0.111111
2834,3283,7,0.611111,0.0625,0.111111
2834,3318,7,0.681818,0.05,0.111111
2834,3325,7,0.666667,0.052632,0.111111
2834,3423,7,0.611111,0.0625,0.111111
2835,2839,38,0.734266,0.007299,0.022727
2835,2862,29,0.662791,0.014085,0.022727
2835,2864,31,0.647727,0.013333,0.022727
2835,2874,15,0.802632,0.021277,0.022727
2835,2880,19,0.791209,0.015152,0.022727
2835,2906,30,0.716981,0.01087,0.022727
2835,2924,13,0.816901,0.025,0.022727
2835,2940,21,0.758621,0.015625,0.022727
2835,2943,20,0.811321,0.012195,0.022727
2835,2946,19,0.77381,0.016949,0.022727
2835,2956,30,0.727273,0.010417,0.022727
2835,2960,35,0.653465,0.01087,0.022727
2835,2986,29,0.747826,0.01,0.022727
2835,2994,17,0.815217,0.015385,0.022727
2835,3000,29,0.726415,0.010989,0.022727
2835,3033,24,0.777778,0.011364,0.022727
2835,3104,25,0.754902,0.012048,0.022727
2835,3117,16,0.824176,0.015873,0.022727
2835,3119,20,0.784946,0.014493,0.022727
2835,3129,10,0.855072,0.028571,0.022727
2835,3174,31,0.643678,0.013514,0.022727
2835,3195,22,0.765957,0.013889,0.022727
2835,3226,23,0.77,0.012658,0.022727
2835,3243,11,0.816667,0.037037,0.022727
2835,3324,24,0.775701,0.011494,0.022727
2835,3339,21,0.78125,0.013699,0.022727
2835,3348,24,0.769231,0.011905,0.022727
2835,3363,40,0.703704,0.007634,0.022727
2835,3387,29,0.741071,0.010309,0.022727
2835,3399,11,0.842857,0.027027,0.022727
2835,3417,30,0.708738,0.011236,0.022727
2836,2840,2,0.967742,0.030303,0.032258
2836,2841,12,0.76,0.032258,0.032258
2836,2858,7,0.829268,0.058824,0.032258
2836,2893,3,0.916667,0.125,0.032258
2836,2898,7,0.78125,0.125,0.032258
2836,2954,8,0.777778,0.076923,0.032258
2836,3005,5,0.927536,0.023256,0.032258
2836,3019,2,0.979798,0.014286,0.032258
2836,3140,5,0.948454,0.014085,0.032258
2836,3157,5,0.878049,0.066667,0.032258
2836,3190,7,0.805556,0.083333,0.032258
2836,3214,13,0.839506,0.015873,0.032258
2836,3221,10,0.787234,0.038462,0.032258
2836,3248,13,0.734694,0.032258,0.032258
2836,3291,8,0.943662,0.008403,0.032258
2836,3327,19,0.693548,0.02,0.032258
2836,3342,9,0.9,0.014706,0.032258
2836,3383,13,0.628571,0.058824,0.032258
2836,3386,4,0.949367,0.019231,0.032258
2836,3421,4,0.914894,0.05,0.032258
2836,3424,6,0.8125,0.142857,0.032258
2837,3010,11,0.685714,0.03125,0.071429
2837,3025,8,0.866667,0.018519,0.071429
2837,3030,6,0.625,0.125,0.071429
2837,3080,11,0.645161,0.035714,0.071429
2837,3231,11,0.645161,0.035714,0.071429
2837,3257,4,0.923077,0.02381,0.071429
2837,3269,5,0.722222,0.111111,0.071429
2837,3317,6,0.6,0.142857,0.071429
2837,3394,10,0.714286,0.032258,0.071429
2838,3003,3,0.4,0.25,0.25
2839,2852,10,0.927536,0.090909,0.007299
2839,2862,55,0.640523,0.014085,0.007299
2839,2864,70,0.507042,0.013333,0.007299
2839,2866,63,0.585526,0.012821,0.007299
2839,2867,71,0.513699,0.0125,0.007299
2839,2872,66,0.55102,0.013158,0.007299
2839,2877,85,0.455128,0.009615,0.007299
2839,2880,62,0.560284,0.015152,0.007299
2839,2890,58,0.652695,0.011364,0.007299
2839,2896,43,0.701389,0.02,0.007299
2839,2905,59,0.611842,0.013514,0.007299
2839,2906,81,0.452703,0.01087,0.007299
2839,2907,24,0.834483,0.03125,0.007299
2839,2908,26,0.811594,0.037037,0.007299
2839,2909,63,0.582781,0.012987,0.007299
2839,2910,76,0.472222,0.012048,0.007299
2839,2911,63,0.559441,0.014493,0.007299
2839,2912,53,0.634483,0.016393,0.007299
2839,2913,61,0.596026,0.013333,0.007299
2839,2916,77,0.47619,0.011494,0.007299
2839,2919,60,0.591837,0.014286,0.007299
2839,2920,70,0.503546,0.013514,0.007299
2839,2924,29,0.804054,0.025,0.007299
2839,2925,70,0.520548,0.012658,0.007299
2839,2927,81,0.452703,0.01087,0.007299
2839,2928,63,0.60625,0.011628,0.007299
2839,2940,60,0.574468,0.015625,0.007299
2839,2943,75,0.479167,0.012195,0.007299
2839,2944,86,0.452229,0.009434,0.007299
2839,2945,45,0.691781,0.018519,0.007299
2839,2946,36,0.775,0.016949,0.007299
2839,2948,17,0.879433,0.047619,0.007299
2839,2956,72,0.552795,0.010417,0.007299
2839,2960,83,0.431507,0.01087,0.007299
2839,2966,84,0.475,0.009346,0.007299
2839,2967,17,0.880282,0.045455,0.007299
2839,2969,64,0.555556,0.014085,0.007299
2839,2974,56,0.6,0.016949,0.007299
2839,2981,13,0.911565,0.043478,0.007299
2839,2985,53,0.631944,0.016667,0.007299
2839,2986,89,0.398649,0.01,0.007299
2839,3000,72,0.538462,0.010989,0.007299
2839,3004,47,0.671329,0.018868,0.007299
2839,3022,71,0.513699,0.0125,0.007299
2839,3023,33,0.76259,0.028571,0.007299
2839,3025,29,0.820988,0.018519,0.007299
2839,3026,64,0.621302,0.010417,0.007299
2839,3029,35,0.772727,0.019231,0.007299
2839,3033,77,0.47973,0.011364,0.007299
2839,3040,45,0.685315,0.019608,0.007299
2839,3052,36,0.761589,0.02,0.007299
2839,3054,70,0.533333,0.012048,0.007299
2839,3056,73,0.485915,0.012821,0.007299
2839,3064,58,0.594406,0.015625,0.007299
2839,3065,49,0.652482,0.018868,0.007299
2839,3073,47,0.690789,0.016129,0.007299
2839,3078,85,0.437086,0.010101,0.007299
2839,3085,49,0.65,0.019231,0.007299
2839,3096,69,0.520833,0.013158,0.007299
2839,3098,58,0.597222,0.015385,0.007299
2839,3104,48,0.72093,0.012048,0.007299
2839,3108,60,0.571429,0.015873,0.007299
2839,3117,42,0.734177,0.015873,0.007299
2839,3119,44,0.728395,0.014493,0.007299
2839,3135,24,0.837838,0.028571,0.007299
2839,3142,51,0.640845,0.017857,0.007299
2839,3149,55,0.628378,0.015152,0.007299
2839,3158,34,0.780645,0.019231,0.007299
2839,3163,16,0.888889,0.043478,0.007299
2839,3174,65,0.554795,0.013514,0.007299
2839,3184,52,0.643836,0.016393,0.007299
2839,3193,20,0.861111,0.037037,0.007299
2839,3195,61,0.587838,0.013889,0.007299
2839,3202,9,0.935252,0.090909,0.007299
2839,3213,29,0.798611,0.027778,0.007299
2839,3220,50,0.64539,0.018519,0.007299
2839,3226,69,0.530612,0.012658,0.007299
2839,3228,30,0.79021,0.027778,0.007299
2839,3232,87,0.43871,0.009524,0.007299
2839,3234,25,0.827586,0.030303,0.007299
2839,3237,19,0.869863,0.035714,0.007299
2839,3238,28,0.813333,0.02439,0.007299
2839,3250,32,0.769784,0.029412,0.007299
2839,3284,68,0.510791,0.014286,0.007299
2839,3286,19,0.865248,0.043478,0.007299
2839,3293,42,0.729032,0.016667,0.007299
2839,3304,27,0.813793,0.028571,0.007299
2839,3324,70,0.545455,0.011494,0.007299
2839,3339,60,0.6,0.013699,0.007299
2839,3348,73,0.506757,0.011905,0.007299
2839,3362,51,0.68323,0.013333,0.007299
2839,3363,113,0.270968,0.007634,0.007299
2839,3364,31,0.8,0.020408,0.007299
2839,3387,78,0.5,0.010309,0.007299
2839,3414,16,0.884892,0.055556,0.007299
2839,3417,69,0.56051,0.011236,0.007299
2839,3426,88,0.45679,0.00885,0.007299
2839,3433,49,0.679739,0.015385,0.007299
2840,2881,13,0.8,0.022222,0.030303
2840,2904,5,0.95,0.013889,0.030303
2840,2958,5,0.928571,0.02381,0.030303
2840,2973,8,0.918367,0.013699,0.030303
2840,2976,14,0.766667,0.02439,0.030303
2840,2992,12,0.870968,0.013889,0.030303
2840,3002,6,0.939394,0.013889,0.030303
2840,3017,22,0.728395,0.014286,0.030303
2840,3034,6,0.914286,0.023256,0.030303
2840,3039,13,0.690476,0.045455,0.030303
2840,3060,18,0.806452,0.012821,0.030303
2840,3082,16,0.879699,0.008621,0.030303
2840,3111,19,0.712121,0.019231,0.030303
2840,3112,6,0.846154,0.083333,0.030303
2840,3118,13,0.796875,0.022727,0.030303
2840,3145,18,0.785714,0.014493,0.030303
2840,3172,21,0.75,0.013889,0.030303
2840,3185,20,0.784946,0.0125,0.030303
2840,3225,12,0.755102,0.035714,0.030303
2840,3267,9,0.90625,0.013889,0.030303
2840,3281,9,0.75,0.083333,0.030303
2840,3287,20,0.672131,0.020833,0.030303
2840,3320,24,0.803279,0.00885,0.030303
2840,3367,8,0.777778,0.090909,0.030303
2840,3377,18,0.608696,0.032258,0.030303
2840,3378,20,0.726027,0.016667,0.030303
2840,3396,21,0.761364,0.013158,0.030303
2840,3403,16,0.768116,0.019231,0.030303
2841,2858,8,0.8,0.058824,0.032258
2841,2898,7,0.78125,0.125,0.032258
2841,2946,5,0.941176,0.016949,0.032258
2841,2954,8,0.777778,0.076923,0.032258
2841,3016,5,0.909091,0.034483,0.032258
2841,3081,3,0.943396,0.04,0.032258
2841,3089,1,0.987805,0.019231,0.032258
2841,3097,5,0.925373,0.02439,0.032258
2841,3117,6,0.931818,0.015873,0.032258
2841,3171,6,0.863636,0.052632,0.032258
2841,3190,7,0.805556,0.083333,0.032258
2841,3208,7,0.820513,0.066667,0.032258
2841,3214,16,0.794872,0.015873,0.032258
2841,3221,11,0.76087,0.038462,0.032258
2841,3248,15,0.680851,0.032258,0.032258
2841,3255,2,0.967213,0.03125,0.032258
2841,3259,2,0.966667,0.032258,0.032258
2841,3327,14,0.791045,0.02,0.032258
2841,3335,4,0.956522,0.015385,0.032258
2841,3383,10,0.736842,0.058824,0.032258
2841,3389,5,0.848485,0.142857,0.032258
2841,3422,1,0.985714,0.025,0.032258
2841,3424,6,0.8125,0.142857,0.032258
2841,3431,5,0.897959,0.043478,0.032258
2843,2865,20,0.583333,0.025641,0.034483
2843,2918,16,0.515152,0.05,0.034483
2843,2932,19,0.62,0.025,0.034483
2843,2955,21,0.596154,0.022727,0.034483
2843,3032,15,0.583333,0.045455,0.034483
2843,3087,21,0.644068,0.019608,0.034483
2843,3136,17,0.77027,0.016129,0.034483
2843,3154,5,0.956522,0.010989,0.034483
2843,3156,10,0.6875,0.076923,0.034483
2843,3187,23,0.425,0.029412,0.034483
2843,3196,21,0.5625,0.025,0.034483
2843,3198,9,0.915094,0.011628,0.034483
2843,3236,14,0.611111,0.047619,0.034483
2843,3255,18,0.581395,0.03125,0.034483
2843,3256,26,0.606061,0.015873,0.034483
2843,3264,23,0.378378,0.032258,0.034483
2843,3365,16,0.728814,0.021739,0.034483
2843,3369,22,0.56,0.023256,0.034483
2843,3385,22,0.633333,0.018868,0.034483
2843,3402,8,0.777778,0.066667,0.034483
2844,2871,7,0.890625,0.02381,0.034483
2844,2878,3,0.918919,0.090909,0.034483
2844,2881,9,0.861538,0.022222,0.034483
2844,2894,4,0.953488,0.016393,0.034483
2844,2904,7,0.925532,0.013889,0.034483
2844,2951,11,0.908333,0.009804,0.034483
2844,3017,11,0.875,0.014286,0.034483
2844,3027,12,0.855422,0.015152,0.034483
2844,3034,7,0.892308,0.023256,0.034483
2844,3072,6,0.913043,0.021739,0.034483
2844,3075,4,0.916667,0.043478,0.034483
2844,3087,8,0.888889,0.019608,0.034483
2844,3101,8,0.944056,0.008197,0.034483
2844,3140,6,0.93617,0.014085,0.034483
2844,3144,3,0.928571,0.0625,0.034483
2844,3211,4,0.92,0.04,0.034483
2844,3274,8,0.904762,0.015873,0.034483
2844,3365,11,0.828125,0.021739,0.034483
2844,3385,11,0.84507,0.018868,0.034483
2844,3395,9,0.844828,0.026316,0.034483
2845,2892,9,0.804348,0.034483,0.038462
2845,2937,11,0.858974,0.015873,0.038462
2845,2951,11,0.905983,0.009804,0.038462
2845,3002,15,0.819277,0.013889,0.038462
2845,3019,12,0.857143,0.014286,0.038462
2845,3051,18,0.834862,0.009901,0.038462
2845,3060,11,0.88172,0.012821,0.038462
2845,3076,14,0.857143,0.011628,0.038462
2845,3118,12,0.793103,0.022727,0.038462
2845,3172,13,0.847059,0.013889,0.038462
2845,3186,7,0.833333,0.043478,0.038462
2845,3261,9,0.873239,0.018519,0.038462
2845,3263,8,0.894737,0.017241,0.038462
2845,3287,14,0.766667,0.020833,0.038462
2845,3295,9,0.857143,0.021739,0.038462
2845,3298,12,0.79661,0.022222,0.038462
2845,3396,14,0.840909,0.013158,0.038462
2845,3403,12,0.818182,0.019231,0.038462
2846,2914,11,0.807018,0.02439,0.037037
2846,3013,21,0.3,0.041667,0.037037
2846,3038,16,0.838384,0.011364,0.037037
2846,3041,16,0.578947,0.037037,0.037037
2846,3046,19,0.577778,0.027027,0.037037
2846,3058,14,0.5,0.066667,0.037037
2846,3089,20,0.661017,0.019231,0.037037
2846,3109,13,0.59375,0.055556,0.037037
2846,3175,4,0.862069,0.166667,0.037037
2846,3188,22,0.607143,0.019608,0.037037
2846,3209,20,0.354839,0.041667,0.037037
2846,3212,18,0.590909,0.028571,0.037037
2846,3260,13,0.690476,0.035714,0.037037
2846,3299,21,0.681818,0.016667,0.037037
2846,3320,13,0.897638,0.00885,0.037037
2846,3321,14,0.829268,0.014493,0.037037
2846,3345,23,0.666667,0.015385,0.037037
2846,3352,12,0.571429,0.076923,0.037037
2846,3360,25,0.671053,0.013514,0.037037
2846,3397,14,0.890625,0.008696,0.037037
2847,2856,1,0.965517,0.055556,0.083333
2847,2859,3,0.896552,0.05,0.083333
2847,2965,2,0.925926,0.058824,0.083333
2847,3011,2,0.961538,0.02381,0.083333
2847,3144,3,0.88,0.0625,0.083333
2847,3162,4,0.938462,0.017544,0.083333
2847,3173,1,0.965517,0.055556,0.083333
2847,3255,3,0.926829,0.03125,0.083333
2847,3263,3,0.955224,0.017241,0.083333
2847,3307,2,0.931034,0.052632,0.083333
2847,3341,3,0.925,0.032258,0.083333
2848,2876,4,0.870968,0.071429,0.047619
2848,2881,3,0.952381,0.022222,0.047619
2848,2901,4,0.957447,0.012987,0.047619
2848,2996,5,0.909091,0.025641,0.047619
2848,3049,3,0.968085,0.013158,0.047619
2848,3133,2,0.931034,0.1,0.047619
2848,3148,3,0.9375,0.033333,0.047619
2848,3178,3,0.930233,0.04,0.047619
2848,3203,2,0.96,0.032258,0.047619
2848,3214,7,0.909091,0.015873,0.047619
2848,3280,6,0.95082,0.009346,0.047619
2848,3302,3,0.964706,0.014925,0.047619
2848,3306,4,0.897436,0.045455,0.047619
2848,3405,1,0.969697,0.076923,0.047619
2849,2853,49,0.478723,0.016129,0.012346
2849,2863,56,0.565891,0.009615,0.012346
2849,2869,39,0.651786,0.014286,0.012346
2849,2875,21,0.8125,0.019231,0.012346
2849,2894,23,0.806723,0.016393,0.012346
2849,2901,38,0.683333,0.012987,0.012346
2849,2904,35,0.70339,0.013889,0.012346
2849,2939,56,0.404255,0.014493,0.012346
2849,2970,40,0.529412,0.022727,0.012346
2849,2973,47,0.560748,0.013699,0.012346
2849,2991,47,0.505263,0.016393,0.012346
2849,3021,45,0.476744,0.02,0.012346
2849,3027,16,0.877863,0.015152,0.012346
2849,3035,61,0.445455,0.011111,0.012346
2849,3038,40,0.689922,0.011364,0.012346
2849,3046,16,0.843137,0.027027,0.012346
2849,3049,63,0.329787,0.013158,0.012346
2849,3070,46,0.525773,0.016129,0.012346
2849,3076,31,0.772059,0.011628,0.012346
2849,3082,67,0.484615,0.008621,0.012346
2849,3089,23,0.790909,0.019231,0.012346
2849,3101,71,0.462121,0.008197,0.012346
2849,3102,41,0.539326,0.020408,0.012346
2849,3106,37,0.650943,0.016129,0.012346
2849,3115,40,0.607843,0.016393,0.012346
2849,3116,68,0.413793,0.009709,0.012346
2849,3132,64,0.366337,0.011905,0.012346
2849,3146,53,0.404494,0.016393,0.012346
2849,3150,54,0.534483,0.011236,0.012346
2849,3152,51,0.556522,0.011765,0.012346
2849,3169,51,0.43956,0.016393,0.012346
2849,3179,34,0.704348,0.014706,0.012346
2849,3185,39,0.680328,0.0125,0.012346
2849,3201,62,0.441441,0.01087,0.012346
2849,3206,37,0.610526,0.019608,0.012346
2849,3212,19,0.804124,0.028571,0.012346
2849,3239,52,0.428571,0.016129,0.012346
2849,3240,32,0.721739,0.015152,0.012346
2849,3247,54,0.419355,0.015152,0.012346
2849,3252,62,0.409524,0.011628,0.012346
2849,3265,42,0.517241,0.020833,0.012346
2849,3267,48,0.542857,0.013889,0.012346
2849,3277,51,0.49505,0.014085,0.012346
2849,3280,59,0.542636,0.009346,0.012346
2849,3288,25,0.759615,0.020833,0.012346
2849,3291,54,0.630137,0.008403,0.012346
2849,3297,51,0.451613,0.015873,0.012346
2849,3299,24,0.794872,0.016667,0.012346
2849,3316,33,0.62069,0.025641,0.012346
2849,3319,14,0.849462,0.038462,0.012346
2849,3321,30,0.75,0.014493,0.012346
2849,3330,54,0.55,0.010753,0.012346
2849,3332,31,0.723214,0.016129,0.012346
2849,3335,40,0.622642,0.015385,0.012346
2849,3344,50,0.53271,0.013158,0.012346
2849,3345,27,0.773109,0.015385,0.012346
2849,3347,51,0.518868,0.013158,0.012346
2849,3350,36,0.716535,0.012195,0.012346
2849,3351,60,0.428571,0.011905,0.012346
2849,3381,39,0.59375,0.018519,0.012346
2849,3396,29,0.773438,0.013158,0.012346
2849,3397,60,0.558824,0.008696,0.012346
2849,3406,29,0.762295,0.014286,0.012346
2849,3416,46,0.477273,0.018868,0.012346
2849,3419,45,0.545455,0.015873,0.012346
2849,3434,64,0.483871,0.009346,0.012346
2850,2864,21,0.758621,0.013333,0.030303
2850,2867,22,0.758242,0.0125,0.030303
2850,2872,21,0.761364,0.013158,0.030303
2850,2877,25,0.776786,0.009615,0.030303
2850,2880,21,0.730769,0.015152,0.030303
2850,2896,17,0.742424,0.02,0.030303
2850,2897,21,0.681818,0.018519,0.030303
2850,2905,16,0.824176,0.013514,0.030303
2850,2906,25,0.75,0.01087,0.030303
2850,2910,26,0.711111,0.012048,0.030303
2850,2911,20,0.756098,0.014493,0.030303
2850,2915,16,0.851852,0.010989,0.030303
2850,2916,24,0.75,0.011494,0.030303
2850,2920,23,0.72619,0.013514,0.030303
2850,2924,7,0.893939,0.025,0.030303
2850,2925,25,0.712644,0.012658,0.030303
2850,2927,18,0.831776,0.01087,0.030303
2850,2943,25,0.722222,0.012195,0.030303
2850,2966,24,0.793103,0.009346,0.030303
2850,2969,17,0.804598,0.014085,0.030303
2850,2986,28,0.733333,0.01,0.030303
2850,3054,28,0.681818,0.012048,0.030303
2850,3193,2,0.965517,0.037037,0.030303
2850,3195,21,0.75,0.013889,0.030303
2850,3228,17,0.673077,0.027778,0.030303
2850,3293,13,0.8375,0.016667,0.030303
2850,3348,26,0.714286,0.011905,0.030303
2850,3363,29,0.785185,0.007634,0.030303
2850,3426,26,0.783333,0.00885,0.030303
2851,2888,10,0.62963,0.066667,0.045455
2851,2978,13,0.617647,0.04,0.045455
2851,3084,9,0.898876,0.013158,0.045455
2851,3090,15,0.869565,0.009259,0.045455
2851,3095,5,0.84375,0.066667,0.045455
2851,3114,11,0.807018,0.021739,0.045455
2851,3130,8,0.703704,0.076923,0.045455
2851,3137,16,0.709091,0.020408,0.045455
2851,3139,13,0.566667,0.047619,0.045455
2851,3229,9,0.666667,0.071429,0.045455
2851,3231,13,0.648649,0.035714,0.045455
2851,3300,12,0.571429,0.055556,0.045455
2851,3348,3,0.970874,0.011905,0.045455
2851,3392,11,0.607143,0.058824,0.045455
2851,3394,4,0.918367,0.032258,0.045455
2851,3430,9,0.735294,0.047619,0.045455
2852,2916,8,0.911111,0.011494,0.090909
2852,2920,9,0.881579,0.013514,0.090909
2852,2940,7,0.897059,0.015625,0.090909
2852,2943,10,0.879518,0.012195,0.090909
2852,3096,8,0.898734,0.013158,0.090909
2852,3220,6,0.898305,0.018519,0.090909
2852,3226,8,0.902439,0.012658,0.090909
2853,2863,54,0.517857,0.009615,0.016129
2853,2869,40,0.565217,0.014286,0.016129
2853,2894,15,0.861111,0.016393,0.016129
2853,2939,49,0.402439,0.014493,0.016129
2853,2991,44,0.443038,0.016393,0.016129
2853,2992,36,0.632653,0.013889,0.016129
2853,3016,15,0.802632,0.034483,0.016129
2853,3021,36,0.526316,0.02,0.016129
2853,3035,54,0.44898,0.011111,0.016129
2853,3049,51,0.413793,0.013158,0.016129
2853,3070,42,0.487805,0.016129,0.016129
2853,3082,56,0.540984,0.008621,0.016129
2853,3101,57,0.551181,0.008197,0.016129
2853,3102,37,0.5,0.020408,0.016129
2853,3106,29,0.694737,0.016129,0.016129
2853,3113,33,0.659794,0.014706,0.016129
2853,3116,49,0.577586,0.009709,0.016129
2853,3120,46,0.471264,0.014085,0.016129
2853,3132,52,0.446809,0.011905,0.016129
2853,3145,29,0.715686,0.014493,0.016129
2853,3146,42,0.481481,0.016393,0.016129
2853,3150,40,0.63964,0.011236,0.016129
2853,3169,50,0.315068,0.016393,0.016129
2853,3201,53,0.475248,0.01087,0.016129
2853,3206,36,0.532468,0.019608,0.016129
2853,3239,47,0.38961,0.016129,0.016129
2853,3240,26,0.745098,0.015152,0.016129
2853,3247,47,0.419753,0.015152,0.016129
2853,3252,56,0.391304,0.011628,0.016129
2853,3265,35,0.533333,0.020833,0.016129
2853,3267,49,0.423529,0.013889,0.016129
2853,3277,50,0.39759,0.014085,0.016129
2853,3280,48,0.603306,0.009346,0.016129
2853,3297,48,0.376623,0.015873,0.016129
2853,3316,33,0.514706,0.025641,0.016129
2853,3320,36,0.741007,0.00885,0.016129
2853,3330,45,0.590909,0.010753,0.016129
2853,3335,31,0.677083,0.015385,0.016129
2853,3342,13,0.888889,0.014706,0.016129
2853,3344,42,0.5625,0.013158,0.016129
2853,3347,41,0.57732,0.013158,0.016129
2853,3351,50,0.479167,0.011905,0.016129
2853,3381,40,0.473684,0.018519,0.016129
2853,3391,35,0.5625,0.018868,0.016129
2853,3397,49,0.617188,0.008696,0.016129
2853,3415,2,0.977528,0.034483,0.016129
2853,3416,46,0.333333,0.018868,0.016129
2853,3419,44,0.45679,0.015873,0.016129
2854,2864,12,0.878788,0.013333,0.027778
2854,2927,14,0.877193,0.01087,0.027778
2854,2931,8,0.901235,0.018868,0.027778
2854,2944,22,0.816667,0.009434,0.027778
2854,2953,6,0.90625,0.029412,0.027778
2854,2969,12,0.873684,0.014085,0.027778
2854,3010,8,0.866667,0.03125,0.027778
2854,3023,12,0.79661,0.028571,0.027778
2854,3025,12,0.846154,0.018519,0.027778
2854,3080,8,0.857143,0.035714,0.027778
2854,3095,4,0.914894,0.066667,0.027778
2854,3104,16,0.84466,0.012048,0.027778
2854,3184,18,0.772152,0.016393,0.027778
2854,3193,6,0.894737,0.037037,0.027778
2854,3213,13,0.779661,0.027778,0.027778
2854,3228,5,0.925373,0.027778,0.027778
2854,3234,15,0.722222,0.030303,0.027778
2854,3237,10,0.814815,0.035714,0.027778
2854,3286,10,0.795918,0.043478,0.027778
2854,3303,10,0.83871,0.027778,0.027778
2854,3362,14,0.85567,0.013333,0.027778
2854,3363,23,0.840278,0.007634,0.027778
2854,3390,10,0.803922,0.04,0.027778
2854,3394,11,0.803571,0.032258,0.027778
2854,3414,9,0.8,0.055556,0.027778
2854,3426,22,0.826772,0.00885,0.027778
2854,3430,5,0.903846,0.047619,0.027778
2855,2904,3,0.958904,0.013889,0.25
2855,3272,3,0.933333,0.022727,0.25
2855,3280,3,0.972222,0.009346,0.25
2856,2868,7,0.78125,0.047619,0.055556
2856,2979,2,0.941176,0.055556,0.055556
2856,2996,3,0.944444,0.025641,0.055556
2856,3020,2,0.962264,0.027027,0.055556
2856,3099,8,0.6,0.1,0.055556
2856,3115,4,0.946667,0.016393,0.055556
2856,3185,3,0.968421,0.0125,0.055556
2856,3212,2,0.960784,0.028571,0.055556
2856,3242,6,0.777778,0.066667,0.055556
2856,3329,7,0.766667,0.052632,0.055556
2856,3342,6,0.925,0.014706,0.055556
2856,3349,7,0.695652,0.083333,0.055556
2857,3200,1,0.916667,0.090909,0.5
2858,2889,2,0.941176,0.052632,0.058824
2858,2898,5,0.75,0.125,0.058824
2858,2921,2,0.963636,0.025,0.058824
2858,2923,1,0.96875,0.0625,0.058824
2858,3072,4,0.932203,0.021739,0.058824
2858,3075,3,0.918919,0.043478,0.058824
2858,3097,6,0.884615,0.02439,0.058824
2858,3248,8,0.8,0.032258,0.058824
2858,3275,4,0.904762,0.034483,0.058824
2858,3302,3,0.962963,0.014925,0.058824
2858,3327,8,0.864407,0.02,0.058824
2858,3383,6,0.785714,0.058824,0.058824
2858,3404,1,0.970588,0.055556,0.058824
2859,2868,5,0.861111,0.047619,0.05
2859,2984,7,0.810811,0.041667,0.05
2859,3002,9,0.891566,0.013889,0.05
2859,3027,11,0.853333,0.015152,0.05
2859,3075,2,0.95122,0.043478,0.05
2859,3107,8,0.873016,0.019608,0.05
2859,3140,8,0.903614,0.014085,0.05
2859,3263,7,0.901408,0.017241,0.05
2859,3291,13,0.896825,0.008403,0.05
2859,3302,5,0.939024,0.014925,0.05
2859,3341,9,0.785714,0.032258,0.05
2859,3365,3,0.952381,0.021739,0.05
2859,3397,8,0.937008,0.008696,0.05
2860,3019,2,0.971831,0.014286,0.333333
2860,3168,2,0.959184,0.020833,0.333333
2861,3053,8,0.384615,0.1,0.090909
2861,3122,7,0.461538,0.111111,0.090909
2861,3141,9,0.307692,0.090909,0.090909
2861,3200,8,0.428571,0.090909,0.090909
2861,3216,5,0.615385,0.142857,0.090909
2861,3218,7,0.461538,0.111111,0.090909
2861,3271,3,0.769231,0.2,0.090909
2861,3354,7,0.461538,0.111111,0.090909
2862,2864,36,0.672727,0.013333,0.014085
2862,2873,41,0.601942,0.013699,0.014085
2862,2874,31,0.643678,0.021277,0.014085
2862,2887,24,0.724138,0.025,0.014085
2862,2890,47,0.580357,0.011364,0.014085
2862,2906,44,0.630252,0.01087,0.014085
2862,2910,37,0.683761,0.012048,0.014085
2862,2912,25,0.766355,0.016393,0.014085
2862,2913,35,0.684685,0.013333,0.014085
2862,2915,50,0.553571,0.010989,0.014085
2862,2924,26,0.694118,0.025,0.014085
2862,2927,42,0.652893,0.01087,0.014085
2862,2928,49,0.546296,0.011628,0.014085
2862,2929,38,0.530864,0.020833,0.014085
2862,2944,41,0.698529,0.009434,0.014085
2862,2946,21,0.807339,0.016949,0.014085
2862,2956,64,0.378641,0.010417,0.014085
2862,2960,39,0.685484,0.01087,0.014085
2862,2966,45,0.661654,0.009346,0.014085
2862,2969,29,0.743363,0.014085,0.014085
2862,2985,25,0.764151,0.016667,0.014085
2862,2986,40,0.694656,0.01,0.014085
2862,2988,39,0.589474,0.015873,0.014085
2862,2993,32,0.663158,0.017857,0.014085
2862,2994,39,0.597938,0.015385,0.014085
2862,3000,54,0.5,0.010989,0.014085
2862,3014,30,0.642857,0.023256,0.014085
2862,3022,29,0.762295,0.0125,0.014085
2862,3025,30,0.684211,0.018519,0.014085
2862,3026,48,0.596639,0.010417,0.014085
2862,3029,41,0.5,0.019231,0.014085
2862,3054,33,0.727273,0.012048,0.014085
2862,3073,30,0.708738,0.016129,0.014085
2862,3084,43,0.586538,0.013158,0.014085
2862,3090,54,0.568,0.009259,0.014085
2862,3104,49,0.533333,0.012048,0.014085
2862,3119,46,0.510638,0.014493,0.014085
2862,3174,37,0.657407,0.013514,0.014085
2862,3195,27,0.767241,0.013889,0.014085
2862,3220,33,0.641304,0.018519,0.014085
2862,3232,46,0.646154,0.009524,0.014085
2862,3238,27,0.682353,0.02439,0.014085
2862,3286,6,0.931818,0.043478,0.014085
2862,3293,37,0.606383,0.016667,0.014085
2862,3324,38,0.683333,0.011494,0.014085
2862,3362,45,0.554455,0.013333,0.014085
2862,3363,52,0.653333,0.007634,0.014085
2862,3364,35,0.588235,0.020408,0.014085
2862,3384,35,0.588235,0.020408,0.014085
2862,3387,43,0.656,0.010309,0.014085
2862,3417,55,0.47619,0.011236,0.014085
2862,3433,42,0.553191,0.015385,0.014085
2862,3435,31,0.651685,0.020408,0.014085
2863,2869,48,0.619048,0.014286,0.009615
2863,2901,43,0.688406,0.012987,0.009615
2863,2904,30,0.794521,0.013889,0.009615
2863,2939,59,0.482456,0.014493,0.009615
2863,2980,4,0.961905,0.2,0.009615
2863,2991,48,0.589744,0.016393,0.009615
2863,2992,41,0.696296,0.013889,0.009615
2863,3006,1,0.990476,0.5,0.009615
2863,3016,22,0.801802,0.034483,0.009615
2863,3021,42,0.625,0.02,0.009615
2863,3034,10,0.927007,0.023256,0.009615
2863,3035,67,0.472441,0.011111,0.009615
2863,3038,38,0.753247,0.011364,0.009615
2863,3049,61,0.487395,0.013158,0.009615
2863,3050,10,0.909091,0.0625,0.009615
2863,3051,46,0.710692,0.009901,0.009615
2863,3070,47,0.605042,0.016129,0.009615
2863,3082,71,0.52349,0.008621,0.009615
2863,3094,6,0.942857,0.142857,0.009615
2863,3097,12,0.909774,0.02439,0.009615
2863,3101,70,0.551282,0.008197,0.009615
2863,3102,44,0.59633,0.020408,0.009615
2863,3113,40,0.69697,0.014706,0.009615
2863,3115,33,0.75,0.016393,0.009615
2863,3116,62,0.572414,0.009709,0.009615
2863,3120,48,0.622047,0.014085,0.009615
2863,3124,11,0.910569,0.033333,0.009615
2863,3132,61,0.519685,0.011905,0.009615
2863,3145,35,0.746377,0.014493,0.009615
2863,3146,50,0.565217,0.016393,0.009615
2863,3150,53,0.621429,0.011236,0.009615
2863,3151,4,0.964912,0.071429,0.009615
2863,3152,53,0.610294,0.011765,0.009615
2863,3154,25,0.852941,0.010989,0.009615
2863,3169,53,0.526786,0.016393,0.009615
2863,3171,6,0.948718,0.052632,0.009615
2863,3172,27,0.818792,0.013889,0.009615
2863,3185,39,0.731034,0.0125,0.009615
2863,3187,5,0.962406,0.029412,0.009615
2863,3198,33,0.789809,0.011628,0.009615
2863,3201,65,0.503817,0.01087,0.009615
2863,3204,30,0.752066,0.021277,0.009615
2863,3206,39,0.663793,0.019608,0.009615
2863,3214,20,0.863946,0.015873,0.009615
2863,3235,5,0.953271,0.125,0.009615
2863,3239,49,0.581197,0.016129,0.009615
2863,3247,52,0.559322,0.015152,0.009615
2863,3252,60,0.538462,0.011628,0.009615
2863,3256,16,0.89404,0.015873,0.009615
2863,3258,11,0.921429,0.021277,0.009615
2863,3265,41,0.630631,0.020833,0.009615
2863,3267,61,0.469565,0.013889,0.009615
2863,3270,5,0.952381,0.166667,0.009615
2863,3274,17,0.886667,0.015873,0.009615
2863,3277,59,0.491379,0.014085,0.009615
2863,3280,59,0.611842,0.009346,0.009615
2863,3296,23,0.811475,0.02439,0.009615
2863,3297,56,0.495495,0.015873,0.009615
2863,3316,33,0.7,0.025641,0.009615
2863,3320,45,0.738372,0.00885,0.009615
2863,3330,54,0.622378,0.010753,0.009615
2863,3335,40,0.689922,0.015385,0.009615
2863,3344,47,0.646617,0.013158,0.009615
2863,3347,52,0.59375,0.013158,0.009615
2863,3349,1,0.991304,0.083333,0.009615
2863,3351,64,0.483871,0.011905,0.009615
2863,3357,4,0.965217,0.066667,0.009615
2863,3365,13,0.905109,0.021739,0.009615
2863,3380,6,0.94958,0.047619,0.009615
2863,3381,43,0.626087,0.018519,0.009615
2863,3386,14,0.901408,0.019231,0.009615
2863,3391,36,0.702479,0.018868,0.009615
2863,3397,63,0.596154,0.008696,0.009615
2863,3416,45,0.598214,0.018868,0.009615
2863,3419,55,0.508929,0.015873,0.009615
2863,3429,3,0.971698,0.2,0.009615
2863,3434,61,0.593333,0.009346,0.009615
2864,2867,41,0.640351,0.0125,0.013333
2864,2880,42,0.575758,0.015152,0.013333
2864,2896,28,0.71134,0.02,0.013333
2864,2897,35,0.62766,0.018519,0.013333
2864,2906,53,0.535088,0.01087,0.013333
2864,2908,20,0.756098,0.037037,0.013333
2864,2909,40,0.642857,0.012987,0.013333
2864,2910,51,0.523364,0.012048,0.013333
2864,2911,42,0.588235,0.014493,0.013333
2864,2915,35,0.732824,0.010989,0.013333
2864,2919,42,0.592233,0.014286,0.013333
2864,2920,47,0.539216,0.013514,0.013333
2864,2925,46,0.574074,0.012658,0.013333
2864,2940,41,0.581633,0.015625,0.013333
2864,2943,47,0.572727,0.012195,0.013333
2864,2944,54,0.574803,0.009434,0.013333
2864,2946,25,0.770642,0.016949,0.013333
2864,2956,41,0.684615,0.010417,0.013333
2864,2960,60,0.439252,0.01087,0.013333
2864,2966,52,0.6,0.009346,0.013333
2864,2969,45,0.554455,0.014085,0.013333
2864,2985,31,0.701923,0.016667,0.013333
2864,2986,56,0.529412,0.01,0.013333
2864,3004,39,0.561798,0.018868,0.013333
2864,3054,47,0.576577,0.012048,0.013333
2864,3065,32,0.666667,0.018868,0.013333
2864,3073,29,0.731481,0.016129,0.013333
2864,3078,53,0.561983,0.010101,0.013333
2864,3096,39,0.651786,0.013158,0.013333
2864,3098,33,0.691589,0.015385,0.013333
2864,3104,33,0.736,0.012048,0.013333
2864,3108,40,0.591837,0.015873,0.013333
2864,3117,22,0.810345,0.015873,0.013333
2864,3119,27,0.769231,0.014493,0.013333
2864,3135,12,0.877551,0.028571,0.013333
2864,3174,43,0.59434,0.013514,0.013333
2864,3226,42,0.625,0.012658,0.013333
2864,3232,51,0.604651,0.009524,0.013333
2864,3234,11,0.886598,0.030303,0.013333
2864,3250,19,0.788889,0.029412,0.013333
2864,3284,44,0.564356,0.014286,0.013333
2864,3324,40,0.672131,0.011494,0.013333
2864,3348,42,0.641026,0.011905,0.013333
2864,3362,32,0.728814,0.013333,0.013333
2864,3363,69,0.49635,0.007634,0.013333
2864,3387,43,0.666667,0.010309,0.013333
2864,3417,41,0.666667,0.011236,0.013333
2864,3433,28,0.75,0.015385,0.013333
2865,2918,17,0.595238,0.05,0.025641
2865,2932,15,0.765625,0.025,0.025641
2865,2955,17,0.742424,0.022727,0.025641
2865,2979,2,0.963636,0.055556,0.025641
2865,3020,4,0.944444,0.027027,0.025641
2865,3032,16,0.644444,0.045455,0.025641
2865,3050,6,0.877551,0.0625,0.025641
2865,3061,5,0.895833,0.071429,0.025641
2865,3081,9,0.836364,0.04,0.025641
2865,3087,18,0.75,0.019608,0.025641
2865,3124,7,0.887097,0.033333,0.025641
2865,3156,9,0.790698,0.076923,0.025641
2865,3167,11,0.755556,0.058824,0.025641
2865,3187,20,0.622642,0.029412,0.025641
2865,3196,21,0.637931,0.025,0.025641
2865,3236,15,0.666667,0.047619,0.025641
2865,3253,15,0.8,0.019608,0.025641
2865,3256,30,0.583333,0.015873,0.025641
2865,3263,8,0.910112,0.017241,0.025641
2865,3264,21,0.571429,0.032258,0.025641
2865,3312,10,0.782609,0.058824,0.025641
2865,3365,23,0.629032,0.021739,0.025641
2865,3369,20,0.677419,0.023256,0.025641
2865,3385,20,0.722222,0.018868,0.025641
2865,3393,7,0.862745,0.052632,0.025641
2865,3402,7,0.851064,0.066667,0.025641
2866,2867,39,0.672269,0.0125,0.012821
2866,2872,61,0.344086,0.013158,0.012821
2866,2873,31,0.741667,0.013699,0.012821
2866,2877,63,0.470588,0.009615,0.012821
2866,2890,40,0.68254,0.011364,0.012821
2866,2891,10,0.888889,0.045455,0.012821
2866,2897,33,0.666667,0.018519,0.012821
2866,2905,52,0.48,0.013514,0.012821
2866,2906,57,0.495575,0.01087,0.012821
2866,2909,50,0.52381,0.012987,0.012821
2866,2910,49,0.5625,0.012048,0.012821
2866,2911,52,0.452632,0.014493,0.012821
2866,2912,47,0.48913,0.016393,0.012821
2866,2913,54,0.454545,0.013333,0.012821
2866,2915,38,0.709924,0.010989,0.012821
2866,2916,58,0.457944,0.011494,0.012821
2866,2917,12,0.857143,0.055556,0.012821
2866,2919,42,0.603774,0.014286,0.012821
2866,2925,48,0.559633,0.012658,0.012821
2866,2928,36,0.71875,0.011628,0.012821
2866,2940,36,0.660377,0.015625,0.012821
2866,2956,45,0.651163,0.010417,0.012821
2866,2966,66,0.445378,0.009346,0.012821
2866,2985,50,0.431818,0.016667,0.012821
2866,2986,54,0.564516,0.01,0.012821
2866,2993,28,0.735849,0.017857,0.012821
2866,2994,29,0.745614,0.015385,0.012821
2866,3022,54,0.480769,0.0125,0.012821
2866,3026,45,0.651163,0.010417,0.012821
2866,3033,65,0.356436,0.011364,0.012821
2866,3040,43,0.5,0.019608,0.012821
2866,3047,43,0.494118,0.02,0.012821
2866,3056,37,0.689076,0.012821,0.012821
2866,3064,53,0.404494,0.015625,0.012821
2866,3065,34,0.649485,0.018868,0.012821
2866,3078,63,0.447368,0.010101,0.012821
2866,3084,25,0.806202,0.013158,0.012821
2866,3090,45,0.680851,0.009259,0.012821
2866,3096,51,0.504854,0.013158,0.012821
2866,3098,45,0.540816,0.015385,0.012821
2866,3108,47,0.5,0.015873,0.012821
2866,3142,46,0.477273,0.017857,0.012821
2866,3149,47,0.515464,0.015152,0.012821
2866,3174,51,0.49505,0.013514,0.012821
2866,3195,55,0.421053,0.013889,0.012821
2866,3226,59,0.397959,0.012658,0.012821
2866,3232,61,0.5,0.009524,0.012821
2866,3250,28,0.666667,0.029412,0.012821
2866,3284,47,0.534653,0.014286,0.012821
2866,3304,17,0.822917,0.028571,0.012821
2866,3324,37,0.710938,0.011494,0.012821
2866,3339,51,0.49,0.013699,0.012821
2866,3348,52,0.527273,0.011905,0.012821
2866,3363,62,0.578231,0.007634,0.012821
2866,3387,60,0.478261,0.010309,0.012821
2866,3390,12,0.868132,0.04,0.012821
2866,3399,26,0.707865,0.027027,0.012821
2866,3426,62,0.51938,0.00885,0.012821
2866,3430,8,0.912088,0.047619,0.012821
2867,2877,52,0.606061,0.009615,0.0125
2867,2880,49,0.494845,0.015152,0.0125
2867,2897,39,0.589474,0.018519,0.0125
2867,2906,53,0.554622,0.01087,0.0125
2867,2907,20,0.782609,0.03125,0.0125
2867,2909,42,0.634783,0.012987,0.0125
2867,2910,51,0.544643,0.012048,0.0125
2867,2913,37,0.686441,0.013333,0.0125
2867,2915,40,0.694656,0.010989,0.0125
2867,2916,51,0.560345,0.011494,0.0125
2867,2917,10,0.886364,0.055556,0.0125
2867,2919,42,0.611111,0.014286,0.0125
2867,2920,50,0.519231,0.013514,0.0125
2867,2925,48,0.567568,0.012658,0.0125
2867,2927,53,0.554622,0.01087,0.0125
2867,2928,46,0.616667,0.011628,0.0125
2867,2931,23,0.790909,0.018868,0.0125
2867,2940,43,0.574257,0.015625,0.0125
2867,2943,56,0.471698,0.012195,0.0125
2867,2944,60,0.52381,0.009434,0.0125
2867,2945,37,0.618557,0.018519,0.0125
2867,2946,23,0.801724,0.016949,0.0125
2867,2960,53,0.554622,0.01087,0.0125
2867,2974,44,0.536842,0.016949,0.0125
2867,2986,59,0.512397,0.01,0.0125
2867,3000,50,0.586777,0.010989,0.0125
2867,3004,33,0.67,0.018868,0.0125
2867,3022,39,0.677686,0.0125,0.0125
2867,3023,24,0.736264,0.028571,0.0125
2867,3026,38,0.724638,0.010417,0.0125
2867,3054,51,0.544643,0.012048,0.0125
2867,3056,52,0.509434,0.012821,0.0125
2867,3064,38,0.641509,0.015625,0.0125
2867,3073,35,0.672897,0.016129,0.0125
2867,3078,55,0.556452,0.010101,0.0125
2867,3085,29,0.718447,0.019231,0.0125
2867,3098,38,0.64486,0.015385,0.0125
2867,3117,29,0.745614,0.015873,0.0125
2867,3149,31,0.730435,0.015152,0.0125
2867,3158,22,0.8,0.019231,0.0125
2867,3174,41,0.637168,0.013514,0.0125
2867,3184,34,0.682243,0.016393,0.0125
2867,3195,41,0.630631,0.013889,0.0125
2867,3213,24,0.73913,0.027778,0.0125
2867,3232,54,0.587786,0.009524,0.0125
2867,3243,14,0.849462,0.037037,0.0125
2867,3293,25,0.782609,0.016667,0.0125
2867,3301,23,0.762887,0.025,0.0125
2867,3324,36,0.725191,0.011494,0.0125
2867,3363,73,0.471014,0.007634,0.0125
2867,3387,43,0.679104,0.010309,0.0125
2867,3399,23,0.755319,0.027027,0.0125
2867,3417,48,0.603306,0.011236,0.0125
2867,3426,53,0.621429,0.00885,0.0125
2867,3433,35,0.681818,0.015385,0.0125
2868,2936,7,0.905405,0.016667,0.047619
2868,3002,8,0.905882,0.013889,0.047619
2868,3051,7,0.93913,0.009901,0.047619
2868,3077,4,0.944444,0.018182,0.047619
2868,3099,6,0.76,0.1,0.047619
2868,3212,3,0.943396,0.028571,0.047619
2868,3215,4,0.904762,0.04,0.047619
2868,3224,7,0.898551,0.018182,0.047619
2868,3242,5,0.83871,0.066667,0.047619
2868,3329,7,0.787879,0.052632,0.047619
2868,3349,5,0.821429,0.083333,0.047619
2868,3373,4,0.882353,0.058824,0.047619
2869,2881,10,0.904762,0.022222,0.014286
2869,2936,28,0.72549,0.016667,0.014286
2869,2937,31,0.696078,0.015873,0.014286
2869,2939,40,0.59596,0.014493,0.014286
2869,2950,14,0.865385,0.020833,0.014286
2869,2980,4,0.943662,0.2,0.014286
2869,2991,48,0.421687,0.016393,0.014286
2869,2992,40,0.607843,0.013889,0.014286
2869,3016,16,0.807229,0.034483,0.014286
2869,3021,30,0.666667,0.02,0.014286
2869,3035,48,0.571429,0.011111,0.014286
2869,3049,40,0.622642,0.013158,0.014286
2869,3051,46,0.632,0.009901,0.014286
2869,3060,36,0.678571,0.012821,0.014286
2869,3082,55,0.580153,0.008621,0.014286
2869,3101,51,0.638298,0.008197,0.014286
2869,3113,41,0.57732,0.014706,0.014286
2869,3116,47,0.626984,0.009709,0.014286
2869,3132,46,0.574074,0.011905,0.014286
2869,3145,40,0.59596,0.014493,0.014286
2869,3152,40,0.652174,0.011765,0.014286
2869,3169,39,0.576087,0.016393,0.014286
2869,3170,14,0.82716,0.04,0.014286
2869,3172,32,0.709091,0.013889,0.014286
2869,3199,13,0.835443,0.045455,0.014286
2869,3201,48,0.578947,0.01087,0.014286
2869,3204,28,0.685393,0.021277,0.014286
2869,3239,35,0.639175,0.016129,0.014286
2869,3252,43,0.619469,0.011628,0.014286
2869,3267,47,0.505263,0.013889,0.014286
2869,3270,5,0.929577,0.166667,0.014286
2869,3277,42,0.575758,0.014085,0.014286
2869,3280,51,0.595238,0.009346,0.014286
2869,3289,4,0.952941,0.052632,0.014286
2869,3297,40,0.569892,0.015873,0.014286
2869,3302,15,0.877049,0.014925,0.014286
2869,3320,47,0.654412,0.00885,0.014286
2869,3330,42,0.652893,0.010753,0.014286
2869,3335,29,0.726415,0.015385,0.014286
2869,3340,1,0.988235,0.0625,0.014286
2869,3347,46,0.54,0.013158,0.014286
2869,3350,37,0.678261,0.012195,0.014286
2869,3351,45,0.587156,0.011905,0.014286
2869,3378,34,0.645833,0.016667,0.014286
2869,3381,42,0.487805,0.018519,0.014286
2869,3386,13,0.880734,0.019231,0.014286
2869,3396,31,0.730435,0.013158,0.014286
2869,3397,46,0.669065,0.008696,0.014286
2869,3416,32,0.648352,0.018868,0.014286
2869,3419,40,0.569892,0.015873,0.014286
2870,2934,12,0.6,0.05,0.045455
2870,2990,2,0.939394,0.076923,0.045455
2870,3001,9,0.8125,0.028571,0.045455
2870,3002,8,0.906977,0.013889,0.045455
2870,3009,2,0.948718,0.052632,0.045455
2870,3017,1,0.989011,0.014286,0.045455
2870,3077,7,0.9,0.018182,0.045455
2870,3107,6,0.910448,0.019608,0.045455
2870,3154,8,0.92381,0.010989,0.045455
2870,3177,6,0.894737,0.02439,0.045455
2870,3186,9,0.75,0.043478,0.045455
2870,3244,8,0.714286,0.071429,0.045455
2870,3246,11,0.56,0.071429,0.045455
2870,3275,8,0.813953,0.034483,0.045455
2870,3295,12,0.785714,0.021739,0.045455
2870,3347,2,0.979167,0.013158,0.045455
2870,3359,3,0.918919,0.055556,0.045455
2870,3406,3,0.966292,0.014286,0.045455
2871,2875,6,0.931818,0.019231,0.02381
2871,2881,6,0.925926,0.022222,0.02381
2871,2932,20,0.677419,0.025,0.02381
2871,2950,13,0.831169,0.020833,0.02381
2871,2955,14,0.805556,0.022727,0.02381
2871,3002,7,0.934579,0.013889,0.02381
2871,3038,8,0.934426,0.011364,0.02381
2871,3043,6,0.886792,0.058824,0.02381
2871,3062,6,0.911765,0.03125,0.02381
2871,3087,21,0.708333,0.019608,0.02381
2871,3107,13,0.8375,0.019608,0.02381
2871,3111,12,0.853659,0.019231,0.02381
2871,3136,24,0.7,0.016129,0.02381
2871,3189,16,0.644444,0.052632,0.02381
2871,3196,15,0.776119,0.025,0.02381
2871,3198,19,0.825688,0.011628,0.02381
2871,3219,25,0.553571,0.025641,0.02381
2871,3253,13,0.8375,0.019608,0.02381
2871,3256,15,0.833333,0.015873,0.02381
2871,3259,13,0.783333,0.032258,0.02381
2871,3299,8,0.914894,0.016667,0.02381
2871,3313,6,0.911765,0.03125,0.02381
2871,3327,11,0.864198,0.02,0.02381
2871,3330,14,0.884298,0.010753,0.02381
2871,3331,9,0.869565,0.027778,0.02381
2871,3337,14,0.730769,0.041667,0.02381
2871,3344,4,0.964912,0.013158,0.02381
2871,3353,9,0.905263,0.016129,0.02381
2871,3360,9,0.915888,0.013514,0.02381
2871,3365,13,0.826667,0.021739,0.02381
2871,3369,19,0.712121,0.023256,0.02381
2871,3395,27,0.490566,0.026316,0.02381
2871,3415,7,0.890625,0.034483,0.02381
2872,2873,32,0.726496,0.013699,0.013158
2872,2877,63,0.461538,0.009615,0.013158
2872,2880,33,0.697248,0.015152,0.013158
2872,2890,42,0.655738,0.011364,0.013158
2872,2905,52,0.469388,0.013514,0.013158
2872,2906,57,0.486486,0.01087,0.013158
2872,2909,47,0.556604,0.012987,0.013158
2872,2910,50,0.541284,0.012048,0.013158
2872,2911,54,0.406593,0.014493,0.013158
2872,2912,45,0.51087,0.016393,0.013158
2872,2913,51,0.49,0.013333,0.013158
2872,2916,57,0.462264,0.011494,0.013158
2872,2919,42,0.596154,0.014286,0.013158
2872,2920,38,0.660714,0.013514,0.013158
2872,2925,46,0.577982,0.012658,0.013158
2872,2944,46,0.661765,0.009434,0.013158
2872,2956,46,0.634921,0.010417,0.013158
2872,2966,67,0.422414,0.009346,0.013158
2872,2985,46,0.488889,0.016667,0.013158
2872,2986,56,0.533333,0.01,0.013158
2872,2993,28,0.730769,0.017857,0.013158
2872,3022,60,0.375,0.0125,0.013158
2872,3026,46,0.634921,0.010417,0.013158
2872,3033,62,0.392157,0.011364,0.013158
2872,3040,42,0.505882,0.019608,0.013158
2872,3047,41,0.517647,0.02,0.013158
2872,3052,24,0.764706,0.02,0.013158
2872,3054,43,0.62931,0.012048,0.013158
2872,3056,37,0.683761,0.012821,0.013158
2872,3064,52,0.409091,0.015625,0.013158
2872,3065,36,0.612903,0.018868,0.013158
2872,3078,64,0.423423,0.010101,0.013158
2872,3084,26,0.793651,0.013158,0.013158
2872,3090,47,0.656934,0.009259,0.013158
2872,3096,51,0.49505,0.013158,0.013158
2872,3098,49,0.467391,0.015385,0.013158
2872,3108,48,0.472527,0.015873,0.013158
2872,3142,45,0.482759,0.017857,0.013158
2872,3149,48,0.489362,0.015152,0.013158
2872,3166,16,0.836735,0.026316,0.013158
2872,3195,52,0.458333,0.013889,0.013158
2872,3226,60,0.368421,0.012658,0.013158
2872,3232,64,0.452991,0.009524,0.013158
2872,3238,17,0.83,0.02439,0.013158
2872,3250,30,0.625,0.029412,0.013158
2872,3284,51,0.463158,0.014286,0.013158
2872,3293,18,0.847458,0.016667,0.013158
2872,3294,5,0.946809,0.043478,0.013158
2872,3339,54,0.431579,0.013699,0.013158
2872,3348,60,0.4,0.011905,0.013158
2872,3362,31,0.741667,0.013333,0.013158
2872,3363,62,0.572414,0.007634,0.013158
2872,3387,60,0.469027,0.010309,0.013158
2872,3426,64,0.488,0.00885,0.013158
2872,3430,8,0.910112,0.047619,0.013158
2873,2874,28,0.695652,0.021277,0.013699
2873,2877,41,0.698529,0.009615,0.013699
2873,2890,58,0.436893,0.011364,0.013699
2873,2905,37,0.663636,0.013514,0.013699
2873,2911,25,0.786325,0.014493,0.013699
2873,2913,35,0.690265,0.013333,0.013699
2873,2915,52,0.535714,0.010989,0.013699
2873,2928,39,0.675,0.011628,0.013699
2873,2929,34,0.609195,0.020833,0.013699
2873,2931,28,0.714286,0.018868,0.013699
2873,2953,26,0.679012,0.029412,0.013699
2873,2956,55,0.517544,0.010417,0.013699
2873,2966,48,0.636364,0.009346,0.013699
2873,2977,29,0.623377,0.030303,0.013699
2873,2988,37,0.626263,0.015873,0.013699
2873,2993,45,0.464286,0.017857,0.013699
2873,2994,46,0.5,0.015385,0.013699
2873,3000,46,0.610169,0.010989,0.013699
2873,3014,30,0.651163,0.023256,0.013699
2873,3022,32,0.735537,0.0125,0.013699
2873,3026,59,0.463636,0.010417,0.013699
2873,3029,34,0.626374,0.019231,0.013699
2873,3033,33,0.742188,0.011364,0.013699
2873,3047,30,0.677419,0.02,0.013699
2873,3052,23,0.77,0.02,0.013699
2873,3054,27,0.790698,0.012048,0.013699
2873,3078,44,0.65625,0.010101,0.013699
2873,3084,54,0.431579,0.013158,0.013699
2873,3090,58,0.528455,0.009259,0.013699
2873,3104,47,0.568807,0.012048,0.013699
2873,3114,24,0.747368,0.021739,0.013699
2873,3119,45,0.536082,0.014493,0.013699
2873,3123,22,0.738095,0.030303,0.013699
2873,3129,12,0.875,0.028571,0.013699
2873,3137,25,0.742268,0.020408,0.013699
2873,3149,32,0.700935,0.015152,0.013699
2873,3158,28,0.71134,0.019231,0.013699
2873,3166,26,0.694118,0.026316,0.013699
2873,3174,31,0.732759,0.013514,0.013699
2873,3226,31,0.743802,0.012658,0.013699
2873,3232,47,0.641221,0.009524,0.013699
2873,3238,33,0.592593,0.02439,0.013699
2873,3257,32,0.614458,0.02381,0.013699
2873,3293,36,0.628866,0.016667,0.013699
2873,3301,11,0.892157,0.025,0.013699
2873,3339,38,0.648148,0.013699,0.013699
2873,3348,36,0.702479,0.011905,0.013699
2873,3362,43,0.590476,0.013333,0.013699
2873,3364,36,0.581395,0.020408,0.013699
2873,3384,38,0.547619,0.020408,0.013699
2873,3387,47,0.617886,0.010309,0.013699
2873,3417,44,0.627119,0.011236,0.013699
2873,3433,33,0.685714,0.015385,0.013699
2873,3435,40,0.512195,0.020408,0.013699
2874,2887,22,0.661538,0.025,0.021277
2874,2907,19,0.683333,0.03125,0.021277
2874,2915,29,0.733945,0.010989,0.021277
2874,2924,17,0.757143,0.025,0.021277
2874,2928,31,0.696078,0.011628,0.021277
2874,2940,16,0.831579,0.015625,0.021277
2874,2945,21,0.7375,0.018519,0.021277
2874,2966,24,0.815385,0.009346,0.021277
2874,2977,19,0.688525,0.030303,0.021277
2874,2988,32,0.589744,0.015873,0.021277
2874,2994,27,0.682353,0.015385,0.021277
2874,3000,39,0.606061,0.010989,0.021277
2874,3025,24,0.688312,0.018519,0.021277
2874,3073,25,0.702381,0.016129,0.021277
2874,3084,33,0.633333,0.013158,0.021277
2874,3104,27,0.737864,0.012048,0.021277
2874,3119,29,0.666667,0.014493,0.021277
2874,3135,19,0.698413,0.028571,0.021277
2874,3158,27,0.625,0.019231,0.021277
2874,3232,22,0.830769,0.009524,0.021277
2874,3238,19,0.724638,0.02439,0.021277
2874,3243,19,0.654545,0.037037,0.021277
2874,3284,9,0.916667,0.014286,0.021277
2874,3293,33,0.554054,0.016667,0.021277
2874,3363,32,0.780822,0.007634,0.021277
2874,3384,20,0.736842,0.020408,0.021277
2874,3387,22,0.819672,0.010309,0.021277
2874,3400,15,0.776119,0.028571,0.021277
2874,3417,35,0.653465,0.011236,0.021277
2874,3433,30,0.634146,0.015385,0.021277
2874,3435,23,0.684932,0.020408,0.021277
2875,2894,34,0.56962,0.016393,0.019231
2875,2904,12,0.892857,0.013889,0.019231
2875,2937,29,0.662791,0.015873,0.019231
2875,2958,16,0.794872,0.02381,0.019231
2875,2976,19,0.743243,0.02439,0.019231
2875,3005,13,0.841463,0.023256,0.019231
2875,3043,5,0.921875,0.058824,0.019231
2875,3060,34,0.645833,0.012821,0.019231
2875,3076,39,0.606061,0.011628,0.019231
2875,3079,24,0.641791,0.025641,0.019231
2875,3101,28,0.808219,0.008197,0.019231
2875,3111,20,0.761905,0.019231,0.019231
2875,3115,25,0.715909,0.016393,0.019231
2875,3116,33,0.729508,0.009709,0.019231
2875,3150,26,0.773913,0.011236,0.019231
2875,3170,13,0.796875,0.04,0.019231
2875,3172,32,0.652174,0.013889,0.019231
2875,3179,33,0.62069,0.014706,0.019231
2875,3182,34,0.604651,0.014706,0.019231
2875,3185,33,0.666667,0.0125,0.019231
2875,3248,5,0.935897,0.032258,0.019231
2875,3258,25,0.662162,0.021277,0.019231
2875,3261,26,0.675,0.018519,0.019231
2875,3272,18,0.769231,0.022727,0.019231
2875,3280,36,0.707317,0.009346,0.019231
2875,3287,16,0.809524,0.020833,0.019231
2875,3302,10,0.908257,0.014925,0.019231
2875,3313,8,0.894737,0.03125,0.019231
2875,3320,37,0.710938,0.00885,0.019231
2875,3327,8,0.914894,0.02,0.019231
2875,3332,34,0.575,0.016129,0.019231
2875,3335,16,0.841584,0.015385,0.019231
2875,3350,42,0.543478,0.012195,0.019231
2875,3360,21,0.8,0.013514,0.019231
2875,3386,12,0.869565,0.019231,0.019231
2875,3396,37,0.593407,0.013158,0.019231
2875,3411,25,0.719101,0.016129,0.019231
2876,2904,10,0.868421,0.013889,0.071429
2876,3116,10,0.906542,0.009709,0.071429
2876,3144,3,0.888889,0.0625,0.071429
2876,3152,6,0.935484,0.011765,0.071429
2876,3188,7,0.87931,0.019608,0.071429
2876,3214,5,0.930556,0.015873,0.071429
2876,3272,6,0.884615,0.022727,0.071429
2876,3280,9,0.919643,0.009346,0.071429
2876,3306,8,0.714286,0.045455,0.071429
2876,3331,2,0.958333,0.027778,0.071429
2877,2880,47,0.617886,0.015152,0.009615
2877,2887,19,0.848,0.025,0.009615
2877,2890,55,0.59854,0.011364,0.009615
2877,2891,18,0.833333,0.045455,0.009615
2877,2896,28,0.777778,0.02,0.009615
2877,2897,45,0.60177,0.018519,0.009615
2877,2905,57,0.528926,0.013514,0.009615
2877,2906,71,0.432,0.01087,0.009615
2877,2908,20,0.81982,0.037037,0.009615
2877,2909,66,0.426087,0.012987,0.009615
2877,2910,60,0.527559,0.012048,0.009615
2877,2911,60,0.469027,0.014493,0.009615
2877,2912,52,0.539823,0.016393,0.009615
2877,2913,62,0.470085,0.013333,0.009615
2877,2915,57,0.586957,0.010989,0.009615
2877,2916,64,0.496063,0.011494,0.009615
2877,2919,52,0.57377,0.014286,0.009615
2877,2920,50,0.609375,0.013514,0.009615
2877,2925,57,0.547619,0.012658,0.009615
2877,2929,24,0.8125,0.020833,0.009615
2877,2940,44,0.645161,0.015625,0.009615
2877,2943,48,0.652174,0.012195,0.009615
2877,2944,64,0.561644,0.009434,0.009615
2877,2953,20,0.830508,0.029412,0.009615
2877,2956,59,0.58156,0.010417,0.009615
2877,2960,63,0.526316,0.01087,0.009615
2877,2966,75,0.448529,0.009346,0.009615
2877,2967,14,0.875,0.045455,0.009615
2877,2969,48,0.622047,0.014085,0.009615
2877,2974,40,0.674797,0.016949,0.009615
2877,2985,50,0.561404,0.016667,0.009615
2877,2986,69,0.488889,0.01,0.009615
2877,2994,35,0.738806,0.015385,0.009615
2877,3000,50,0.655172,0.010989,0.009615
2877,3004,44,0.610619,0.018868,0.009615
2877,3022,65,0.453782,0.0125,0.009615
2877,3026,56,0.611111,0.010417,0.009615
2877,3029,25,0.80916,0.019231,0.009615
2877,3033,66,0.47619,0.011364,0.009615
2877,3040,45,0.590909,0.019608,0.009615
2877,3042,12,0.892857,0.05,0.009615
2877,3047,44,0.6,0.02,0.009615
2877,3052,35,0.705882,0.02,0.009615
2877,3054,58,0.550388,0.012048,0.009615
2877,3064,56,0.5,0.015625,0.009615
2877,3073,32,0.761194,0.016129,0.009615
2877,3078,74,0.426357,0.010101,0.009615
2877,3090,58,0.623377,0.009259,0.009615
2877,3095,6,0.946903,0.066667,0.009615
2877,3096,59,0.512397,0.013158,0.009615
2877,3098,50,0.579832,0.015385,0.009615
2877,3104,44,0.692308,0.012048,0.009615
2877,3114,23,0.818898,0.021739,0.009615
2877,3117,31,0.772059,0.015873,0.009615
2877,3137,20,0.849624,0.020408,0.009615
2877,3142,48,0.571429,0.017857,0.009615
2877,3149,53,0.547009,0.015152,0.009615
2877,3174,60,0.491525,0.013514,0.009615
2877,3184,36,0.72093,0.016393,0.009615
2877,3195,55,0.545455,0.013889,0.009615
2877,3202,9,0.915094,0.090909,0.009615
2877,3226,63,0.475,0.012658,0.009615
2877,3232,74,0.451852,0.009524,0.009615
2877,3237,16,0.862069,0.035714,0.009615
2877,3238,19,0.849206,0.02439,0.009615
2877,3250,29,0.733945,0.029412,0.009615
2877,3284,59,0.486957,0.014286,0.009615
2877,3303,22,0.813559,0.027778,0.009615
2877,3324,54,0.605839,0.011494,0.009615
2877,3339,57,0.525,0.013699,0.009615
2877,3348,66,0.459016,0.011905,0.009615
2877,3362,44,0.674074,0.013333,0.009615
2877,3363,82,0.464052,0.007634,0.009615
2877,3387,64,0.532847,0.010309,0.009615
2877,3399,29,0.741071,0.027027,0.009615
2877,3426,80,0.416058,0.00885,0.009615
2878,2904,6,0.922078,0.013889,0.090909
2878,3020,1,0.978723,0.027027,0.090909
2878,3049,2,0.976471,0.013158,0.090909
2878,3144,5,0.772727,0.0625,0.090909
2878,3214,5,0.927536,0.015873,0.090909
2878,3249,3,0.863636,0.071429,0.090909
2878,3253,3,0.949153,0.019608,0.090909
2878,3346,3,0.930233,0.028571,0.090909
2879,2889,14,0.333333,0.052632,0.0625
2879,2959,14,0.263158,0.058824,0.0625
2879,2972,14,0.263158,0.058824,0.0625
2879,2982,13,0.277778,0.066667,0.0625
2879,3008,14,0.222222,0.0625,0.0625
2879,3283,13,0.315789,0.0625,0.0625
2879,3309,15,0.210526,0.055556,0.0625
2879,3311,9,0.5,0.090909,0.0625
2879,3314,14,0.222222,0.0625,0.0625
2879,3318,15,0.285714,0.05,0.0625
2879,3325,15,0.25,0.052632,0.0625
2879,3382,15,0.166667,0.058824,0.0625
2879,3423,14,0.222222,0.0625,0.0625
2880,2897,34,0.604651,0.018519,0.015152
2880,2905,31,0.715596,0.013514,0.015152
2880,2906,47,0.576577,0.01087,0.015152
2880,2908,18,0.76,0.037037,0.015152
2880,2909,38,0.638095,0.012987,0.015152
2880,2910,48,0.524752,0.012048,0.015152
2880,2915,32,0.744,0.010989,0.015152
2880,2919,37,0.626263,0.014286,0.015152
2880,2920,46,0.510638,0.013514,0.015152
2880,2925,38,0.64486,0.012658,0.015152
2880,2927,50,0.537037,0.01087,0.015152
2880,2928,37,0.678261,0.011628,0.015152
2880,2943,50,0.489796,0.012195,0.015152
2880,2944,50,0.590164,0.009434,0.015152
2880,2945,26,0.723404,0.018519,0.015152
2880,2946,22,0.786408,0.016949,0.015152
2880,2960,48,0.563636,0.01087,0.015152
2880,2966,43,0.669231,0.009346,0.015152
2880,2967,13,0.826667,0.045455,0.015152
2880,2974,36,0.595506,0.016949,0.015152
2880,2986,54,0.517857,0.01,0.015152
2880,3000,45,0.598214,0.010989,0.015152
2880,3004,34,0.6,0.018868,0.015152
2880,3022,35,0.684685,0.0125,0.015152
2880,3023,24,0.688312,0.028571,0.015152
2880,3054,42,0.607477,0.012048,0.015152
2880,3056,45,0.545455,0.012821,0.015152
2880,3064,31,0.686869,0.015625,0.015152
2880,3065,29,0.677778,0.018868,0.015152
2880,3073,31,0.680412,0.016129,0.015152
2880,3078,45,0.625,0.010101,0.015152
2880,3085,26,0.717391,0.019231,0.015152
2880,3098,29,0.715686,0.015385,0.015152
2880,3117,29,0.71,0.015873,0.015152
2880,3174,37,0.640777,0.013514,0.015152
2880,3184,29,0.704082,0.016393,0.015152
2880,3213,23,0.708861,0.027778,0.015152
2880,3220,28,0.695652,0.018519,0.015152
2880,3232,45,0.642857,0.009524,0.015152
2880,3284,38,0.612245,0.014286,0.015152
2880,3286,9,0.8875,0.043478,0.015152
2880,3339,30,0.724771,0.013699,0.015152
2880,3348,38,0.660714,0.011905,0.015152
2880,3362,27,0.763158,0.013333,0.015152
2880,3363,63,0.529851,0.007634,0.015152
2880,3417,40,0.652174,0.011236,0.015152
2881,2894,17,0.808989,0.016393,0.022222
2881,3007,2,0.970149,0.041667,0.022222
2881,3015,2,0.962264,0.1,0.022222
2881,3017,19,0.802083,0.014286,0.022222
2881,3019,11,0.894231,0.014286,0.022222
2881,3024,5,0.907407,0.071429,0.022222
2881,3039,17,0.66,0.045455,0.022222
2881,3076,22,0.798165,0.011628,0.022222
2881,3111,21,0.723684,0.019231,0.022222
2881,3112,8,0.836735,0.083333,0.022222
2881,3113,14,0.858586,0.014706,0.022222
2881,3124,5,0.928571,0.033333,0.022222
2881,3133,7,0.854167,0.1,0.022222
2881,3145,22,0.76087,0.014493,0.022222
2881,3172,22,0.768421,0.013889,0.022222
2881,3185,22,0.786408,0.0125,0.022222
2881,3188,3,0.967742,0.019608,0.022222
2881,3199,10,0.824561,0.045455,0.022222
2881,3233,8,0.92,0.015873,0.022222
2881,3261,20,0.746835,0.018519,0.022222
2881,3273,6,0.907692,0.038462,0.022222
2881,3274,19,0.786517,0.015873,0.022222
2881,3287,18,0.76,0.020833,0.022222
2881,3320,24,0.820896,0.00885,0.022222
2881,3365,7,0.916667,0.021739,0.022222
2881,3366,10,0.896907,0.016129,0.022222
2881,3377,20,0.642857,0.032258,0.022222
2881,3378,19,0.77907,0.016667,0.022222
2881,3395,6,0.922078,0.026316,0.022222
2881,3422,17,0.75,0.025,0.022222
2882,2958,2,0.96,0.02381,0.1
2882,2968,1,0.954545,0.076923,0.1
2882,3027,2,0.972973,0.015152,0.1
2882,3057,1,0.961538,0.058824,0.1
2882,3124,3,0.918919,0.033333,0.1
2882,3347,2,0.97619,0.013158,0.1
2883,3043,2,0.933333,0.058824,0.066667
2883,3101,4,0.969925,0.008197,0.066667
2883,3150,3,0.970297,0.011236,0.066667
2883,3223,2,0.944444,0.043478,0.066667
2883,3258,3,0.949153,0.021277,0.066667
2883,3278,6,0.785714,0.052632,0.066667
2883,3385,4,0.9375,0.018868,0.066667
2884,2909,3,0.9625,0.012987,0.166667
2884,3044,1,0.909091,0.166667,0.166667
2884,3227,1,0.9,0.2,0.166667
2884,3390,2,0.931034,0.04,0.166667
2885,3290,3,0.5,0.2,0.25
2886,2949,9,0.571429,0.05,0.1
2886,2999,6,0.823529,0.033333,0.1
2886,3066,8,0.5,0.071429,0.1
2886,3083,7,0.461538,0.1,0.1
2886,3126,7,0.363636,0.125,0.1
2886,3128,8,0.333333,0.1,0.1
2886,3310,3,0.75,0.2,0.1
2886,3322,7,0.363636,0.125,0.1
2886,3336,6,0.454545,0.142857,0.1
2887,2897,10,0.880952,0.018519,0.025
2887,2906,19,0.831858,0.01087,0.025
2887,2907,17,0.690909,0.03125,0.025
2887,2915,25,0.764151,0.010989,0.025
2887,2944,23,0.813008,0.009434,0.025
2887,2956,24,0.785714,0.010417,0.025
2887,2988,23,0.7125,0.015873,0.025
2887,2994,25,0.6875,0.015385,0.025
2887,3000,32,0.676768,0.010989,0.025
2887,3004,11,0.865854,0.018868,0.025
2887,3025,27,0.597015,0.018519,0.025
2887,3029,21,0.704225,0.019231,0.025
2887,3036,13,0.8,0.026316,0.025
2887,3052,5,0.941176,0.02,0.025
2887,3073,27,0.64,0.016129,0.025
2887,3084,26,0.711111,0.013158,0.025
2887,3090,27,0.77686,0.009259,0.025
2887,3114,16,0.771429,0.021739,0.025
2887,3119,25,0.702381,0.014493,0.025
2887,3135,20,0.636364,0.028571,0.025
2887,3158,22,0.685714,0.019231,0.025
2887,3220,21,0.712329,0.018519,0.025
2887,3293,25,0.666667,0.016667,0.025
2887,3362,26,0.707865,0.013333,0.025
2887,3363,30,0.787234,0.007634,0.025
2887,3399,5,0.930556,0.027027,0.025
2887,3400,15,0.75,0.028571,0.025
2888,2978,11,0.62069,0.04,0.066667
2888,3010,6,0.853659,0.03125,0.066667
2888,3090,10,0.911504,0.009259,0.066667
2888,3114,7,0.87037,0.021739,0.066667
2888,3130,7,0.666667,0.076923,0.066667
2888,3137,9,0.836364,0.020408,0.066667
2888,3231,11,0.65625,0.035714,0.066667
2888,3300,7,0.730769,0.055556,0.066667
2889,2959,14,0.363636,0.058824,0.052632
2889,2972,13,0.434783,0.058824,0.052632
2889,2982,12,0.454545,0.066667,0.052632
2889,3008,13,0.409091,0.0625,0.052632
2889,3155,1,0.966667,0.083333,0.052632
2889,3275,3,0.933333,0.034483,0.052632
2889,3309,14,0.391304,0.055556,0.052632
2889,3311,9,0.571429,0.090909,0.052632
2889,3314,14,0.333333,0.0625,0.052632
2889,3318,16,0.304348,0.05,0.052632
2889,3325,14,0.416667,0.052632,0.052632
2889,3382,14,0.363636,0.058824,0.052632
2889,3423,13,0.409091,0.0625,0.052632
2890,2905,46,0.603448,0.013514,0.011364
2890,2906,49,0.625954,0.01087,0.011364
2890,2909,41,0.669355,0.012987,0.011364
2890,2910,42,0.674419,0.012048,0.011364
2890,2912,40,0.633028,0.016393,0.011364
2890,2913,46,0.606838,0.013333,0.011364
2890,2915,62,0.470085,0.010989,0.011364
2890,2919,39,0.672269,0.014286,0.011364
2890,2920,29,0.781955,0.013514,0.011364
2890,2927,46,0.656716,0.01087,0.011364
2890,2928,46,0.640625,0.011628,0.011364
2890,2929,37,0.626263,0.020833,0.011364
2890,2931,30,0.72973,0.018868,0.011364
2890,2953,29,0.688172,0.029412,0.011364
2890,2956,62,0.491803,0.010417,0.011364
2890,2977,26,0.726316,0.030303,0.011364
2890,2985,35,0.690265,0.016667,0.011364
2890,2988,43,0.601852,0.015873,0.011364
2890,2993,46,0.530612,0.017857,0.011364
2890,2994,46,0.570093,0.015385,0.011364
2890,3000,49,0.623077,0.010989,0.011364
2890,3004,26,0.773913,0.018868,0.011364
2890,3014,33,0.663265,0.023256,0.011364
2890,3025,29,0.743363,0.018519,0.011364
2890,3026,65,0.453782,0.010417,0.011364
2890,3029,36,0.653846,0.019231,0.011364
2890,3033,42,0.686567,0.011364,0.011364
2890,3042,12,0.875,0.05,0.011364
2890,3047,33,0.685714,0.02,0.011364
2890,3052,30,0.722222,0.02,0.011364
2890,3073,31,0.739496,0.016129,0.011364
2890,3078,53,0.604478,0.010101,0.011364
2890,3084,53,0.522523,0.013158,0.011364
2890,3090,67,0.48062,0.009259,0.011364
2890,3104,57,0.5,0.012048,0.011364
2890,3114,31,0.699029,0.021739,0.011364
2890,3119,48,0.559633,0.014493,0.011364
2890,3123,21,0.79,0.030303,0.011364
2890,3137,32,0.695238,0.020408,0.011364
2890,3142,29,0.747826,0.017857,0.011364
2890,3149,32,0.737705,0.015152,0.011364
2890,3158,28,0.75,0.019231,0.011364
2890,3166,26,0.74,0.026316,0.011364
2890,3226,38,0.705426,0.012658,0.011364
2890,3229,6,0.9375,0.071429,0.011364
2890,3232,56,0.591241,0.009524,0.011364
2890,3243,17,0.826531,0.037037,0.011364
2890,3293,38,0.654545,0.016667,0.011364
2890,3294,11,0.89,0.043478,0.011364
2890,3324,43,0.674242,0.011494,0.011364
2890,3339,44,0.623932,0.013699,0.011364
2890,3348,41,0.687023,0.011905,0.011364
2890,3362,47,0.594828,0.013333,0.011364
2890,3364,34,0.669903,0.020408,0.011364
2890,3384,40,0.587629,0.020408,0.011364
2890,3387,46,0.669065,0.010309,0.011364
2890,3394,12,0.88785,0.032258,0.011364
2890,3417,57,0.525,0.011236,0.011364
2890,3426,55,0.623288,0.00885,0.011364
2890,3433,36,0.692308,0.015385,0.011364
2890,3435,38,0.616162,0.020408,0.011364
2891,2905,14,0.829268,0.013514,0.045455
2891,2909,13,0.848837,0.012987,0.045455
2891,2913,13,0.845238,0.013333,0.045455
2891,2966,13,0.887931,0.009346,0.045455
2891,3026,14,0.865385,0.010417,0.045455
2891,3052,15,0.736842,0.02,0.045455
2891,3073,2,0.97561,0.016129,0.045455
2891,3142,10,0.852941,0.017857,0.045455
2891,3184,15,0.779412,0.016393,0.045455
2891,3193,8,0.804878,0.037037,0.045455
2891,3234,11,0.75,0.030303,0.045455
2891,3237,10,0.75,0.035714,0.045455
2891,3303,13,0.711111,0.027778,0.045455
2891,3324,18,0.802198,0.011494,0.045455
2892,2934,6,0.860465,0.05,0.034483
2892,2951,18,0.840708,0.009804,0.034483
2892,2995,4,0.9,0.066667,0.034483
2892,3001,14,0.72,0.028571,0.034483
2892,3002,17,0.797619,0.013889,0.034483
2892,3019,20,0.746835,0.014286,0.034483
2892,3077,17,0.746269,0.018182,0.034483
2892,3086,15,0.705882,0.027027,0.034483
2892,3154,17,0.834951,0.010989,0.034483
2892,3162,18,0.735294,0.017544,0.034483
2892,3168,18,0.694915,0.020833,0.034483
2892,3178,4,0.92,0.04,0.034483
2892,3204,2,0.972973,0.021277,0.034483
2892,3207,16,0.703704,0.02439,0.034483
2892,3233,20,0.722222,0.015873,0.034483
2892,3285,10,0.782609,0.037037,0.034483
2892,3288,2,0.973333,0.020833,0.034483
2892,3295,20,0.636364,0.021739,0.034483
2892,3298,3,0.957746,0.022222,0.034483
2892,3412,15,0.745763,0.022222,0.034483
2892,3415,11,0.765957,0.034483,0.034483
2892,3420,7,0.844444,0.043478,0.034483
2893,3159,1,0.928571,0.142857,0.125
2893,3327,4,0.925926,0.02,0.125
2893,3374,1,0.956522,0.0625,0.125
2893,3389,3,0.75,0.142857,0.125
2893,3432,1,0.923077,0.166667,0.125
2894,2937,33,0.637363,0.015873,0.016393
2894,2958,18,0.788235,0.02381,0.016393
2894,2973,16,0.864407,0.013699,0.016393
2894,2991,23,0.767677,0.016393,0.016393
2894,3005,15,0.831461,0.023256,0.016393
2894,3011,22,0.728395,0.02381,0.016393
2894,3017,24,0.775701,0.014286,0.016393
2894,3035,24,0.811024,0.011111,0.016393
2894,3049,20,0.82906,0.013158,0.016393
2894,3060,36,0.650485,0.012821,0.016393
2894,3076,45,0.558824,0.011628,0.016393
2894,3079,27,0.630137,0.025641,0.016393
2894,3111,23,0.744444,0.019231,0.016393
2894,3112,7,0.893939,0.083333,0.016393
2894,3115,24,0.755102,0.016393,0.016393
2894,3116,32,0.757576,0.009709,0.016393
2894,3124,6,0.929412,0.033333,0.016393
2894,3145,29,0.712871,0.014493,0.016393
2894,3172,38,0.6,0.013889,0.016393
2894,3173,3,0.960526,0.055556,0.016393
2894,3179,38,0.582418,0.014706,0.016393
2894,3182,41,0.534091,0.014706,0.016393
2894,3185,38,0.631068,0.0125,0.016393
2894,3198,14,0.894737,0.011628,0.016393
2894,3225,14,0.813333,0.035714,0.016393
2894,3253,7,0.933333,0.019608,0.016393
2894,3258,29,0.632911,0.021277,0.016393
2894,3261,30,0.647059,0.018519,0.016393
2894,3262,22,0.650794,0.041667,0.016393
2894,3274,21,0.796117,0.015873,0.016393
2894,3280,38,0.707692,0.009346,0.016393
2894,3306,5,0.935897,0.045455,0.016393
2894,3320,42,0.681818,0.00885,0.016393
2894,3327,7,0.932692,0.02,0.016393
2894,3331,4,0.956989,0.027778,0.016393
2894,3332,34,0.617978,0.016129,0.016393
2894,3350,43,0.57,0.012195,0.016393
2894,3381,21,0.776596,0.018519,0.016393
2894,3396,44,0.526882,0.013158,0.016393
2894,3403,15,0.846939,0.019231,0.016393
2894,3411,25,0.744898,0.016129,0.016393
2895,3017,4,0.946667,0.014286,0.111111
2895,3027,6,0.913043,0.015152,0.111111
2895,3217,3,0.75,0.166667,0.111111
2895,3274,5,0.925373,0.015873,0.111111
2895,3302,4,0.944444,0.014925,0.111111
2895,3331,2,0.953488,0.027778,0.111111
2895,3358,2,0.888889,0.090909,0.111111
2896,2916,35,0.656863,0.011494,0.02
2896,2919,28,0.695652,0.014286,0.02
2896,2925,33,0.65625,0.012658,0.02
2896,2928,24,0.785714,0.011628,0.02
2896,2931,18,0.788235,0.018868,0.02
2896,2943,37,0.610526,0.012195,0.02
2896,2944,36,0.7,0.009434,0.02
2896,2969,35,0.593023,0.014085,0.02
2896,3022,25,0.761905,0.0125,0.02
2896,3054,32,0.683168,0.012048,0.02
2896,3056,38,0.577778,0.012821,0.02
2896,3073,20,0.782609,0.016129,0.02
2896,3078,37,0.669643,0.010101,0.02
2896,3085,30,0.583333,0.019231,0.02
2896,3117,15,0.846939,0.015873,0.02
2896,3129,21,0.671875,0.028571,0.02
2896,3193,11,0.833333,0.037037,0.02
2896,3228,21,0.676923,0.027778,0.02
2896,3284,29,0.681319,0.014286,0.02
2896,3286,7,0.893939,0.043478,0.02
2896,3293,19,0.791209,0.016667,0.02
2896,3301,19,0.732394,0.025,0.02
2896,3304,16,0.768116,0.028571,0.02
2896,3324,26,0.765766,0.011494,0.02
2896,3348,31,0.699029,0.011905,0.02
2896,3363,41,0.707143,0.007634,0.02
2896,3426,38,0.696,0.00885,0.02
2896,3435,11,0.875,0.020408,0.02
2896,3436,3,0.944444,0.142857,0.02
2897,2906,42,0.596154,0.01087,0.018519
2897,2909,34,0.649485,0.012987,0.018519
2897,2910,42,0.557895,0.012048,0.018519
2897,2912,27,0.693182,0.016393,0.018519
2897,2916,43,0.561224,0.011494,0.018519
2897,2919,33,0.637363,0.014286,0.018519
2897,2920,36,0.608696,0.013514,0.018519
2897,2924,9,0.894118,0.025,0.018519
2897,2925,41,0.554348,0.012658,0.018519
2897,2928,34,0.679245,0.011628,0.018519
2897,2943,34,0.666667,0.012195,0.018519
2897,2944,36,0.709677,0.009434,0.018519
2897,2946,18,0.810526,0.016949,0.018519
2897,2960,41,0.609524,0.01087,0.018519
2897,2966,42,0.647059,0.009346,0.018519
2897,2985,29,0.658824,0.016667,0.018519
2897,2986,47,0.560748,0.01,0.018519
2897,3000,30,0.73913,0.010989,0.018519
2897,3004,26,0.679012,0.018868,0.018519
2897,3033,40,0.607843,0.011364,0.018519
2897,3054,39,0.602041,0.012048,0.018519
2897,3056,34,0.653061,0.012821,0.018519
2897,3064,35,0.578313,0.015625,0.018519
2897,3073,22,0.765957,0.016129,0.018519
2897,3098,33,0.616279,0.015385,0.018519
2897,3119,19,0.817308,0.014493,0.018519
2897,3174,36,0.608696,0.013514,0.018519
2897,3195,31,0.673684,0.013889,0.018519
2897,3226,40,0.569892,0.012658,0.018519
2897,3228,16,0.783784,0.027778,0.018519
2897,3232,42,0.641026,0.009524,0.018519
2897,3303,7,0.915663,0.027778,0.018519
2897,3363,50,0.62963,0.007634,0.018519
2897,3399,24,0.641791,0.027027,0.018519
2898,3214,5,0.924242,0.015873,0.125
2898,3248,7,0.78125,0.032258,0.125
2898,3327,7,0.862745,0.02,0.125
2898,3424,5,0.5,0.142857,0.125
2899,3139,5,0.772727,0.047619,0.166667
2899,3229,5,0.666667,0.071429,0.166667
2899,3392,4,0.789474,0.058824,0.166667
2900,3019,10,0.859155,0.014286,0.090909
2900,3077,9,0.842105,0.018182,0.090909
2900,3154,8,0.914894,0.010989,0.090909
2900,3162,9,0.847458,0.017544,0.090909
2900,3207,9,0.790698,0.02439,0.090909
2900,3233,10,0.84375,0.015873,0.090909
2900,3356,8,0.652174,0.05,0.090909
2900,3366,10,0.84127,0.016129,0.090909
2900,3412,9,0.808511,0.022222,0.090909
2901,2904,31,0.737288,0.013889,0.012987
2901,2932,7,0.936364,0.025,0.012987
2901,2939,35,0.684685,0.014493,0.012987
2901,2989,32,0.68932,0.017241,0.012987
2901,2992,33,0.715517,0.013889,0.012987
2901,2996,19,0.804124,0.025641,0.012987
2901,3009,10,0.883721,0.052632,0.012987
2901,3027,28,0.756522,0.015152,0.012987
2901,3035,40,0.685039,0.011111,0.012987
2901,3038,45,0.625,0.011364,0.012987
2901,3049,37,0.681034,0.013158,0.012987
2901,3051,41,0.70073,0.009901,0.012987
2901,3070,34,0.67619,0.016129,0.012987
2901,3082,53,0.621429,0.008621,0.012987
2901,3101,50,0.66443,0.008197,0.012987
2901,3106,35,0.663462,0.016129,0.012987
2901,3110,3,0.967033,0.058824,0.012987
2901,3113,26,0.781513,0.014706,0.012987
2901,3116,45,0.666667,0.009709,0.012987
2901,3120,42,0.603774,0.014085,0.012987
2901,3140,28,0.766667,0.014085,0.012987
2901,3150,40,0.68254,0.011236,0.012987
2901,3154,28,0.8,0.010989,0.012987
2901,3167,3,0.967033,0.058824,0.012987
2901,3173,5,0.944444,0.055556,0.012987
2901,3198,37,0.706349,0.011628,0.012987
2901,3201,41,0.679688,0.01087,0.012987
2901,3206,27,0.732673,0.019608,0.012987
2901,3214,17,0.861789,0.015873,0.012987
2901,3224,29,0.718447,0.018182,0.012987
2901,3252,46,0.606838,0.011628,0.012987
2901,3256,12,0.90625,0.015873,0.012987
2901,3267,36,0.681416,0.013889,0.012987
2901,3275,5,0.950495,0.034483,0.012987
2901,3277,36,0.678571,0.014085,0.012987
2901,3288,18,0.831776,0.020833,0.012987
2901,3291,56,0.6,0.008403,0.012987
2901,3299,25,0.776786,0.016667,0.012987
2901,3321,37,0.66055,0.014493,0.012987
2901,3330,43,0.661417,0.010753,0.012987
2901,3342,24,0.801653,0.014706,0.012987
2901,3344,41,0.633929,0.013158,0.012987
2901,3345,29,0.743363,0.015385,0.012987
2901,3347,35,0.70339,0.013158,0.012987
2901,3351,39,0.680328,0.011905,0.012987
2901,3355,31,0.69,0.018519,0.012987
2901,3360,25,0.801587,0.013514,0.012987
2901,3378,21,0.818966,0.016667,0.012987
2901,3380,10,0.886364,0.047619,0.012987
2901,3397,50,0.647887,0.008696,0.012987
2901,3406,35,0.6875,0.014286,0.012987
2901,3411,18,0.85124,0.016129,0.012987
2901,3418,5,0.939024,0.1,0.012987
2901,3431,6,0.93617,0.043478,0.012987
2901,3434,46,0.666667,0.009346,0.012987
2902,2930,6,0.333333,0.125,0.142857
2902,3131,6,0.333333,0.125,0.142857
2902,3180,6,0.333333,0.125,0.142857
2902,3181,6,0.333333,0.125,0.142857
2902,3251,6,0.4,0.111111,0.142857
2903,2999,4,0.882353,0.033333,0.125
2903,3258,1,0.981481,0.021277,0.125
2904,2914,15,0.846939,0.02439,0.013889
2904,2946,3,0.976562,0.016949,0.013889
2904,3009,10,0.876543,0.052632,0.013889
2904,3016,8,0.913978,0.034483,0.013889
2904,3017,18,0.854839,0.014286,0.013889
2904,3027,19,0.840336,0.015152,0.013889
2904,3035,30,0.772727,0.011111,0.013889
2904,3046,16,0.827957,0.027027,0.013889
2904,3049,28,0.766667,0.013158,0.013889
2904,3082,39,0.738255,0.008621,0.013889
2904,3088,6,0.921053,0.1,0.013889
2904,3089,16,0.851852,0.019231,0.013889
2904,3109,11,0.860759,0.055556,0.013889
2904,3116,42,0.684211,0.009709,0.013889
2904,3132,31,0.752,0.011905,0.013889
2904,3144,7,0.91358,0.0625,0.013889
2904,3146,24,0.779817,0.016393,0.013889
2904,3148,16,0.813953,0.033333,0.013889
2904,3150,36,0.712,0.011236,0.013889
2904,3152,29,0.773438,0.011765,0.013889
2904,3154,17,0.883562,0.010989,0.013889
2904,3188,29,0.691489,0.019608,0.013889
2904,3198,25,0.81203,0.011628,0.013889
2904,3201,32,0.757576,0.01087,0.013889
2904,3206,20,0.805825,0.019608,0.013889
2904,3211,8,0.910112,0.04,0.013889
2904,3212,17,0.811111,0.028571,0.013889
2904,3214,15,0.875,0.015873,0.013889
2904,3215,6,0.934066,0.04,0.013889
2904,3247,22,0.810345,0.015152,0.013889
2904,3253,15,0.861111,0.019608,0.013889
2904,3267,22,0.819672,0.013889,0.013889
2904,3272,22,0.765957,0.022727,0.013889
2904,3280,38,0.730496,0.009346,0.013889
2904,3291,37,0.75974,0.008403,0.013889
2904,3298,10,0.906542,0.022222,0.013889
2904,3306,13,0.839506,0.045455,0.013889
2904,3319,8,0.911111,0.038462,0.013889
2904,3321,23,0.805085,0.014493,0.013889
2904,3330,29,0.786765,0.010753,0.013889
2904,3341,7,0.927083,0.032258,0.013889
2904,3342,15,0.88,0.014706,0.013889
2904,3345,23,0.798246,0.015385,0.013889
2904,3353,15,0.87395,0.016129,0.013889
2904,3360,28,0.762712,0.013514,0.013889
2904,3378,16,0.862069,0.016667,0.013889
2904,3406,20,0.836066,0.014286,0.013889
2904,3411,24,0.781818,0.016129,0.013889
2904,3434,35,0.756944,0.009346,0.013889
2905,2906,50,0.568966,0.01087,0.013514
2905,2909,45,0.575472,0.012987,0.013514
2905,2910,43,0.622807,0.012048,0.013514
2905,2912,43,0.532609,0.016393,0.013514
2905,2913,53,0.447917,0.013333,0.013514
2905,2915,44,0.636364,0.010989,0.013514
2905,2919,36,0.666667,0.014286,0.013514
2905,2927,47,0.605042,0.01087,0.013514
2905,2946,21,0.8125,0.016949,0.013514
2905,2956,52,0.559322,0.010417,0.013514
2905,2966,60,0.504132,0.009346,0.013514
2905,2985,43,0.527473,0.016667,0.013514
2905,2986,50,0.596774,0.01,0.013514
2905,2988,29,0.731481,0.015873,0.013514
2905,2993,32,0.673469,0.017857,0.013514
2905,2994,33,0.688679,0.015385,0.013514
2905,3014,26,0.714286,0.023256,0.013514
2905,3022,51,0.504854,0.0125,0.013514
2905,3026,53,0.547009,0.010417,0.013514
2905,3033,54,0.5,0.011364,0.013514
2905,3047,41,0.506024,0.02,0.013514
2905,3052,30,0.680851,0.02,0.013514
2905,3064,40,0.591837,0.015625,0.013514
2905,3078,59,0.482456,0.010101,0.013514
2905,3084,30,0.75,0.013158,0.013514
2905,3090,47,0.651852,0.009259,0.013514
2905,3098,40,0.59596,0.015385,0.013514
2905,3104,38,0.680672,0.012048,0.013514
2905,3108,38,0.616162,0.015873,0.013514
2905,3117,22,0.808696,0.015873,0.013514
2905,3119,29,0.745614,0.014493,0.013514
2905,3142,42,0.522727,0.017857,0.013514
2905,3184,26,0.761468,0.016393,0.013514
2905,3195,42,0.596154,0.013889,0.013514
2905,3226,47,0.556604,0.012658,0.013514
2905,3228,14,0.854167,0.027778,0.013514
2905,3232,57,0.532787,0.009524,0.013514
2905,3301,19,0.8,0.025,0.013514
2905,3304,15,0.840426,0.028571,0.013514
2905,3324,38,0.691057,0.011494,0.013514
2905,3339,53,0.43617,0.013699,0.013514
2905,3348,51,0.523364,0.011905,0.013514
2905,3362,34,0.704348,0.013333,0.013514
2905,3363,58,0.605442,0.007634,0.013514
2905,3384,29,0.691489,0.020408,0.013514
2905,3387,53,0.550847,0.010309,0.013514
2905,3426,56,0.572519,0.00885,0.013514
2906,2908,24,0.747368,0.037037,0.01087
2906,2909,53,0.543103,0.012987,0.01087
2906,2910,58,0.504274,0.012048,0.01087
2906,2911,51,0.536364,0.014493,0.01087
2906,2913,53,0.535088,0.013333,0.01087
2906,2915,50,0.62406,0.010989,0.01087
2906,2916,59,0.508333,0.011494,0.01087
2906,2920,47,0.605042,0.013514,0.01087
2906,2925,51,0.575,0.012658,0.01087
2906,2927,62,0.491803,0.01087,0.01087
2906,2928,51,0.598425,0.011628,0.01087
2906,2929,26,0.77193,0.020833,0.01087
2906,2940,44,0.607143,0.015625,0.01087
2906,2944,61,0.554745,0.009434,0.01087
2906,2946,31,0.741667,0.016949,0.01087
2906,2956,61,0.519685,0.010417,0.01087
2906,2960,63,0.479339,0.01087,0.01087
2906,2966,73,0.420635,0.009346,0.01087
2906,2974,39,0.651786,0.016949,0.01087
2906,2977,13,0.883929,0.030303,0.01087
2906,2985,50,0.509804,0.016667,0.01087
2906,2986,67,0.464,0.01,0.01087
2906,2994,37,0.691667,0.015385,0.01087
2906,3000,51,0.613636,0.010989,0.01087
2906,3004,40,0.619048,0.018868,0.01087
2906,3022,59,0.477876,0.0125,0.01087
2906,3025,20,0.84127,0.018519,0.01087
2906,3026,53,0.607407,0.010417,0.01087
2906,3029,28,0.758621,0.019231,0.01087
2906,3033,61,0.487395,0.011364,0.01087
2906,3040,43,0.57,0.019608,0.01087
2906,3047,39,0.621359,0.02,0.01087
2906,3054,56,0.529412,0.012048,0.01087
2906,3056,44,0.650794,0.012821,0.01087
2906,3065,38,0.64486,0.018868,0.01087
2906,3078,70,0.421488,0.010101,0.01087
2906,3096,58,0.472727,0.013158,0.01087
2906,3098,49,0.546296,0.015385,0.01087
2906,3104,44,0.664122,0.012048,0.01087
2906,3108,48,0.551402,0.015873,0.01087
2906,3117,34,0.719008,0.015873,0.01087
2906,3119,41,0.658333,0.014493,0.01087
2906,3142,39,0.642202,0.017857,0.01087
2906,3149,46,0.589286,0.015152,0.01087
2906,3174,61,0.419048,0.013514,0.01087
2906,3184,35,0.70339,0.016393,0.01087
2906,3195,54,0.509091,0.013889,0.01087
2906,3220,31,0.730435,0.018519,0.01087
2906,3226,60,0.459459,0.012658,0.01087
2906,3284,55,0.485981,0.014286,0.01087
2906,3293,28,0.774194,0.016667,0.01087
2906,3301,24,0.777778,0.025,0.01087
2906,3303,14,0.877193,0.027778,0.01087
2906,3324,49,0.623077,0.011494,0.01087
2906,3339,52,0.539823,0.013699,0.01087
2906,3362,45,0.631148,0.013333,0.01087
2906,3363,79,0.451389,0.007634,0.01087
2906,3387,66,0.463415,0.010309,0.01087
2906,3417,49,0.628788,0.011236,0.01087
2906,3426,69,0.492647,0.00885,0.01087
2907,2920,16,0.822222,0.013514,0.03125
2907,2928,23,0.757895,0.011628,0.03125
2907,2929,11,0.84058,0.020833,0.03125
2907,2940,18,0.769231,0.015625,0.03125
2907,2943,21,0.774194,0.012195,0.03125
2907,2944,25,0.778761,0.009434,0.03125
2907,2945,22,0.65625,0.018519,0.03125
2907,2974,19,0.736111,0.016949,0.03125
2907,2988,17,0.782051,0.015873,0.03125
2907,3000,27,0.71875,0.010989,0.03125
2907,3025,15,0.788732,0.018519,0.03125
2907,3056,19,0.791209,0.012821,0.03125
2907,3073,28,0.575758,0.016129,0.03125
2907,3135,24,0.44186,0.028571,0.03125
2907,3158,24,0.6,0.019231,0.03125
2907,3220,24,0.612903,0.018519,0.03125
2907,3293,20,0.722222,0.016667,0.03125
2907,3363,27,0.801471,0.007634,0.03125
2907,3417,26,0.726316,0.011236,0.03125
2907,3433,28,0.594203,0.015385,0.03125
2908,2909,20,0.761905,0.012987,0.037037
2908,2911,21,0.72,0.014493,0.037037
2908,2920,23,0.705128,0.013514,0.037037
2908,2927,22,0.773196,0.01087,0.037037
2908,2960,25,0.734043,0.01087,0.037037
2908,2986,25,0.754902,0.01,0.037037
2908,3004,20,0.666667,0.018868,0.037037
2908,3022,23,0.72619,0.0125,0.037037
2908,3040,15,0.761905,0.019608,0.037037
2908,3096,21,0.743902,0.013158,0.037037
2908,3108,21,0.695652,0.015873,0.037037
2908,3220,10,0.859155,0.018519,0.037037
2908,3284,23,0.689189,0.014286,0.037037
2908,3426,23,0.803419,0.00885,0.037037
2909,2910,45,0.608696,0.012048,0.012987
2909,2911,44,0.568627,0.014493,0.012987
2909,2912,47,0.483516,0.016393,0.012987
2909,2913,49,0.524272,0.013333,0.012987
2909,2915,42,0.666667,0.010989,0.012987
2909,2916,44,0.633333,0.011494,0.012987
2909,2919,46,0.544554,0.014286,0.012987
2909,2920,44,0.588785,0.013514,0.012987
2909,2925,40,0.655172,0.012658,0.012987
2909,2927,46,0.626016,0.01087,0.012987
2909,2940,34,0.682243,0.015625,0.012987
2909,2943,38,0.68595,0.012195,0.012987
2909,2953,15,0.84375,0.029412,0.012987
2909,2960,49,0.591667,0.01087,0.012987
2909,2967,14,0.835294,0.045455,0.012987
2909,2969,35,0.690265,0.014085,0.012987
2909,2986,51,0.595238,0.01,0.012987
2909,3000,33,0.755556,0.010989,0.012987
2909,3004,40,0.555556,0.018868,0.012987
2909,3022,49,0.546296,0.0125,0.012987
2909,3026,43,0.669231,0.010417,0.012987
2909,3033,49,0.577586,0.011364,0.012987
2909,3042,8,0.910112,0.05,0.012987
2909,3047,35,0.619565,0.02,0.012987
2909,3052,28,0.717172,0.02,0.012987
2909,3054,45,0.608696,0.012048,0.012987
2909,3064,45,0.53125,0.015625,0.012987
2909,3078,57,0.521008,0.010101,0.012987
2909,3090,40,0.724138,0.009259,0.012987
2909,3104,34,0.730159,0.012048,0.012987
2909,3142,38,0.6,0.017857,0.012987
2909,3184,35,0.660194,0.016393,0.012987
2909,3213,18,0.810526,0.027778,0.012987
2909,3226,51,0.514286,0.012658,0.012987
2909,3232,54,0.578125,0.009524,0.012987
2909,3250,24,0.724138,0.029412,0.012987
2909,3303,19,0.797872,0.027778,0.012987
2909,3324,47,0.598291,0.011494,0.012987
2909,3339,41,0.623853,0.013699,0.012987
2909,3348,49,0.5625,0.011905,0.012987
2909,3362,28,0.774194,0.013333,0.012987
2909,3363,61,0.585034,0.007634,0.012987
2909,3384,19,0.82243,0.020408,0.012987
2909,3390,12,0.866667,0.04,0.012987
2909,3399,21,0.774194,0.027027,0.012987
2909,3426,58,0.560606,0.00885,0.012987
2910,2911,48,0.538462,0.014493,0.012048
2910,2913,46,0.589286,0.013333,0.012048
2910,2916,60,0.454545,0.011494,0.012048
2910,2919,48,0.542857,0.014286,0.012048
2910,2920,57,0.43,0.013514,0.012048
2910,2925,53,0.513761,0.012658,0.012048
2910,2927,60,0.478261,0.01087,0.012048
2910,2928,53,0.543103,0.011628,0.012048
2910,2940,51,0.46875,0.015625,0.012048
2910,2943,54,0.513514,0.012195,0.012048
2910,2944,58,0.557252,0.009434,0.012048
2910,2945,28,0.743119,0.018519,0.012048
2910,2956,51,0.601562,0.010417,0.012048
2910,2960,63,0.4375,0.01087,0.012048
2910,2966,62,0.515625,0.009346,0.012048
2910,2969,47,0.560748,0.014085,0.012048
2910,2974,41,0.594059,0.016949,0.012048
2910,2985,44,0.555556,0.016667,0.012048
2910,2986,73,0.336364,0.01,0.012048
2910,2988,32,0.719298,0.015873,0.012048
2910,3000,50,0.596774,0.010989,0.012048
2910,3033,54,0.538462,0.011364,0.012048
2910,3054,55,0.504505,0.012048,0.012048
2910,3056,53,0.509259,0.012821,0.012048
2910,3064,46,0.544554,0.015625,0.012048
2910,3065,38,0.612245,0.018868,0.012048
2910,3073,38,0.64486,0.016129,0.012048
2910,3078,67,0.417391,0.010101,0.012048
2910,3090,44,0.70068,0.009259,0.012048
2910,3108,47,0.525253,0.015873,0.012048
2910,3114,13,0.887931,0.021739,0.012048
2910,3117,30,0.741379,0.015873,0.012048
2910,3119,30,0.754098,0.014493,0.012048
2910,3174,48,0.559633,0.013514,0.012048
2910,3195,50,0.52381,0.013889,0.012048
2910,3220,33,0.682692,0.018519,0.012048
2910,3226,51,0.540541,0.012658,0.012048
2910,3232,61,0.519685,0.009524,0.012048
2910,3250,27,0.7,0.029412,0.012048
2910,3284,50,0.514563,0.014286,0.012048
2910,3345,1,0.993197,0.015385,0.012048
2910,3348,53,0.535088,0.011905,0.012048
2910,3363,73,0.48227,0.007634,0.012048
2910,3364,21,0.810811,0.020408,0.012048
2910,3417,48,0.612903,0.011236,0.012048
2910,3426,60,0.558824,0.00885,0.012048
2910,3433,38,0.654545,0.015385,0.012048
2911,2912,40,0.555556,0.016393,0.014493
2911,2913,43,0.574257,0.013333,0.014493
2911,2916,56,0.44,0.011494,0.014493
2911,2919,35,0.663462,0.014286,0.014493
2911,2920,42,0.584158,0.013514,0.014493
2911,2925,47,0.534653,0.012658,0.014493
2911,2940,39,0.585106,0.015625,0.014493
2911,2956,38,0.700787,0.010417,0.014493
2911,2960,53,0.509259,0.01087,0.014493
2911,2966,57,0.521008,0.009346,0.014493
2911,2974,31,0.680412,0.016949,0.014493
2911,2985,45,0.464286,0.016667,0.014493
2911,2986,59,0.463636,0.01,0.014493
2911,3004,29,0.688172,0.018868,0.014493
2911,3022,52,0.463918,0.0125,0.014493
2911,3033,53,0.490385,0.011364,0.014493
2911,3040,40,0.5,0.019608,0.014493
2911,3047,37,0.54878,0.02,0.014493
2911,3054,47,0.552381,0.012048,0.014493
2911,3064,49,0.416667,0.015625,0.014493
2911,3065,35,0.597701,0.018868,0.014493
2911,3078,59,0.458716,0.010101,0.014493
2911,3090,33,0.770833,0.009259,0.014493
2911,3096,52,0.44086,0.013158,0.014493
2911,3098,41,0.55914,0.015385,0.014493
2911,3108,50,0.390244,0.015873,0.014493
2911,3149,44,0.516484,0.015152,0.014493
2911,3195,48,0.483871,0.013889,0.014493
2911,3202,6,0.918919,0.090909,0.014493
2911,3226,53,0.442105,0.012658,0.014493
2911,3228,18,0.793103,0.027778,0.014493
2911,3232,56,0.525424,0.009524,0.014493
2911,3250,27,0.644737,0.029412,0.014493
2911,3284,48,0.472527,0.014286,0.014493
2911,3339,44,0.55102,0.013699,0.014493
2911,3348,53,0.47,0.011905,0.014493
2911,3363,61,0.561151,0.007634,0.014493
2911,3387,50,0.568966,0.010309,0.014493
2911,3399,27,0.658228,0.027027,0.014493
2911,3426,60,0.508197,0.00885,0.014493
2912,2913,47,0.47191,0.013333,0.016393
2912,2919,38,0.591398,0.014286,0.016393
2912,2927,41,0.633929,0.01087,0.016393
2912,2940,31,0.670213,0.015625,0.016393
2912,2953,12,0.855422,0.029412,0.016393
2912,2956,39,0.669492,0.010417,0.016393
2912,2966,49,0.588235,0.009346,0.016393
2912,2985,40,0.506173,0.016667,0.016393
2912,2986,47,0.587719,0.01,0.016393
2912,3004,30,0.642857,0.018868,0.016393
2912,3014,19,0.776471,0.023256,0.016393
2912,3022,44,0.546392,0.0125,0.016393
2912,3026,41,0.646552,0.010417,0.016393
2912,3033,45,0.567308,0.011364,0.016393
2912,3047,36,0.52,0.02,0.016393
2912,3064,40,0.529412,0.015625,0.016393
2912,3078,50,0.545455,0.010101,0.016393
2912,3090,40,0.689922,0.009259,0.016393
2912,3098,35,0.615385,0.015385,0.016393
2912,3142,39,0.5,0.017857,0.016393
2912,3226,44,0.541667,0.012658,0.016393
2912,3232,52,0.54386,0.009524,0.016393
2912,3250,24,0.661972,0.029412,0.016393
2912,3324,34,0.701754,0.011494,0.016393
2912,3339,41,0.55914,0.013699,0.016393
2912,3348,42,0.592233,0.011905,0.016393
2912,3363,54,0.608696,0.007634,0.016393
2912,3384,21,0.764045,0.020408,0.016393
2912,3399,18,0.775,0.027027,0.016393
2912,3417,33,0.717949,0.011236,0.016393
2912,3426,49,0.608,0.00885,0.016393
2913,2915,43,0.650407,0.010989,0.013333
2913,2916,50,0.553571,0.011494,0.013333
2913,2919,40,0.619048,0.014286,0.013333
2913,2925,40,0.649123,0.012658,0.013333
2913,2927,44,0.642276,0.01087,0.013333
2913,2946,25,0.770642,0.016949,0.013333
2913,2948,7,0.921348,0.047619,0.013333
2913,2953,17,0.815217,0.029412,0.013333
2913,2956,52,0.563025,0.010417,0.013333
2913,2966,57,0.544,0.009346,0.013333
2913,2969,35,0.684685,0.014085,0.013333
2913,2985,44,0.516484,0.016667,0.013333
2913,2986,50,0.6,0.01,0.013333
2913,2993,31,0.69,0.017857,0.013333
2913,3026,52,0.563025,0.010417,0.013333
2913,3033,55,0.490741,0.011364,0.013333
2913,3042,10,0.882353,0.05,0.013333
2913,3047,43,0.47561,0.02,0.013333
2913,3054,43,0.626087,0.012048,0.013333
2913,3064,42,0.56701,0.015625,0.013333
2913,3078,58,0.5,0.010101,0.013333
2913,3090,47,0.654412,0.009259,0.013333
2913,3096,46,0.561905,0.013158,0.013333
2913,3098,40,0.6,0.015385,0.013333
2913,3104,35,0.715447,0.012048,0.013333
2913,3119,31,0.725664,0.014493,0.013333
2913,3142,40,0.56044,0.017857,0.013333
2913,3149,41,0.59,0.015152,0.013333
2913,3174,45,0.567308,0.013514,0.013333
2913,3184,29,0.728972,0.016393,0.013333
2913,3195,44,0.572816,0.013889,0.013333
2913,3224,2,0.984375,0.018182,0.013333
2913,3226,50,0.519231,0.012658,0.013333
2913,3232,57,0.536585,0.009524,0.013333
2913,3250,26,0.686747,0.029412,0.013333
2913,3303,16,0.831579,0.027778,0.013333
2913,3324,40,0.672131,0.011494,0.013333
2913,3339,49,0.505051,0.013699,0.013333
2913,3348,50,0.541284,0.011905,0.013333
2913,3363,58,0.608108,0.007634,0.013333
2913,3384,26,0.734694,0.020408,0.013333
2913,3387,55,0.529915,0.010309,0.013333
2913,3417,40,0.677419,0.011236,0.013333
2913,3426,57,0.564885,0.00885,0.013333
2914,2951,15,0.882812,0.009804,0.02439
2914,3013,9,0.839286,0.041667,0.02439
2914,3038,20,0.816514,0.011364,0.02439
2914,3072,7,0.9125,0.021739,0.02439
2914,3101,18,0.875862,0.008197,0.02439
2914,3117,4,0.96,0.015873,0.02439
2914,3132,15,0.863636,0.011905,0.02439
2914,3136,8,0.915789,0.016129,0.02439
2914,3140,19,0.795699,0.014085,0.02439
2914,3150,21,0.807339,0.011236,0.02439
2914,3154,19,0.831858,0.010989,0.02439
2914,3179,12,0.876289,0.014706,0.02439
2914,3188,18,0.756757,0.019608,0.02439
2914,3194,9,0.816327,0.058824,0.02439
2914,3203,6,0.909091,0.032258,0.02439
2914,3209,10,0.818182,0.041667,0.02439
2914,3214,13,0.857143,0.015873,0.02439
2914,3253,17,0.773333,0.019608,0.02439
2914,3256,6,0.938776,0.015873,0.02439
2914,3276,4,0.929825,0.05,0.02439
2914,3279,3,0.952381,0.04,0.02439
2914,3302,9,0.909091,0.014925,0.02439
2914,3320,16,0.884058,0.00885,0.02439
2914,3321,19,0.791209,0.014493,0.02439
2914,3342,12,0.876289,0.014706,0.02439
2914,3360,19,0.802083,0.013514,0.02439
2914,3361,1,0.981481,0.071429,0.02439
2914,3380,5,0.912281,0.047619,0.02439
2914,3397,21,0.844444,0.008696,0.02439
2914,3409,3,0.944444,0.0625,0.02439
2914,3411,14,0.842697,0.016129,0.02439
2915,2919,33,0.742188,0.014286,0.010989
2915,2924,22,0.798165,0.025,0.010989
2915,2927,44,0.683453,0.01087,0.010989
2915,2928,52,0.584,0.011628,0.010989
2915,2929,37,0.637255,0.020833,0.010989
2915,2931,32,0.714286,0.018868,0.010989
2915,2943,33,0.764286,0.012195,0.010989
2915,2953,27,0.72449,0.029412,0.010989
2915,2956,59,0.539062,0.010417,0.010989
2915,2966,53,0.634483,0.009346,0.010989
2915,2967,13,0.87,0.045455,0.010989
2915,2977,25,0.747475,0.030303,0.010989
2915,2988,40,0.649123,0.015873,0.010989
2915,2994,43,0.619469,0.015385,0.010989
2915,3000,53,0.589147,0.010989,0.010989
2915,3004,30,0.736842,0.018868,0.010989
2915,3010,12,0.891892,0.03125,0.010989
2915,3014,31,0.699029,0.023256,0.010989
2915,3026,61,0.515873,0.010417,0.010989
2915,3029,37,0.650943,0.019231,0.010989
2915,3033,41,0.702899,0.011364,0.010989
2915,3042,12,0.878788,0.05,0.010989
2915,3047,27,0.763158,0.02,0.010989
2915,3052,27,0.763158,0.02,0.010989
2915,3054,42,0.681818,0.012048,0.010989
2915,3064,27,0.789062,0.015625,0.010989
2915,3073,34,0.714286,0.016129,0.010989
2915,3078,54,0.602941,0.010101,0.010989
2915,3084,47,0.608333,0.013158,0.010989
2915,3090,62,0.547445,0.009259,0.010989
2915,3092,9,0.903226,0.090909,0.010989
2915,3096,35,0.734848,0.013158,0.010989
2915,3104,58,0.5,0.012048,0.010989
2915,3114,22,0.808696,0.021739,0.010989
2915,3117,22,0.833333,0.015873,0.010989
2915,3137,21,0.823529,0.020408,0.010989
2915,3158,26,0.777778,0.019231,0.010989
2915,3163,12,0.882353,0.043478,0.010989
2915,3174,39,0.690476,0.013514,0.010989
2915,3195,33,0.746154,0.013889,0.010989
2915,3213,18,0.834862,0.027778,0.010989
2915,3226,39,0.70229,0.012658,0.010989
2915,3232,55,0.609929,0.009524,0.010989
2915,3243,22,0.770833,0.037037,0.010989
2915,3293,40,0.63964,0.016667,0.010989
2915,3294,10,0.903846,0.043478,0.010989
2915,3303,19,0.824074,0.027778,0.010989
2915,3304,12,0.894737,0.028571,0.010989
2915,3324,44,0.671642,0.011494,0.010989
2915,3362,49,0.581197,0.013333,0.010989
2915,3363,61,0.621118,0.007634,0.010989
2915,3364,38,0.627451,0.020408,0.010989
2915,3384,43,0.556701,0.020408,0.010989
2915,3390,14,0.862745,0.04,0.010989
2915,3394,14,0.87037,0.032258,0.010989
2915,3417,56,0.548387,0.011236,0.010989
2915,3433,39,0.666667,0.015385,0.010989
2915,3435,34,0.679245,0.020408,0.010989
2916,2917,16,0.820225,0.055556,0.011494
2916,2919,46,0.585586,0.014286,0.011494
2916,2920,50,0.54955,0.013514,0.011494
2916,2925,64,0.372549,0.012658,0.011494
2916,2928,43,0.669231,0.011628,0.011494
2916,2943,52,0.555556,0.012195,0.011494
2916,2944,59,0.559701,0.009434,0.011494
2916,2945,23,0.805085,0.018519,0.011494
2916,2946,25,0.793388,0.016949,0.011494
2916,2960,60,0.495798,0.01087,0.011494
2916,2966,67,0.472441,0.009346,0.011494
2916,2969,52,0.509434,0.014085,0.011494
2916,2974,39,0.635514,0.016949,0.011494
2916,2985,46,0.544554,0.016667,0.011494
2916,2986,66,0.454545,0.01,0.011494
2916,2987,11,0.893204,0.037037,0.011494
2916,3022,57,0.481818,0.0125,0.011494
2916,3033,66,0.394495,0.011364,0.011494
2916,3040,45,0.516129,0.019608,0.011494
2916,3047,35,0.656863,0.02,0.011494
2916,3054,58,0.482143,0.012048,0.011494
2916,3056,56,0.486239,0.012821,0.011494
2916,3064,55,0.427083,0.015625,0.011494
2916,3065,44,0.541667,0.018868,0.011494
2916,3078,71,0.382609,0.010101,0.011494
2916,3085,41,0.581633,0.019231,0.011494
2916,3090,41,0.733766,0.009259,0.011494
2916,3096,59,0.432692,0.013158,0.011494
2916,3098,50,0.509804,0.015385,0.011494
2916,3108,55,0.421053,0.015873,0.011494
2916,3117,28,0.770492,0.015873,0.011494
2916,3129,21,0.792079,0.028571,0.011494
2916,3142,44,0.555556,0.017857,0.011494
2916,3149,49,0.528846,0.015152,0.011494
2916,3174,56,0.466667,0.013514,0.011494
2916,3195,58,0.425743,0.013889,0.011494
2916,3226,60,0.433962,0.012658,0.011494
2916,3228,29,0.691489,0.027778,0.011494
2916,3232,61,0.534351,0.009524,0.011494
2916,3250,31,0.655556,0.029412,0.011494
2916,3284,58,0.414141,0.014286,0.011494
2916,3304,23,0.767677,0.028571,0.011494
2916,3339,50,0.545455,0.013699,0.011494
2916,3348,61,0.445455,0.011905,0.011494
2916,3363,76,0.464789,0.007634,0.011494
2916,3387,63,0.479339,0.010309,0.011494
2916,3399,29,0.694737,0.027027,0.011494
2916,3417,35,0.751773,0.011236,0.011494
2916,3426,68,0.484848,0.00885,0.011494
2917,2944,15,0.862385,0.009434,0.055556
2917,3065,12,0.79661,0.018868,0.055556
2917,3108,13,0.808824,0.015873,0.055556
2917,3129,6,0.87234,0.028571,0.055556
2917,3195,13,0.831169,0.013889,0.055556
2917,3301,10,0.791667,0.025,0.055556
2917,3339,8,0.903614,0.013699,0.055556
2918,2932,15,0.666667,0.025,0.05
2918,2955,16,0.666667,0.022727,0.05
2918,3032,14,0.5,0.045455,0.05
2918,3087,15,0.732143,0.019608,0.05
2918,3167,10,0.62963,0.058824,0.05
2918,3173,1,0.972973,0.055556,0.05
2918,3187,15,0.615385,0.029412,0.05
2918,3196,16,0.636364,0.025,0.05
2918,3236,14,0.481481,0.047619,0.05
2918,3255,15,0.594595,0.03125,0.05
2918,3256,17,0.742424,0.015873,0.05
2918,3264,16,0.542857,0.032258,0.05
2918,3369,16,0.659574,0.023256,0.05
2918,3385,17,0.696429,0.018868,0.05
2919,2920,46,0.530612,0.013514,0.014286
2919,2925,42,0.607477,0.012658,0.014286
2919,2927,47,0.591304,0.01087,0.014286
2919,2928,37,0.689076,0.011628,0.014286
2919,2940,38,0.604167,0.015625,0.014286
2919,2943,45,0.579439,0.012195,0.014286
2919,2944,49,0.614173,0.009434,0.014286
2919,2953,16,0.818182,0.029412,0.014286
2919,2960,49,0.566372,0.01087,0.014286
2919,2969,38,0.631068,0.014085,0.014286
2919,2985,36,0.617021,0.016667,0.014286
2919,2986,55,0.521739,0.01,0.014286
2919,2988,24,0.779817,0.015873,0.014286
2919,2993,18,0.833333,0.017857,0.014286
2919,2997,1,0.987952,0.071429,0.014286
2919,3004,34,0.617978,0.018868,0.014286
2919,3014,17,0.822917,0.023256,0.014286
2919,3033,46,0.589286,0.011364,0.014286
2919,3054,44,0.59633,0.012048,0.014286
2919,3056,40,0.62963,0.012821,0.014286
2919,3073,30,0.705882,0.016129,0.014286
2919,3078,55,0.517544,0.010101,0.014286
2919,3084,20,0.84127,0.013158,0.014286
2919,3085,30,0.673913,0.019231,0.014286
2919,3104,30,0.756098,0.012048,0.014286
2919,3108,37,0.614583,0.015873,0.014286
2919,3142,28,0.714286,0.017857,0.014286
2919,3149,32,0.692308,0.015152,0.014286
2919,3184,28,0.728155,0.016393,0.014286
2919,3232,56,0.529412,0.009524,0.014286
2919,3284,44,0.541667,0.014286,0.014286
2919,3304,18,0.793103,0.028571,0.014286
2919,3348,46,0.574074,0.011905,0.014286
2919,3363,59,0.584507,0.007634,0.014286
2919,3417,40,0.663866,0.011236,0.014286
2919,3426,55,0.570312,0.00885,0.014286
2919,3430,7,0.916667,0.047619,0.014286
2920,2924,15,0.848485,0.025,0.013514
2920,2927,51,0.556522,0.01087,0.013514
2920,2928,37,0.699187,0.011628,0.013514
2920,2940,43,0.547368,0.015625,0.013514
2920,2943,54,0.470588,0.012195,0.013514
2920,2944,55,0.56,0.009434,0.013514
2920,2960,54,0.517857,0.01087,0.013514
2920,2969,41,0.605769,0.014085,0.013514
2920,2974,40,0.569892,0.016949,0.013514
2920,2986,62,0.446429,0.01,0.013514
2920,3004,36,0.604396,0.018868,0.013514
2920,3033,42,0.65,0.011364,0.013514
2920,3054,45,0.598214,0.012048,0.013514
2920,3064,39,0.606061,0.015625,0.013514
2920,3073,31,0.704762,0.016129,0.013514
2920,3078,53,0.558333,0.010101,0.013514
2920,3085,31,0.673684,0.019231,0.013514
2920,3098,33,0.688679,0.015385,0.013514
2920,3108,44,0.526882,0.015873,0.013514
2920,3117,25,0.776786,0.015873,0.013514
2920,3124,2,0.980392,0.033333,0.013514
2920,3184,29,0.726415,0.016393,0.013514
2920,3213,20,0.777778,0.027778,0.013514
2920,3220,32,0.666667,0.018519,0.013514
2920,3226,44,0.59633,0.012658,0.013514
2920,3232,50,0.612403,0.009524,0.013514
2920,3284,44,0.56,0.014286,0.013514
2920,3304,17,0.815217,0.028571,0.013514
2920,3324,35,0.722222,0.011494,0.013514
2920,3348,45,0.60177,0.011905,0.013514
2920,3363,65,0.535714,0.007634,0.013514
2920,3417,41,0.663934,0.011236,0.013514
2920,3426,51,0.625,0.00885,0.013514
2920,3433,28,0.747748,0.015385,0.013514
2921,2942,5,0.888889,0.1,0.025
2921,2951,28,0.754386,0.009804,0.025
2921,2955,9,0.88,0.022727,0.025
2921,2984,6,0.896552,0.041667,0.025
2921,2989,14,0.833333,0.017241,0.025
2921,3002,12,0.88,0.013889,0.025
2921,3009,5,0.907407,0.052632,0.025
2921,3017,10,0.9,0.014286,0.025
2921,3018,7,0.888889,0.033333,0.025
2921,3034,10,0.863014,0.023256,0.025
2921,3075,7,0.875,0.043478,0.025
2921,3107,7,0.916667,0.019608,0.025
2921,3198,16,0.854545,0.011628,0.025
2921,3204,7,0.9125,0.021277,0.025
2921,3214,9,0.904255,0.015873,0.025
2921,3221,7,0.881356,0.038462,0.025
2921,3249,7,0.851064,0.071429,0.025
2921,3256,5,0.94898,0.015873,0.025
2921,3259,6,0.907692,0.032258,0.025
2921,3263,12,0.860465,0.017241,0.025
2921,3299,11,0.876404,0.016667,0.025
2921,3342,14,0.851064,0.014706,0.025
2921,3345,12,0.870968,0.015385,0.025
2921,3346,8,0.880597,0.028571,0.025
2921,3353,14,0.840909,0.016129,0.025
2921,3360,10,0.903846,0.013514,0.025
2921,3397,17,0.876812,0.008696,0.025
2921,3406,12,0.877551,0.014286,0.025
2921,3411,4,0.959184,0.016129,0.025
2922,3028,2,0.846154,0.083333,0.333333
2923,3005,4,0.927273,0.023256,0.0625
2923,3020,3,0.94,0.027027,0.0625
2923,3046,1,0.980769,0.027027,0.0625
2923,3265,2,0.967742,0.020833,0.0625
2923,3285,2,0.95122,0.037037,0.0625
2923,3292,2,0.923077,0.083333,0.0625
2923,3296,3,0.944444,0.02439,0.0625
2923,3411,3,0.96,0.016129,0.0625
2924,2925,17,0.833333,0.012658,0.025
2924,2928,26,0.74,0.011628,0.025
2924,2929,20,0.705882,0.020833,0.025
2924,2931,20,0.726027,0.018868,0.025
2924,2945,18,0.763158,0.018519,0.025
2924,2956,27,0.752294,0.010417,0.025
2924,2960,21,0.810811,0.01087,0.025
2924,2986,24,0.793103,0.01,0.025
2924,2988,20,0.759036,0.015873,0.025
2924,3000,28,0.728155,0.010989,0.025
2924,3025,13,0.839506,0.018519,0.025
2924,3085,13,0.835443,0.019231,0.025
2924,3090,22,0.825397,0.009259,0.025
2924,3098,11,0.882979,0.015385,0.025
2924,3184,12,0.865169,0.016393,0.025
2924,3220,19,0.746667,0.018519,0.025
2924,3293,21,0.734177,0.016667,0.025
2924,3304,8,0.880597,0.028571,0.025
2924,3364,20,0.710145,0.020408,0.025
2924,3384,17,0.763889,0.020408,0.025
2924,3433,26,0.670886,0.015385,0.025
2925,2928,37,0.710938,0.011628,0.012658
2925,2931,21,0.810811,0.018868,0.012658
2925,2940,37,0.650943,0.015625,0.012658
2925,2943,46,0.6,0.012195,0.012658
2925,2944,52,0.609023,0.009434,0.012658
2925,2946,27,0.756757,0.016949,0.012658
2925,2956,38,0.722628,0.010417,0.012658
2925,2960,56,0.513043,0.01087,0.012658
2925,2961,4,0.953488,0.090909,0.012658
2925,2966,56,0.569231,0.009346,0.012658
2925,2969,49,0.514851,0.014085,0.012658
2925,2986,63,0.456897,0.01,0.012658
2925,3000,37,0.721805,0.010989,0.012658
2925,3022,47,0.580357,0.0125,0.012658
2925,3033,54,0.522124,0.011364,0.012658
2925,3036,9,0.916667,0.026316,0.012658
2925,3040,36,0.617021,0.019608,0.012658
2925,3054,55,0.485981,0.012048,0.012658
2925,3056,54,0.475728,0.012821,0.012658
2925,3064,45,0.540816,0.015625,0.012658
2925,3065,43,0.516854,0.018868,0.012658
2925,3085,39,0.576087,0.019231,0.012658
2925,3096,51,0.509615,0.013158,0.012658
2925,3098,45,0.545455,0.015385,0.012658
2925,3108,44,0.55102,0.015873,0.012658
2925,3117,30,0.732143,0.015873,0.012658
2925,3129,20,0.787234,0.028571,0.012658
2925,3174,49,0.528846,0.013514,0.012658
2925,3184,32,0.703704,0.016393,0.012658
2925,3195,50,0.50495,0.013889,0.012658
2925,3226,49,0.550459,0.012658,0.012658
2925,3228,27,0.693182,0.027778,0.012658
2925,3250,26,0.701149,0.029412,0.012658
2925,3284,48,0.524752,0.014286,0.012658
2925,3304,26,0.704545,0.028571,0.012658
2925,3324,32,0.761194,0.011494,0.012658
2925,3348,54,0.504587,0.011905,0.012658
2925,3363,71,0.489209,0.007634,0.012658
2925,3387,53,0.569106,0.010309,0.012658
2925,3399,26,0.711111,0.027027,0.012658
2925,3426,57,0.577778,0.00885,0.012658
2926,3256,9,0.859375,0.015873,0.1
2926,3338,7,0.416667,0.111111,0.1
2926,3365,3,0.943396,0.021739,0.1
2926,3376,7,0.363636,0.125,0.1
2926,3401,7,0.363636,0.125,0.1
2926,3402,7,0.611111,0.066667,0.1
2926,3425,7,0.461538,0.1,0.1
2926,3427,7,0.416667,0.111111,0.1
2926,3429,3,0.75,0.2,0.1
2927,2928,53,0.576,0.011628,0.01087
2927,2940,47,0.568807,0.015625,0.01087
2927,2943,55,0.537815,0.012195,0.01087
2927,2944,61,0.554745,0.009434,0.01087
2927,2945,32,0.719298,0.018519,0.01087
2927,2946,26,0.792,0.016949,0.01087
2927,2956,56,0.575758,0.010417,0.01087
2927,2960,64,0.466667,0.01087,0.01087
2927,2966,62,0.547445,0.009346,0.01087
2927,2974,42,0.614679,0.016949,0.01087
2927,2981,12,0.883495,0.043478,0.01087
2927,2985,40,0.642857,0.016667,0.01087
2927,2986,71,0.413223,0.01,0.01087
2927,2988,37,0.686441,0.015873,0.01087
2927,3000,55,0.570312,0.010989,0.01087
2927,3004,35,0.681818,0.018868,0.01087
2927,3022,53,0.554622,0.0125,0.01087
2927,3026,52,0.617647,0.010417,0.01087
2927,3029,26,0.779661,0.019231,0.01087
2927,3033,51,0.604651,0.011364,0.01087
2927,3036,15,0.869565,0.026316,0.01087
2927,3040,29,0.745614,0.019608,0.01087
2927,3044,4,0.957447,0.166667,0.01087
2927,3047,32,0.709091,0.02,0.01087
2927,3052,24,0.79661,0.02,0.01087
2927,3054,50,0.6,0.012048,0.01087
2927,3056,51,0.571429,0.012821,0.01087
2927,3065,32,0.716814,0.018868,0.01087
2927,3073,39,0.66087,0.016129,0.01087
2927,3078,64,0.496063,0.010101,0.01087
2927,3085,35,0.678899,0.019231,0.01087
2927,3090,48,0.684211,0.009259,0.01087
2927,3096,48,0.6,0.013158,0.01087
2927,3108,42,0.628319,0.015873,0.01087
2927,3117,28,0.779528,0.015873,0.01087
2927,3119,35,0.722222,0.014493,0.01087
2927,3184,37,0.681034,0.016393,0.01087
2927,3220,39,0.635514,0.018519,0.01087
2927,3232,69,0.460938,0.009524,0.01087
2927,3234,18,0.831776,0.030303,0.01087
2927,3238,22,0.801802,0.02439,0.01087
2927,3284,48,0.578947,0.014286,0.01087
2927,3324,46,0.654135,0.011494,0.01087
2927,3339,45,0.625,0.013699,0.01087
2927,3348,52,0.580645,0.011905,0.01087
2927,3363,78,0.462069,0.007634,0.01087
2927,3387,54,0.6,0.010309,0.01087
2927,3400,17,0.845455,0.028571,0.01087
2927,3417,57,0.540323,0.011236,0.01087
2927,3426,63,0.556338,0.00885,0.01087
2927,3430,8,0.92381,0.047619,0.01087
2927,3433,39,0.669492,0.015385,0.01087
2928,2929,33,0.673267,0.020833,0.011628
2928,2940,44,0.584906,0.015625,0.011628
2928,2943,44,0.645161,0.012195,0.011628
2928,2944,53,0.618705,0.009434,0.011628
2928,2945,40,0.6,0.018519,0.011628
2928,2946,25,0.791667,0.016949,0.011628
2928,2956,57,0.544,0.010417,0.011628
2928,2960,53,0.576,0.01087,0.011628
2928,2966,53,0.621429,0.009346,0.011628
2928,2974,37,0.657407,0.016949,0.011628
2928,2977,25,0.734043,0.030303,0.011628
2928,2985,30,0.741379,0.016667,0.011628
2928,2986,51,0.622222,0.01,0.011628
2928,2988,39,0.645455,0.015873,0.011628
2928,2993,31,0.720721,0.017857,0.011628
2928,3000,62,0.46087,0.010989,0.011628
2928,3010,11,0.897196,0.03125,0.011628
2928,3026,47,0.651852,0.010417,0.011628
2928,3029,35,0.660194,0.019231,0.011628
2928,3033,44,0.661538,0.011364,0.011628
2928,3054,44,0.648,0.012048,0.011628
2928,3056,45,0.621849,0.012821,0.011628
2928,3073,40,0.62963,0.016129,0.011628
2928,3078,53,0.598485,0.010101,0.011628
2928,3080,11,0.893204,0.035714,0.011628
2928,3084,41,0.661157,0.013158,0.011628
2928,3090,49,0.662069,0.009259,0.011628
2928,3096,34,0.734375,0.013158,0.011628
2928,3104,44,0.648,0.012048,0.011628
2928,3117,27,0.778689,0.015873,0.011628
2928,3119,40,0.652174,0.014493,0.011628
2928,3174,42,0.644068,0.013514,0.011628
2928,3195,35,0.715447,0.013889,0.011628
2928,3220,37,0.640777,0.018519,0.011628
2928,3243,24,0.730337,0.037037,0.011628
2928,3257,26,0.745098,0.02381,0.011628
2928,3293,43,0.582524,0.016667,0.011628
2928,3363,67,0.553333,0.007634,0.011628
2928,3364,32,0.68932,0.020408,0.011628
2928,3384,31,0.701923,0.020408,0.011628
2928,3387,45,0.673913,0.010309,0.011628
2928,3388,5,0.945055,0.1,0.011628
2928,3390,10,0.90099,0.04,0.011628
2928,3394,13,0.875,0.032258,0.011628
2928,3399,23,0.77,0.027027,0.011628
2928,3400,14,0.869159,0.028571,0.011628
2928,3414,5,0.949495,0.055556,0.011628
2928,3417,57,0.516949,0.011236,0.011628
2928,3426,48,0.682119,0.00885,0.011628
2928,3433,49,0.519608,0.015385,0.011628
2928,3435,33,0.676471,0.020408,0.011628
2929,2931,25,0.671053,0.018868,0.020833
2929,2944,27,0.787402,0.009434,0.020833
2929,2945,19,0.771084,0.018519,0.020833
2929,2956,42,0.588235,0.010417,0.020833
2929,2993,28,0.631579,0.017857,0.020833
2929,2994,35,0.551282,0.015385,0.020833
2929,3000,33,0.688679,0.010989,0.020833
2929,3014,24,0.641791,0.023256,0.020833
2929,3026,36,0.666667,0.010417,0.020833
2929,3029,34,0.484848,0.019231,0.020833
2929,3047,15,0.819277,0.02,0.020833
2929,3084,33,0.637363,0.013158,0.020833
2929,3090,41,0.643478,0.009259,0.020833
2929,3104,33,0.663265,0.012048,0.020833
2929,3119,29,0.670455,0.014493,0.020833
2929,3174,22,0.78,0.013514,0.020833
2929,3220,22,0.725,0.018519,0.020833
2929,3232,26,0.795276,0.009524,0.020833
2929,3324,25,0.772727,0.011494,0.020833
2929,3362,35,0.602273,0.013333,0.020833
2929,3364,28,0.594203,0.020408,0.020833
2929,3384,29,0.573529,0.020408,0.020833
2929,3417,39,0.602041,0.011236,0.020833
2929,3433,30,0.638554,0.015385,0.020833
2929,3435,27,0.614286,0.020408,0.020833
2930,3131,7,0.222222,0.125,0.125
2930,3180,7,0.222222,0.125,0.125
2930,3181,7,0.222222,0.125,0.125
2930,3251,7,0.3,0.111111,0.125
2930,3372,6,0.333333,0.142857,0.125
2931,2944,28,0.78626,0.009434,0.018868
2931,2960,23,0.811475,0.01087,0.018868
2931,2977,18,0.735294,0.030303,0.018868
2931,2986,23,0.823077,0.01,0.018868
2931,2994,24,0.744681,0.015385,0.018868
2931,3026,29,0.758333,0.010417,0.018868
2931,3029,29,0.618421,0.019231,0.018868
2931,3042,8,0.876923,0.05,0.018868
2931,3054,23,0.79646,0.012048,0.018868
2931,3056,23,0.787037,0.012821,0.018868
2931,3073,19,0.802083,0.016129,0.018868
2931,3078,27,0.784,0.010101,0.018868
2931,3085,16,0.820225,0.019231,0.018868
2931,3090,31,0.761538,0.009259,0.018868
2931,3098,16,0.843137,0.015385,0.018868
2931,3119,24,0.755102,0.014493,0.018868
2931,3129,18,0.742857,0.028571,0.018868
2931,3137,13,0.853933,0.020408,0.018868
2931,3184,17,0.824742,0.016393,0.018868
2931,3238,19,0.746667,0.02439,0.018868
2931,3257,24,0.661972,0.02381,0.018868
2931,3324,25,0.782609,0.011494,0.018868
2931,3362,28,0.72,0.013333,0.018868
2931,3364,24,0.692308,0.020408,0.018868
2931,3384,21,0.740741,0.020408,0.018868
2931,3394,9,0.88,0.032258,0.018868
2931,3399,7,0.915663,0.027027,0.018868
2931,3426,28,0.797101,0.00885,0.018868
2931,3433,30,0.659091,0.015385,0.018868
2931,3435,23,0.708861,0.020408,0.018868
2932,2938,6,0.888889,0.05,0.025
2932,2955,26,0.551724,0.022727,0.025
2932,3016,2,0.970149,0.034483,0.025
2932,3087,31,0.483333,0.019608,0.025
2932,3107,12,0.848101,0.019608,0.025
2932,3111,8,0.904762,0.019231,0.025
2932,3136,24,0.692308,0.016129,0.025
2932,3187,21,0.603774,0.029412,0.025
2932,3189,11,0.770833,0.052632,0.025
2932,3196,22,0.62069,0.025,0.025
2932,3198,20,0.811321,0.011628,0.025
2932,3219,21,0.637931,0.025641,0.025
2932,3236,14,0.702128,0.047619,0.025
2932,3253,23,0.661765,0.019608,0.025
2932,3255,18,0.666667,0.03125,0.025
2932,3256,25,0.679487,0.015873,0.025
2932,3264,23,0.520833,0.032258,0.025
2932,3299,4,0.958333,0.016667,0.025
2932,3330,15,0.872881,0.010753,0.025
2932,3337,14,0.72,0.041667,0.025
2932,3358,7,0.840909,0.090909,0.025
2932,3369,29,0.462963,0.023256,0.025
2932,3385,23,0.671429,0.018868,0.025
2932,3395,16,0.741935,0.026316,0.025
2932,3404,10,0.791667,0.055556,0.025
2933,2935,10,0.375,0.083333,0.071429
2933,2949,10,0.583333,0.05,0.071429
2933,2983,12,0.368421,0.058824,0.071429
2933,2997,9,0.526316,0.071429,0.071429
2933,2999,7,0.810811,0.033333,0.071429
2933,3012,8,0.529412,0.090909,0.071429
2933,3020,10,0.756098,0.027027,0.071429
2933,3028,7,0.631579,0.083333,0.071429
2933,3063,9,0.4375,0.090909,0.071429
2933,3066,6,0.727273,0.071429,0.071429
2933,3072,11,0.77551,0.021739,0.071429
2933,3363,1,0.993056,0.007634,0.071429
2933,3368,7,0.5625,0.111111,0.071429
2934,2962,7,0.78125,0.052632,0.05
2934,3001,11,0.75,0.028571,0.05
2934,3002,8,0.904762,0.013889,0.05
2934,3075,1,0.97619,0.043478,0.05
2934,3077,8,0.880597,0.018182,0.05
2934,3171,1,0.973684,0.052632,0.05
2934,3186,8,0.771429,0.043478,0.05
2934,3244,9,0.64,0.071429,0.05
2934,3246,10,0.583333,0.071429,0.05
2934,3275,7,0.833333,0.034483,0.05
2934,3295,13,0.754717,0.021739,0.05
2934,3370,2,0.916667,0.166667,0.05
2934,3385,3,0.957143,0.018868,0.05
2935,2949,9,0.608696,0.05,0.083333
2935,2983,10,0.473684,0.058824,0.083333
2935,2997,8,0.555556,0.071429,0.083333
2935,2999,7,0.8,0.033333,0.083333
2935,3012,7,0.5625,0.090909,0.083333
2935,3020,9,0.775,0.027027,0.083333
2935,3063,7,0.5625,0.090909,0.083333
2935,3066,6,0.7,0.071429,0.083333
2935,3072,9,0.816327,0.021739,0.083333
2935,3274,1,0.986486,0.015873,0.083333
2936,2937,31,0.663043,0.015873,0.016667
2936,2965,6,0.915493,0.058824,0.016667
2936,2973,33,0.67,0.013699,0.016667
2936,2989,26,0.717391,0.017241,0.016667
2936,2992,35,0.639175,0.013889,0.016667
2936,2998,1,0.983871,0.333333,0.016667
2936,3015,3,0.955224,0.1,0.016667
2936,3027,16,0.854545,0.015152,0.016667
2936,3035,28,0.770492,0.011111,0.016667
2936,3038,32,0.724138,0.011364,0.016667
2936,3051,51,0.536364,0.009901,0.016667
2936,3060,36,0.647059,0.012821,0.016667
2936,3082,42,0.686567,0.008621,0.016667
2936,3101,41,0.70922,0.008197,0.016667
2936,3106,29,0.688172,0.016129,0.016667
2936,3113,24,0.769231,0.014706,0.016667
2936,3145,26,0.747573,0.014493,0.016667
2936,3152,28,0.760684,0.011765,0.016667
2936,3154,20,0.847328,0.010989,0.016667
2936,3160,15,0.8,0.033333,0.016667
2936,3170,15,0.785714,0.04,0.016667
2936,3172,26,0.754717,0.013889,0.016667
2936,3198,22,0.822581,0.011628,0.016667
2936,3224,22,0.763441,0.018182,0.016667
2936,3260,11,0.857143,0.035714,0.016667
2936,3261,19,0.8,0.018519,0.016667
2936,3267,25,0.766355,0.013889,0.016667
2936,3272,12,0.869565,0.022727,0.016667
2936,3288,19,0.786517,0.020833,0.016667
2936,3291,45,0.664179,0.008403,0.016667
2936,3298,20,0.764706,0.022222,0.016667
2936,3302,12,0.895652,0.014925,0.016667
2936,3320,44,0.658915,0.00885,0.016667
2936,3330,31,0.745902,0.010753,0.016667
2936,3332,29,0.688172,0.016129,0.016667
2936,3344,27,0.752294,0.013158,0.016667
2936,3347,35,0.653465,0.013158,0.016667
2936,3355,29,0.658824,0.018519,0.016667
2936,3373,7,0.9,0.058824,0.016667
2936,3378,31,0.651685,0.016667,0.016667
2936,3386,27,0.682353,0.019231,0.016667
2936,3396,30,0.716981,0.013158,0.016667
2936,3397,38,0.722628,0.008696,0.016667
2936,3403,14,0.857143,0.019231,0.016667
2936,3434,38,0.705426,0.009346,0.016667
2937,2973,33,0.679612,0.013699,0.015873
2937,2991,30,0.680851,0.016393,0.015873
2937,2992,33,0.676471,0.013889,0.015873
2937,2995,6,0.916667,0.066667,0.015873
2937,3011,19,0.77907,0.02381,0.015873
2937,3035,33,0.725,0.011111,0.015873
2937,3051,45,0.621849,0.009901,0.015873
2937,3060,42,0.575758,0.012821,0.015873
2937,3076,45,0.567308,0.011628,0.015873
2937,3079,28,0.621622,0.025641,0.015873
2937,3082,42,0.693431,0.008621,0.015873
2937,3101,40,0.724138,0.008197,0.015873
2937,3115,31,0.666667,0.016393,0.015873
2937,3116,40,0.68254,0.009709,0.015873
2937,3145,30,0.705882,0.014493,0.015873
2937,3152,36,0.678571,0.011765,0.015873
2937,3170,20,0.705882,0.04,0.015873
2937,3172,39,0.59375,0.013889,0.015873
2937,3179,36,0.621053,0.014706,0.015873
2937,3182,42,0.52809,0.014706,0.015873
2937,3201,36,0.697479,0.01087,0.015873
2937,3206,21,0.774194,0.019608,0.015873
2937,3224,19,0.808081,0.018182,0.015873
2937,3247,22,0.794393,0.015152,0.015873
2937,3252,28,0.768595,0.011628,0.015873
2937,3258,29,0.641975,0.021277,0.015873
2937,3262,19,0.720588,0.041667,0.015873
2937,3267,25,0.772727,0.013889,0.015873
2937,3280,45,0.64,0.009346,0.015873
2937,3291,41,0.70922,0.008403,0.015873
2937,3298,27,0.666667,0.022222,0.015873
2937,3320,53,0.569106,0.00885,0.015873
2937,3332,42,0.493976,0.016129,0.015873
2937,3350,42,0.592233,0.012195,0.015873
2937,3353,19,0.820755,0.016129,0.015873
2937,3378,31,0.663043,0.016667,0.015873
2937,3396,46,0.505376,0.013158,0.015873
2937,3397,39,0.719424,0.008696,0.015873
2937,3406,21,0.8125,0.014286,0.015873
2937,3422,15,0.829545,0.025,0.015873
2937,3434,43,0.661417,0.009346,0.015873
2938,2955,7,0.877193,0.022727,0.05
2938,2964,5,0.848485,0.055556,0.05
2938,2965,1,0.972222,0.058824,0.05
2938,3062,7,0.844444,0.03125,0.05
2938,3087,7,0.890625,0.019608,0.05
2938,3118,4,0.933333,0.022727,0.05
2938,3182,4,0.952381,0.014706,0.05
2938,3253,7,0.890625,0.019608,0.05
2938,3289,10,0.655172,0.052632,0.05
2938,3331,5,0.901961,0.027778,0.05
2938,3341,4,0.914894,0.032258,0.05
2938,3343,2,0.9375,0.071429,0.05
2938,3369,7,0.875,0.023256,0.05
2938,3396,5,0.945055,0.013158,0.05
2939,2970,38,0.493333,0.022727,0.014493
2939,2973,38,0.634615,0.013699,0.014493
2939,2992,40,0.60396,0.013889,0.014493
2939,3021,41,0.474359,0.02,0.014493
2939,3027,19,0.836207,0.015152,0.014493
2939,3035,59,0.41,0.011111,0.014493
2939,3049,59,0.313953,0.013158,0.014493
2939,3051,39,0.70229,0.009901,0.014493
2939,3070,45,0.476744,0.016129,0.014493
2939,3082,60,0.52,0.008621,0.014493
2939,3094,4,0.944444,0.142857,0.014493
2939,3101,66,0.472,0.008197,0.014493
2939,3102,44,0.405405,0.020408,0.014493
2939,3113,37,0.63,0.014706,0.014493
2939,3116,60,0.464286,0.009709,0.014493
2939,3120,47,0.494624,0.014085,0.014493
2939,3132,58,0.389474,0.011905,0.014493
2939,3146,49,0.395062,0.016393,0.014493
2939,3148,11,0.875,0.033333,0.014493
2939,3150,48,0.563636,0.011236,0.014493
2939,3152,43,0.612613,0.011765,0.014493
2939,3169,53,0.311688,0.016393,0.014493
2939,3179,29,0.731481,0.014706,0.014493
2939,3185,33,0.715517,0.0125,0.014493
2939,3201,60,0.405941,0.01087,0.014493
2939,3206,39,0.518519,0.019608,0.014493
2939,3239,48,0.421687,0.016129,0.014493
2939,3247,51,0.392857,0.015152,0.014493
2939,3252,56,0.434343,0.011628,0.014493
2939,3265,40,0.480519,0.020833,0.014493
2939,3267,50,0.450549,0.013889,0.014493
2939,3277,52,0.409091,0.014085,0.014493
2939,3280,54,0.557377,0.009346,0.014493
2939,3291,48,0.657143,0.008403,0.014493
2939,3297,53,0.329114,0.015873,0.014493
2939,3302,17,0.857143,0.014925,0.014493
2939,3316,33,0.56,0.025641,0.014493
2939,3330,51,0.540541,0.010753,0.014493
2939,3335,34,0.66,0.015385,0.014493
2939,3344,45,0.55,0.013158,0.014493
2939,3347,50,0.473684,0.013158,0.014493
2939,3351,60,0.354839,0.011905,0.014493
2939,3373,5,0.938272,0.058824,0.014493
2939,3381,40,0.518072,0.018519,0.014493
2939,3391,38,0.547619,0.018868,0.014493
2939,3397,54,0.584615,0.008696,0.014493
2939,3416,45,0.415584,0.018868,0.014493
2939,3434,54,0.557377,0.009346,0.014493
2940,2943,44,0.568627,0.012195,0.015625
2940,2944,43,0.661417,0.009434,0.015625
2940,2960,51,0.514286,0.01087,0.015625
2940,2966,47,0.620968,0.009346,0.015625
2940,2974,39,0.535714,0.016949,0.015625
2940,2981,7,0.9125,0.043478,0.015625
2940,2985,33,0.637363,0.016667,0.015625
2940,2986,55,0.495413,0.01,0.015625
2940,2988,23,0.778846,0.015873,0.015625
2940,3054,39,0.638889,0.012048,0.015625
2940,3056,41,0.594059,0.012821,0.015625
2940,3064,36,0.608696,0.015625,0.015625
2940,3078,50,0.557522,0.010101,0.015625
2940,3096,41,0.585859,0.013158,0.015625
2940,3108,37,0.588889,0.015873,0.015625
2940,3117,22,0.790476,0.015873,0.015625
2940,3174,37,0.633663,0.013514,0.015625
2940,3195,36,0.64,0.013889,0.015625
2940,3220,28,0.688889,0.018519,0.015625
2940,3232,45,0.637097,0.009524,0.015625
2940,3238,13,0.858696,0.02439,0.015625
2940,3293,20,0.807692,0.016667,0.015625
2940,3348,44,0.576923,0.011905,0.015625
2940,3363,59,0.566176,0.007634,0.015625
2940,3399,24,0.688312,0.027027,0.015625
2940,3417,37,0.681034,0.011236,0.015625
2940,3426,48,0.627907,0.00885,0.015625
2940,3433,31,0.683673,0.015385,0.015625
2941,2955,3,0.942308,0.022727,0.090909
2941,2999,8,0.757576,0.033333,0.090909
2941,3068,1,0.961538,0.0625,0.090909
2941,3263,6,0.904762,0.017241,0.090909
2941,3361,6,0.684211,0.071429,0.090909
2942,2989,5,0.920635,0.017241,0.1
2942,3136,3,0.956522,0.016129,0.1
2942,3233,3,0.957143,0.015873,0.1
2942,3304,2,0.953488,0.028571,0.1
2942,3404,2,0.923077,0.055556,0.1
2943,2944,65,0.471545,0.009434,0.012195
2943,2945,35,0.653465,0.018519,0.012195
2943,2960,55,0.537815,0.01087,0.012195
2943,2966,50,0.640288,0.009346,0.012195
2943,2969,43,0.609091,0.014085,0.012195
2943,2974,44,0.546392,0.016949,0.012195
2943,2986,62,0.483333,0.01,0.012195
2943,3000,51,0.581967,0.010989,0.012195
2943,3022,38,0.693548,0.0125,0.012195
2943,3023,23,0.755319,0.028571,0.012195
2943,3029,20,0.824561,0.019231,0.012195
2943,3054,49,0.577586,0.012048,0.012195
2943,3056,58,0.431373,0.012821,0.012195
2943,3065,34,0.663366,0.018868,0.012195
2943,3073,40,0.615385,0.016129,0.012195
2943,3078,54,0.574803,0.010101,0.012195
2943,3085,39,0.589474,0.019231,0.012195
2943,3096,46,0.589286,0.013158,0.012195
2943,3108,39,0.632075,0.015873,0.012195
2943,3135,18,0.818182,0.028571,0.012195
2943,3213,23,0.757895,0.027778,0.012195
2943,3220,37,0.626263,0.018519,0.012195
2943,3226,42,0.647059,0.012658,0.012195
2943,3228,24,0.744681,0.027778,0.012195
2943,3232,53,0.604478,0.009524,0.012195
2943,3243,15,0.840426,0.037037,0.012195
2943,3284,45,0.579439,0.014286,0.012195
2943,3286,10,0.894737,0.043478,0.012195
2943,3293,27,0.765217,0.016667,0.012195
2943,3301,23,0.767677,0.025,0.012195
2943,3348,49,0.581197,0.011905,0.012195
2943,3363,76,0.445255,0.007634,0.012195
2943,3417,48,0.609756,0.011236,0.012195
2943,3426,54,0.617021,0.00885,0.012195
2943,3433,38,0.651376,0.015385,0.012195
2944,2945,42,0.644068,0.018519,0.009434
2944,2953,17,0.861789,0.029412,0.009434
2944,2956,53,0.644295,0.010417,0.009434
2944,2960,66,0.5,0.01087,0.009434
2944,2966,66,0.55102,0.009346,0.009434
2944,2969,52,0.584,0.014085,0.009434
2944,2974,48,0.589744,0.016949,0.009434
2944,2978,7,0.943548,0.04,0.009434
2944,2981,12,0.897436,0.043478,0.009434
2944,3000,62,0.540741,0.010989,0.009434
2944,3004,37,0.696721,0.018868,0.009434
2944,3022,51,0.622222,0.0125,0.009434
2944,3023,25,0.784483,0.028571,0.009434
2944,3025,30,0.769231,0.018519,0.009434
2944,3026,55,0.62585,0.010417,0.009434
2944,3056,61,0.504065,0.012821,0.009434
2944,3064,41,0.682171,0.015625,0.009434
2944,3065,38,0.68595,0.018868,0.009434
2944,3073,44,0.645161,0.016129,0.009434
2944,3078,66,0.52518,0.010101,0.009434
2944,3084,37,0.744828,0.013158,0.009434
2944,3085,36,0.704918,0.019231,0.009434
2944,3090,54,0.6625,0.009259,0.009434
2944,3098,44,0.653543,0.015385,0.009434
2944,3104,43,0.705479,0.012048,0.009434
2944,3108,48,0.603306,0.015873,0.009434
2944,3129,25,0.784483,0.028571,0.009434
2944,3135,22,0.815126,0.028571,0.009434
2944,3142,35,0.724409,0.017857,0.009434
2944,3149,38,0.716418,0.015152,0.009434
2944,3153,2,0.982609,0.090909,0.009434
2944,3158,32,0.746032,0.019231,0.009434
2944,3195,48,0.630769,0.013889,0.009434
2944,3213,26,0.775862,0.027778,0.009434
2944,3220,44,0.62069,0.018519,0.009434
2944,3226,48,0.649635,0.012658,0.009434
2944,3232,70,0.503546,0.009524,0.009434
2944,3243,15,0.872881,0.037037,0.009434
2944,3257,24,0.806452,0.02381,0.009434
2944,3284,53,0.569106,0.014286,0.009434
2944,3301,30,0.741379,0.025,0.009434
2944,3303,16,0.873016,0.027778,0.009434
2944,3324,52,0.631206,0.011494,0.009434
2944,3339,44,0.674074,0.013699,0.009434
2944,3348,51,0.633094,0.011905,0.009434
2944,3362,46,0.659259,0.013333,0.009434
2944,3363,92,0.365517,0.007634,0.009434
2944,3387,57,0.609589,0.010309,0.009434
2944,3394,11,0.912698,0.032258,0.009434
2944,3417,61,0.544776,0.011236,0.009434
2944,3426,74,0.489655,0.00885,0.009434
2944,3433,45,0.642857,0.015385,0.009434
2945,2956,31,0.739496,0.010417,0.018519
2945,2960,29,0.752137,0.01087,0.018519
2945,2974,32,0.604938,0.016949,0.018519
2945,2977,15,0.791667,0.030303,0.018519
2945,3000,45,0.55,0.010989,0.018519
2945,3023,18,0.746479,0.028571,0.018519
2945,3026,27,0.780488,0.010417,0.018519
2945,3029,24,0.707317,0.019231,0.018519
2945,3056,33,0.666667,0.012821,0.018519
2945,3073,31,0.635294,0.016129,0.018519
2945,3090,31,0.763359,0.009259,0.018519
2945,3098,16,0.84466,0.015385,0.018519
2945,3135,21,0.691176,0.028571,0.018519
2945,3158,25,0.691358,0.019231,0.018519
2945,3163,7,0.9,0.043478,0.018519
2945,3213,17,0.767123,0.027778,0.018519
2945,3220,38,0.457143,0.018519,0.018519
2945,3243,17,0.734375,0.037037,0.018519
2945,3257,17,0.78481,0.02381,0.018519
2945,3293,32,0.609756,0.016667,0.018519
2945,3363,45,0.678571,0.007634,0.018519
2945,3417,43,0.57,0.011236,0.018519
2945,3433,40,0.493671,0.015385,0.018519
2945,3435,18,0.788235,0.020408,0.018519
2946,2952,1,0.983607,0.333333,0.016949
2946,2956,24,0.816794,0.010417,0.016949
2946,2957,2,0.971831,0.071429,0.016949
2946,2961,5,0.923077,0.090909,0.016949
2946,2969,23,0.785047,0.014085,0.016949
2946,2986,32,0.748031,0.01,0.016949
2946,2996,4,0.957447,0.025641,0.016949
2946,3000,27,0.780488,0.010989,0.016949
2946,3033,28,0.764706,0.011364,0.016949
2946,3054,27,0.765217,0.012048,0.016949
2946,3065,19,0.795699,0.018868,0.016949
2946,3085,18,0.806452,0.019231,0.016949
2946,3097,7,0.924731,0.02439,0.016949
2946,3104,19,0.845528,0.012048,0.016949
2946,3117,32,0.644444,0.015873,0.016949
2946,3119,21,0.803738,0.014493,0.016949
2946,3124,9,0.8875,0.033333,0.016949
2946,3149,15,0.863636,0.015152,0.016949
2946,3173,4,0.945205,0.055556,0.016949
2946,3174,29,0.721154,0.013514,0.016949
2946,3211,3,0.962963,0.04,0.016949
2946,3215,11,0.849315,0.04,0.016949
2946,3228,14,0.82716,0.027778,0.016949
2946,3263,2,0.982609,0.017241,0.016949
2946,3294,4,0.948718,0.043478,0.016949
2946,3302,7,0.941176,0.014925,0.016949
2946,3304,13,0.839506,0.028571,0.016949
2946,3335,7,0.940171,0.015385,0.016949
2946,3363,32,0.797468,0.007634,0.016949
2946,3380,4,0.947368,0.047619,0.016949
2946,3387,27,0.790698,0.010309,0.016949
2947,2951,11,0.898148,0.009804,0.058824
2947,2962,4,0.875,0.052632,0.058824
2947,3001,13,0.666667,0.028571,0.058824
2947,3019,15,0.791667,0.014286,0.058824
2947,3062,13,0.638889,0.03125,0.058824
2947,3100,10,0.756098,0.029412,0.058824
2947,3154,12,0.875,0.010989,0.058824
2947,3162,15,0.745763,0.017544,0.058824
2947,3168,15,0.7,0.020833,0.058824
2947,3177,10,0.791667,0.02439,0.058824
2947,3233,14,0.787879,0.015873,0.058824
2947,3273,10,0.69697,0.038462,0.058824
2947,3331,6,0.87234,0.027778,0.058824
2948,3023,15,0.634146,0.028571,0.047619
2948,3052,12,0.79661,0.02,0.047619
2948,3065,6,0.911765,0.018868,0.047619
2948,3184,17,0.738462,0.016393,0.047619
2948,3193,14,0.588235,0.037037,0.047619
2948,3234,12,0.714286,0.030303,0.047619
2948,3301,6,0.890909,0.025,0.047619
2948,3315,7,0.75,0.071429,0.047619
2948,3324,16,0.826087,0.011494,0.047619
2948,3363,14,0.898551,0.007634,0.047619
2948,3414,12,0.555556,0.055556,0.047619
2948,3436,3,0.88,0.142857,0.047619
2949,2983,13,0.458333,0.058824,0.05
2949,2997,8,0.692308,0.071429,0.05
2949,2999,11,0.717949,0.033333,0.05
2949,3012,8,0.652174,0.090909,0.05
2949,3020,9,0.8125,0.027027,0.05
2949,3028,6,0.769231,0.083333,0.05
2949,3063,8,0.652174,0.090909,0.05
2949,3066,12,0.454545,0.071429,0.05
2949,3083,9,0.571429,0.1,0.05
2949,3126,7,0.666667,0.125,0.05
2949,3128,9,0.571429,0.1,0.05
2949,3155,7,0.72,0.083333,0.05
2949,3310,4,0.809524,0.2,0.05
2949,3322,7,0.666667,0.125,0.05
2949,3336,6,0.714286,0.142857,0.05
2950,2976,13,0.828947,0.02439,0.020833
2950,3035,20,0.830508,0.011111,0.020833
2950,3060,21,0.8,0.012821,0.020833
2950,3070,12,0.877551,0.016129,0.020833
2950,3075,4,0.940299,0.043478,0.020833
2950,3076,20,0.824561,0.011628,0.020833
2950,3087,7,0.923913,0.019608,0.020833
2950,3101,26,0.819444,0.008197,0.020833
2950,3107,9,0.9,0.019608,0.020833
2950,3113,15,0.851485,0.014706,0.020833
2950,3115,19,0.788889,0.016393,0.020833
2950,3116,28,0.772358,0.009709,0.020833
2950,3144,2,0.967742,0.0625,0.020833
2950,3150,20,0.82906,0.011236,0.020833
2950,3152,23,0.790909,0.011765,0.020833
2950,3172,18,0.823529,0.013889,0.020833
2950,3182,21,0.778947,0.014706,0.020833
2950,3185,22,0.792453,0.0125,0.020833
2950,3189,8,0.864407,0.052632,0.020833
2950,3191,4,0.952381,0.025,0.020833
2950,3198,29,0.72381,0.011628,0.020833
2950,3219,12,0.84,0.025641,0.020833
2950,3246,3,0.949153,0.071429,0.020833
2950,3256,6,0.942857,0.015873,0.020833
2950,3258,12,0.855422,0.021277,0.020833
2950,3259,8,0.887324,0.032258,0.020833
2950,3261,13,0.853933,0.018519,0.020833
2950,3272,15,0.805195,0.022727,0.020833
2950,3280,23,0.825758,0.009346,0.020833
2950,3320,23,0.833333,0.00885,0.020833
2950,3321,12,0.885714,0.014493,0.020833
2950,3331,6,0.923077,0.027778,0.020833
2950,3335,20,0.784946,0.015385,0.020833
2950,3351,24,0.777778,0.011905,0.020833
2950,3357,6,0.894737,0.066667,0.020833
2950,3360,21,0.792079,0.013514,0.020833
2950,3395,11,0.853333,0.026316,0.020833
2950,3411,17,0.817204,0.016129,0.020833
2951,2955,15,0.885496,0.022727,0.009804
2951,2984,12,0.894737,0.041667,0.009804
2951,2989,28,0.787879,0.017241,0.009804
2951,2990,11,0.894231,0.076923,0.009804
2951,3001,14,0.886179,0.028571,0.009804
2951,3002,44,0.661538,0.013889,0.009804
2951,3007,12,0.894737,0.041667,0.009804
2951,3016,8,0.934959,0.034483,0.009804
2951,3017,18,0.883117,0.014286,0.009804
2951,3018,20,0.821429,0.033333,0.009804
2951,3019,38,0.716418,0.014286,0.009804
2951,3020,7,0.94697,0.027027,0.009804
2951,3034,17,0.867188,0.023256,0.009804
2951,3038,33,0.789809,0.011364,0.009804
2951,3051,30,0.82659,0.009901,0.009804
2951,3075,13,0.883929,0.043478,0.009804
2951,3077,33,0.733871,0.018182,0.009804
2951,3082,33,0.821622,0.008621,0.009804
2951,3086,28,0.747748,0.027027,0.009804
2951,3087,17,0.875,0.019608,0.009804
2951,3097,13,0.9,0.02439,0.009804
2951,3100,15,0.876033,0.029412,0.009804
2951,3103,14,0.87037,0.05,0.009804
2951,3106,25,0.820144,0.016129,0.009804
2951,3107,18,0.866667,0.019608,0.009804
2951,3118,24,0.803279,0.022727,0.009804
2951,3120,24,0.838926,0.014085,0.009804
2951,3150,22,0.869822,0.011236,0.009804
2951,3154,50,0.65035,0.010989,0.009804
2951,3159,4,0.961905,0.142857,0.009804
2951,3162,38,0.68595,0.017544,0.009804
2951,3168,33,0.717949,0.020833,0.009804
2951,3171,6,0.947826,0.052632,0.009804
2951,3176,19,0.827273,0.037037,0.009804
2951,3191,27,0.765217,0.025,0.009804
2951,3196,9,0.932331,0.025,0.009804
2951,3198,31,0.802548,0.011628,0.009804
2951,3203,22,0.801802,0.032258,0.009804
2951,3207,32,0.711712,0.02439,0.009804
2951,3214,14,0.907285,0.015873,0.009804
2951,3219,14,0.889764,0.025641,0.009804
2951,3224,27,0.792308,0.018182,0.009804
2951,3233,39,0.690476,0.015873,0.009804
2951,3240,28,0.8,0.015152,0.009804
2951,3241,14,0.869159,0.052632,0.009804
2951,3252,27,0.832298,0.011628,0.009804
2951,3253,18,0.866667,0.019608,0.009804
2951,3259,11,0.909836,0.032258,0.009804
2951,3263,17,0.881119,0.017241,0.009804
2951,3264,8,0.936,0.032258,0.009804
2951,3274,16,0.892617,0.015873,0.009804
2951,3285,20,0.816514,0.037037,0.009804
2951,3291,36,0.805405,0.008403,0.009804
2951,3295,27,0.77686,0.021739,0.009804
2951,3299,28,0.791045,0.016667,0.009804
2951,3313,13,0.892562,0.03125,0.009804
2951,3321,27,0.8125,0.014493,0.009804
2951,3330,26,0.846154,0.010753,0.009804
2951,3342,32,0.768116,0.014706,0.009804
2951,3344,24,0.844156,0.013158,0.009804
2951,3345,27,0.807143,0.015385,0.009804
2951,3346,24,0.787611,0.028571,0.009804
2951,3353,20,0.861111,0.016129,0.009804
2951,3359,13,0.878505,0.055556,0.009804
2951,3360,19,0.878981,0.013514,0.009804
2951,3366,35,0.728682,0.016129,0.009804
2951,3379,21,0.801887,0.04,0.009804
2951,3391,20,0.851852,0.018868,0.009804
2951,3397,34,0.814208,0.008696,0.009804
2951,3404,9,0.918919,0.055556,0.009804
2951,3406,29,0.797203,0.014286,0.009804
2951,3410,11,0.897196,0.0625,0.009804
2951,3411,11,0.928105,0.016129,0.009804
2951,3412,35,0.6875,0.022222,0.009804
2951,3415,16,0.86087,0.034483,0.009804
2951,3421,13,0.880734,0.05,0.009804
2952,3045,1,0.9,0.125,0.333333
2953,2969,16,0.820225,0.014085,0.029412
2953,2988,20,0.74026,0.015873,0.029412
2953,3000,25,0.75,0.010989,0.029412
2953,3014,19,0.672414,0.023256,0.029412
2953,3026,29,0.712871,0.010417,0.029412
2953,3052,12,0.833333,0.02,0.029412
2953,3073,12,0.857143,0.016129,0.029412
2953,3084,25,0.705882,0.013158,0.029412
2953,3090,28,0.754386,0.009259,0.029412
2953,3104,29,0.670455,0.012048,0.029412
2953,3119,20,0.759036,0.014493,0.029412
2953,3238,15,0.75,0.02439,0.029412
2953,3362,26,0.686747,0.013333,0.029412
2953,3364,21,0.66129,0.020408,0.029412
2953,3384,22,0.639344,0.020408,0.029412
2953,3417,27,0.71875,0.011236,0.029412
2953,3435,19,0.703125,0.020408,0.029412
2954,3190,7,0.611111,0.083333,0.076923
2954,3215,1,0.972973,0.04,0.076923
2954,3221,8,0.741935,0.038462,0.076923
2954,3248,8,0.777778,0.032258,0.076923
2954,3279,1,0.972973,0.04,0.076923
2954,3327,8,0.854545,0.02,0.076923
2954,3383,8,0.636364,0.058824,0.076923
2955,2999,8,0.878788,0.033333,0.022727
2955,3018,8,0.878788,0.033333,0.022727
2955,3032,16,0.68,0.045455,0.022727
2955,3067,2,0.963636,0.076923,0.022727
2955,3087,29,0.560606,0.019608,0.022727
2955,3136,24,0.707317,0.016129,0.022727
2955,3187,22,0.607143,0.029412,0.022727
2955,3196,27,0.526316,0.025,0.022727
2955,3219,17,0.742424,0.025641,0.022727
2955,3221,6,0.90625,0.038462,0.022727
2955,3236,15,0.7,0.047619,0.022727
2955,3253,26,0.623188,0.019608,0.022727
2955,3255,18,0.689655,0.03125,0.022727
2955,3256,25,0.695122,0.015873,0.022727
2955,3264,24,0.529412,0.032258,0.022727
2955,3289,6,0.894737,0.052632,0.022727
2955,3327,13,0.839506,0.02,0.022727
2955,3337,12,0.785714,0.041667,0.022727
2955,3342,8,0.923077,0.014706,0.022727
2955,3346,6,0.917808,0.028571,0.022727
2955,3369,26,0.57377,0.023256,0.022727
2955,3385,21,0.723684,0.018868,0.022727
2955,3395,12,0.828571,0.026316,0.022727
2955,3397,7,0.953947,0.008696,0.022727
2955,3402,8,0.843137,0.066667,0.022727
2955,3403,5,0.945055,0.019231,0.022727
2955,3404,9,0.830189,0.055556,0.022727
2955,3419,5,0.95098,0.015873,0.022727
2956,2960,52,0.617647,0.01087,0.010417
2956,2966,63,0.55,0.009346,0.010417
2956,2969,39,0.695312,0.014085,0.010417
2956,2977,28,0.722772,0.030303,0.010417
2956,2981,14,0.866667,0.043478,0.010417
2956,2985,41,0.643478,0.016667,0.010417
2956,2986,57,0.589928,0.01,0.010417
2956,2987,18,0.828571,0.037037,0.010417
2956,2988,45,0.605263,0.015873,0.010417
2956,2993,46,0.566038,0.017857,0.010417
2956,2994,50,0.54955,0.015385,0.010417
2956,3000,60,0.527559,0.010989,0.010417
2956,3014,36,0.650485,0.023256,0.010417
2956,3022,49,0.614173,0.0125,0.010417
2956,3026,70,0.42623,0.010417,0.010417
2956,3029,41,0.616822,0.019231,0.010417
2956,3040,32,0.721739,0.019608,0.010417
2956,3047,39,0.635514,0.02,0.010417
2956,3078,59,0.566176,0.010101,0.010417
2956,3084,56,0.517241,0.013158,0.010417
2956,3090,72,0.454545,0.009259,0.010417
2956,3104,59,0.508333,0.012048,0.010417
2956,3114,28,0.754386,0.021739,0.010417
2956,3117,27,0.795455,0.015873,0.010417
2956,3119,51,0.552632,0.014493,0.010417
2956,3123,22,0.794393,0.030303,0.010417
2956,3166,30,0.711538,0.026316,0.010417
2956,3174,50,0.583333,0.013514,0.010417
2956,3184,27,0.792308,0.016393,0.010417
2956,3195,40,0.6875,0.013889,0.010417
2956,3220,34,0.706897,0.018519,0.010417
2956,3232,61,0.564286,0.009524,0.010417
2956,3238,30,0.719626,0.02439,0.010417
2956,3243,21,0.794118,0.037037,0.010417
2956,3293,42,0.631579,0.016667,0.010417
2956,3324,46,0.664234,0.011494,0.010417
2956,3339,54,0.530435,0.013699,0.010417
2956,3362,51,0.575,0.013333,0.010417
2956,3363,68,0.572327,0.007634,0.010417
2956,3364,40,0.619048,0.020408,0.010417
2956,3384,40,0.619048,0.020408,0.010417
2956,3387,61,0.537879,0.010309,0.010417
2956,3400,24,0.775701,0.028571,0.010417
2956,3417,61,0.508065,0.011236,0.010417
2956,3426,56,0.633987,0.00885,0.010417
2956,3433,42,0.647059,0.015385,0.010417
2956,3435,36,0.669725,0.020408,0.010417
2957,2964,2,0.933333,0.055556,0.071429
2957,3011,8,0.833333,0.02381,0.071429
2957,3061,7,0.666667,0.071429,0.071429
2957,3081,8,0.741935,0.04,0.071429
2957,3196,3,0.941176,0.025,0.071429
2957,3254,2,0.916667,0.083333,0.071429
2957,3263,8,0.875,0.017241,0.071429
2957,3308,5,0.722222,0.111111,0.071429
2958,2976,10,0.863014,0.02439,0.02381
2958,3001,5,0.930556,0.028571,0.02381
2958,3009,2,0.966102,0.052632,0.02381
2958,3011,13,0.816901,0.02381,0.02381
2958,3019,13,0.868687,0.014286,0.02381
2958,3048,4,0.924528,0.066667,0.02381
2958,3076,21,0.803738,0.011628,0.02381
2958,3079,15,0.772727,0.025641,0.02381
2958,3100,9,0.865672,0.029412,0.02381
2958,3111,15,0.810127,0.019231,0.02381
2958,3124,4,0.941176,0.033333,0.02381
2958,3160,7,0.892308,0.033333,0.02381
2958,3178,5,0.919355,0.04,0.02381
2958,3179,15,0.842105,0.014706,0.02381
2958,3182,19,0.791209,0.014706,0.02381
2958,3261,14,0.829268,0.018519,0.02381
2958,3262,11,0.8,0.041667,0.02381
2958,3276,5,0.912281,0.05,0.02381
2958,3279,6,0.901639,0.04,0.02381
2958,3280,14,0.896296,0.009346,0.02381
2958,3288,8,0.902439,0.020833,0.02381
2958,3295,7,0.91358,0.021739,0.02381
2958,3302,5,0.951923,0.014925,0.02381
2958,3313,6,0.911765,0.03125,0.02381
2958,3327,7,0.917647,0.02,0.02381
2958,3331,6,0.916667,0.027778,0.02381
2958,3350,21,0.796117,0.012195,0.02381
2958,3353,9,0.905263,0.016129,0.02381
2958,3377,7,0.893939,0.032258,0.02381
2958,3386,12,0.853659,0.019231,0.02381
2958,3396,17,0.831683,0.013158,0.02381
2959,2972,14,0.3,0.058824,0.058824
2959,2982,14,0.222222,0.066667,0.058824
2959,3008,15,0.166667,0.0625,0.058824
2959,3283,14,0.263158,0.0625,0.058824
2959,3309,15,0.25,0.055556,0.058824
2959,3314,15,0.166667,0.0625,0.058824
2959,3318,16,0.238095,0.05,0.058824
2959,3325,15,0.285714,0.052632,0.058824
2959,3382,15,0.210526,0.058824,0.058824
2959,3423,14,0.263158,0.0625,0.058824
2960,2966,64,0.525926,0.009346,0.01087
2960,2969,47,0.594828,0.014085,0.01087
2960,2974,48,0.533981,0.016949,0.01087
2960,2985,43,0.605505,0.016667,0.01087
2960,2986,73,0.386555,0.01,0.01087
2960,2988,33,0.729508,0.015873,0.01087
2960,3000,53,0.592308,0.010989,0.01087
2960,3004,40,0.619048,0.018868,0.01087
2960,3014,18,0.846154,0.023256,0.01087
2960,3022,54,0.542373,0.0125,0.01087
2960,3033,56,0.548387,0.011364,0.01087
2960,3040,37,0.650943,0.019608,0.01087
2960,3047,30,0.732143,0.02,0.01087
2960,3056,54,0.534483,0.012821,0.01087
2960,3064,45,0.594595,0.015625,0.01087
2960,3065,38,0.64486,0.018868,0.01087
2960,3073,37,0.683761,0.016129,0.01087
2960,3078,68,0.447154,0.010101,0.01087
2960,3096,53,0.53913,0.013158,0.01087
2960,3104,37,0.731884,0.012048,0.01087
2960,3108,48,0.551402,0.015873,0.01087
2960,3117,32,0.739837,0.015873,0.01087
2960,3119,31,0.761538,0.014493,0.01087
2960,3129,19,0.824074,0.028571,0.01087
2960,3149,41,0.649573,0.015152,0.01087
2960,3153,3,0.97,0.090909,0.01087
2960,3158,21,0.829268,0.019231,0.01087
2960,3174,53,0.530973,0.013514,0.01087
2960,3184,38,0.669565,0.016393,0.01087
2960,3226,54,0.538462,0.012658,0.01087
2960,3228,24,0.769231,0.027778,0.01087
2960,3232,65,0.507576,0.009524,0.01087
2960,3250,22,0.788462,0.029412,0.01087
2960,3284,56,0.471698,0.014286,0.01087
2960,3324,43,0.683824,0.011494,0.01087
2960,3348,55,0.545455,0.011905,0.01087
2960,3363,77,0.472603,0.007634,0.01087
2960,3364,26,0.773913,0.020408,0.01087
2960,3387,56,0.578947,0.010309,0.01087
2960,3399,30,0.69697,0.027027,0.01087
2960,3414,9,0.910891,0.055556,0.01087
2960,3417,53,0.585938,0.011236,0.01087
2960,3426,65,0.535714,0.00885,0.01087
2960,3433,37,0.691667,0.015385,0.01087
2961,2967,2,0.935484,0.045455,0.090909
2961,3098,2,0.972973,0.015385,0.090909
2961,3227,1,0.933333,0.2,0.090909
2961,3286,2,0.9375,0.043478,0.090909
2961,3294,3,0.903226,0.043478,0.090909
2961,3303,4,0.906977,0.027778,0.090909
2961,3304,3,0.930233,0.028571,0.090909
2962,3001,11,0.744186,0.028571,0.052632
2962,3077,10,0.84375,0.018182,0.052632
2962,3091,5,0.75,0.166667,0.052632
2962,3244,6,0.777778,0.071429,0.052632
2962,3273,7,0.815789,0.038462,0.052632
2962,3295,9,0.839286,0.021739,0.052632
2962,3302,2,0.97619,0.014925,0.052632
2962,3373,6,0.8,0.058824,0.052632
2963,3036,2,0.95,0.026316,0.25
2963,3042,1,0.956522,0.05,0.25
2963,3084,2,0.974359,0.013158,0.25
2964,2979,1,0.971429,0.055556,0.055556
2964,3001,3,0.94,0.028571,0.055556
2964,3038,2,0.980769,0.011364,0.055556
2964,3051,2,0.982906,0.009901,0.055556
2964,3057,2,0.939394,0.058824,0.055556
2964,3062,7,0.837209,0.03125,0.055556
2964,3157,1,0.96875,0.066667,0.055556
2964,3289,4,0.878788,0.052632,0.055556
2964,3326,1,0.969697,0.0625,0.055556
2964,3331,6,0.875,0.027778,0.055556
2964,3374,1,0.969697,0.0625,0.055556
2965,3005,2,0.965517,0.023256,0.058824
2965,3051,9,0.917431,0.009901,0.058824
2965,3060,9,0.895349,0.012821,0.058824
2965,3107,2,0.969697,0.019608,0.058824
2965,3148,5,0.880952,0.033333,0.058824
2965,3162,3,0.957746,0.017544,0.058824
2965,3242,4,0.857143,0.066667,0.058824
2965,3274,3,0.961039,0.015873,0.058824
2965,3280,7,0.940171,0.009346,0.058824
2965,3298,8,0.851852,0.022222,0.058824
2965,3328,3,0.90625,0.055556,0.058824
2965,3378,8,0.884058,0.016667,0.058824
2966,2985,56,0.495495,0.016667,0.009346
2966,2986,70,0.489051,0.01,0.009346
2966,2987,20,0.824561,0.037037,0.009346
2966,2993,41,0.663934,0.017857,0.009346
2966,2994,37,0.725926,0.015385,0.009346
2966,3000,56,0.605634,0.010989,0.009346
2966,3014,28,0.770492,0.023256,0.009346
2966,3022,67,0.441667,0.0125,0.009346
2966,3026,62,0.560284,0.010417,0.009346
2966,3033,73,0.401639,0.011364,0.009346
2966,3040,47,0.576577,0.019608,0.009346
2966,3047,43,0.622807,0.02,0.009346
2966,3052,31,0.753968,0.02,0.009346
2966,3054,57,0.571429,0.012048,0.009346
2966,3056,50,0.62963,0.012821,0.009346
2966,3065,44,0.62069,0.018868,0.009346
2966,3078,77,0.403101,0.010101,0.009346
2966,3084,40,0.72028,0.013158,0.009346
2966,3085,33,0.738095,0.019231,0.009346
2966,3090,62,0.594771,0.009259,0.009346
2966,3096,66,0.435897,0.013158,0.009346
2966,3098,52,0.566667,0.015385,0.009346
2966,3104,45,0.689655,0.012048,0.009346
2966,3108,54,0.534483,0.015873,0.009346
2966,3117,31,0.776978,0.015873,0.009346
2966,3119,44,0.666667,0.014493,0.009346
2966,3142,46,0.606838,0.017857,0.009346
2966,3149,56,0.521368,0.015152,0.009346
2966,3158,30,0.767442,0.019231,0.009346
2966,3163,18,0.839286,0.043478,0.009346
2966,3166,24,0.801653,0.026316,0.009346
2966,3174,62,0.478992,0.013514,0.009346
2966,3195,65,0.429825,0.013889,0.009346
2966,3226,67,0.436975,0.012658,0.009346
2966,3232,82,0.369231,0.009524,0.009346
2966,3237,17,0.855932,0.035714,0.009346
2966,3238,29,0.756303,0.02439,0.009346
2966,3250,32,0.706422,0.029412,0.009346
2966,3257,20,0.844961,0.02381,0.009346
2966,3284,59,0.5,0.014286,0.009346
2966,3301,28,0.764706,0.025,0.009346
2966,3303,18,0.856,0.027778,0.009346
2966,3339,57,0.536585,0.013699,0.009346
2966,3348,67,0.459677,0.011905,0.009346
2966,3362,45,0.671533,0.013333,0.009346
2966,3363,81,0.484076,0.007634,0.009346
2966,3387,83,0.31405,0.010309,0.009346
2966,3390,15,0.871795,0.04,0.009346
2966,3399,26,0.779661,0.027027,0.009346
2966,3417,53,0.629371,0.011236,0.009346
2966,3426,75,0.482759,0.00885,0.009346
2966,3435,30,0.761905,0.020408,0.009346
2967,3004,14,0.770492,0.018868,0.045455
2967,3023,12,0.733333,0.028571,0.045455
2967,3054,12,0.870968,0.012048,0.045455
2967,3092,5,0.821429,0.090909,0.045455
2967,3213,15,0.651163,0.027778,0.045455
2967,3234,8,0.829787,0.030303,0.045455
2967,3303,13,0.711111,0.027778,0.045455
2967,3324,18,0.802198,0.011494,0.045455
2967,3363,16,0.883212,0.007634,0.045455
2967,3426,12,0.902439,0.00885,0.045455
2968,3011,4,0.921569,0.02381,0.076923
2968,3020,4,0.913043,0.027027,0.076923
2968,3077,1,0.985075,0.018182,0.076923
2968,3097,1,0.981132,0.02439,0.076923
2968,3161,1,0.944444,0.166667,0.076923
2968,3258,5,0.909091,0.021277,0.076923
2968,3343,1,0.961538,0.071429,0.076923
2969,2974,33,0.659794,0.016949,0.014085
2969,2986,53,0.550847,0.01,0.014085
2969,3000,37,0.704,0.010989,0.014085
2969,3033,43,0.62931,0.011364,0.014085
2969,3036,12,0.876289,0.026316,0.014085
2969,3054,44,0.6,0.012048,0.014085
2969,3056,45,0.567308,0.012821,0.014085
2969,3065,31,0.666667,0.018868,0.014085
2969,3078,54,0.534483,0.010101,0.014085
2969,3085,33,0.633333,0.019231,0.014085
2969,3096,44,0.572816,0.013158,0.014085
2969,3098,35,0.653465,0.015385,0.014085
2969,3104,33,0.727273,0.012048,0.014085
2969,3108,38,0.604167,0.015873,0.014085
2969,3117,23,0.792793,0.015873,0.014085
2969,3184,29,0.718447,0.016393,0.014085
2969,3195,36,0.663551,0.013889,0.014085
2969,3220,25,0.75,0.018519,0.014085
2969,3284,42,0.575758,0.014286,0.014085
2969,3301,20,0.78022,0.025,0.014085
2969,3304,21,0.752941,0.028571,0.014085
2969,3324,35,0.715447,0.011494,0.014085
2969,3339,32,0.714286,0.013699,0.014085
2969,3348,44,0.603604,0.011905,0.014085
2969,3362,30,0.741379,0.013333,0.014085
2969,3364,23,0.762887,0.020408,0.014085
2969,3387,45,0.634146,0.010309,0.014085
2969,3426,53,0.59542,0.00885,0.014085
2970,3021,34,0.433333,0.02,0.022727
2970,3035,40,0.574468,0.011111,0.022727
2970,3049,42,0.461538,0.013158,0.022727
2970,3070,34,0.527778,0.016129,0.022727
2970,3082,41,0.655462,0.008621,0.022727
2970,3101,43,0.650407,0.008197,0.022727
2970,3102,31,0.5,0.020408,0.022727
2970,3106,23,0.722892,0.016129,0.022727
2970,3115,27,0.653846,0.016393,0.022727
2970,3116,42,0.6,0.009709,0.022727
2970,3120,34,0.580247,0.014085,0.022727
2970,3132,42,0.511628,0.011905,0.022727
2970,3146,35,0.5,0.016393,0.022727
2970,3150,32,0.683168,0.011236,0.022727
2970,3169,38,0.432836,0.016393,0.022727
2970,3179,26,0.697674,0.014706,0.022727
2970,3185,24,0.76,0.0125,0.022727
2970,3201,42,0.553191,0.01087,0.022727
2970,3206,29,0.560606,0.019608,0.022727
2970,3239,35,0.507042,0.016129,0.022727
2970,3247,40,0.428571,0.015152,0.022727
2970,3252,40,0.555556,0.011628,0.022727
2970,3265,32,0.466667,0.020833,0.022727
2970,3280,35,0.698276,0.009346,0.022727
2970,3297,35,0.513889,0.015873,0.022727
2970,3316,29,0.462963,0.025641,0.022727
2970,3330,35,0.656863,0.010753,0.022727
2970,3332,18,0.795455,0.016129,0.022727
2970,3344,36,0.571429,0.013158,0.022727
2970,3351,39,0.561798,0.011905,0.022727
2970,3391,31,0.530303,0.018868,0.022727
2970,3411,18,0.795455,0.016129,0.022727
2970,3416,35,0.435484,0.018868,0.022727
2970,3419,31,0.592105,0.015873,0.022727
2970,3434,38,0.663717,0.009346,0.022727
2972,3008,14,0.263158,0.0625,0.058824
2972,3283,14,0.263158,0.0625,0.058824
2972,3309,15,0.25,0.055556,0.058824
2972,3311,10,0.444444,0.090909,0.058824
2972,3314,13,0.35,0.0625,0.058824
2972,3318,16,0.238095,0.05,0.058824
2972,3325,16,0.2,0.052632,0.058824
2972,3382,15,0.210526,0.058824,0.058824
2972,3423,14,0.263158,0.0625,0.058824
2973,2976,16,0.836735,0.02439,0.013699
2973,2989,41,0.544444,0.017241,0.013699
2973,2992,36,0.669725,0.013889,0.013699
2973,3021,32,0.648352,0.02,0.013699
2973,3035,44,0.630252,0.011111,0.013699
2973,3038,45,0.612069,0.011364,0.013699
2973,3041,13,0.850575,0.037037,0.013699
2973,3046,18,0.804348,0.027027,0.013699
2973,3049,39,0.645455,0.013158,0.013699
2973,3051,45,0.651163,0.009901,0.013699
2973,3060,34,0.709402,0.012821,0.013699
2973,3070,39,0.59375,0.016129,0.013699
2973,3082,59,0.546154,0.008621,0.013699
2973,3089,31,0.670213,0.019231,0.013699
2973,3101,55,0.607143,0.008197,0.013699
2973,3106,47,0.465909,0.016129,0.013699
2973,3115,29,0.72381,0.016393,0.013699
2973,3116,53,0.569106,0.009709,0.013699
2973,3120,44,0.56,0.014085,0.013699
2973,3132,47,0.572727,0.011905,0.013699
2973,3146,34,0.66,0.016393,0.013699
2973,3152,38,0.683333,0.011765,0.013699
2973,3154,28,0.794118,0.010989,0.013699
2973,3160,19,0.77381,0.033333,0.013699
2973,3169,34,0.66,0.016393,0.013699
2973,3201,46,0.613445,0.01087,0.013699
2973,3206,36,0.590909,0.019608,0.013699
2973,3212,19,0.786517,0.028571,0.013699
2973,3223,3,0.967742,0.043478,0.013699
2973,3239,41,0.56383,0.016129,0.013699
2973,3240,42,0.56701,0.015152,0.013699
2973,3247,42,0.56701,0.015152,0.013699
2973,3252,51,0.527778,0.011628,0.013699
2973,3280,45,0.666667,0.009346,0.013699
2973,3291,58,0.567164,0.008403,0.013699
2973,3299,28,0.733333,0.016667,0.013699
2973,3319,12,0.862069,0.038462,0.013699
2973,3320,50,0.632353,0.00885,0.013699
2973,3321,39,0.621359,0.014493,0.013699
2973,3330,46,0.616667,0.010753,0.013699
2973,3332,30,0.714286,0.016129,0.013699
2973,3344,55,0.414894,0.013158,0.013699
2973,3345,34,0.673077,0.015385,0.013699
2973,3347,37,0.669643,0.013158,0.013699
2973,3351,41,0.646552,0.011905,0.013699
2973,3355,44,0.46988,0.018519,0.013699
2973,3360,30,0.74359,0.013514,0.013699
2973,3386,28,0.71134,0.019231,0.013699
2973,3391,39,0.551724,0.018868,0.013699
2973,3396,30,0.747899,0.013158,0.013699
2973,3397,60,0.53125,0.008696,0.013699
2973,3406,42,0.584158,0.014286,0.013699
2973,3422,13,0.87,0.025,0.013699
2973,3434,60,0.5,0.009346,0.013699
2974,2986,45,0.605263,0.01,0.016949
2974,2994,17,0.841121,0.015385,0.016949
2974,3023,18,0.763158,0.028571,0.016949
2974,3054,34,0.685185,0.012048,0.016949
2974,3056,42,0.557895,0.012821,0.016949
2974,3073,31,0.655556,0.016129,0.016949
2974,3078,43,0.626087,0.010101,0.016949
2974,3096,39,0.59375,0.013158,0.016949
2974,3108,32,0.644444,0.015873,0.016949
2974,3149,28,0.71134,0.015152,0.016949
2974,3158,16,0.831579,0.019231,0.016949
2974,3174,31,0.696078,0.013514,0.016949
2974,3213,16,0.797468,0.027778,0.016949
2974,3220,34,0.56962,0.018519,0.016949
2974,3284,38,0.582418,0.014286,0.016949
2974,3339,29,0.718447,0.013699,0.016949
2974,3362,23,0.792793,0.013333,0.016949
2974,3363,54,0.602941,0.007634,0.016949
2974,3387,36,0.7,0.010309,0.016949
2974,3399,16,0.8,0.027027,0.016949
2974,3417,40,0.62963,0.011236,0.016949
2974,3426,44,0.65625,0.00885,0.016949
2974,3433,31,0.666667,0.015385,0.016949
2975,3105,1,0.928571,0.083333,0.333333
2976,2989,13,0.848837,0.017241,0.02439
2976,3017,19,0.793478,0.014286,0.02439
2976,3060,26,0.72043,0.012821,0.02439
2976,3076,27,0.73,0.011628,0.02439
2976,3089,10,0.879518,0.019231,0.02439
2976,3111,19,0.743243,0.019231,0.02439
2976,3118,11,0.851351,0.022727,0.02439
2976,3160,12,0.79661,0.033333,0.02439
2976,3172,25,0.715909,0.013889,0.02439
2976,3182,23,0.732558,0.014706,0.02439
2976,3185,21,0.79,0.0125,0.02439
2976,3258,16,0.777778,0.021277,0.02439
2976,3261,21,0.716216,0.018519,0.02439
2976,3272,13,0.819444,0.022727,0.02439
2976,3280,23,0.816,0.009346,0.02439
2976,3287,17,0.763889,0.020833,0.02439
2976,3289,3,0.947368,0.052632,0.02439
2976,3291,22,0.84058,0.008403,0.02439
2976,3298,14,0.805556,0.022222,0.02439
2976,3320,32,0.737705,0.00885,0.02439
2976,3344,13,0.875,0.013158,0.02439
2976,3360,17,0.826531,0.013514,0.02439
2976,3378,19,0.768293,0.016667,0.02439
2976,3386,18,0.76,0.019231,0.02439
2976,3403,14,0.822785,0.019231,0.02439
2976,3434,20,0.84375,0.009346,0.02439
2977,2993,22,0.671642,0.017857,0.030303
2977,3000,25,0.747475,0.010989,0.030303
2977,3014,15,0.754098,0.023256,0.030303
2977,3029,26,0.559322,0.019231,0.030303
2977,3084,28,0.654321,0.013158,0.030303
2977,3104,25,0.725275,0.012048,0.030303
2977,3119,24,0.692308,0.014493,0.030303
2977,3129,7,0.885246,0.028571,0.030303
2977,3166,12,0.79661,0.026316,0.030303
2977,3238,21,0.603774,0.02439,0.030303
2977,3243,16,0.636364,0.037037,0.030303
2977,3257,21,0.611111,0.02381,0.030303
2977,3293,27,0.590909,0.016667,0.030303
2977,3384,22,0.633333,0.020408,0.030303
2977,3435,26,0.535714,0.020408,0.030303
2978,3010,8,0.836735,0.03125,0.04
2978,3045,5,0.821429,0.125,0.04
2978,3059,4,0.846154,0.2,0.04
2978,3080,6,0.87234,0.035714,0.04
2978,3090,18,0.843478,0.009259,0.04
2978,3104,11,0.886598,0.012048,0.04
2978,3130,10,0.642857,0.076923,0.04
2978,3139,11,0.685714,0.047619,0.04
2978,3231,13,0.675,0.035714,0.04
2978,3300,15,0.464286,0.055556,0.04
2978,3303,4,0.929825,0.027778,0.04
2978,3392,9,0.727273,0.058824,0.04
2978,3426,12,0.904762,0.00885,0.04
2978,3430,8,0.789474,0.047619,0.04
2979,3081,2,0.95122,0.04,0.055556
2979,3101,5,0.962963,0.008197,0.055556
2979,3201,5,0.952381,0.01087,0.055556
2979,3297,4,0.948052,0.015873,0.055556
2979,3340,3,0.903226,0.0625,0.055556
2979,3409,3,0.903226,0.0625,0.055556
2980,3267,4,0.945205,0.013889,0.2
2980,3270,4,0.428571,0.166667,0.2
2981,3025,16,0.737705,0.018519,0.043478
2981,3036,11,0.78,0.026316,0.043478
2981,3042,3,0.925,0.05,0.043478
2981,3073,15,0.785714,0.016129,0.043478
2981,3114,13,0.767857,0.021739,0.043478
2981,3119,12,0.85,0.014493,0.043478
2981,3123,11,0.755556,0.030303,0.043478
2981,3130,1,0.971429,0.076923,0.043478
2981,3137,12,0.8,0.020408,0.043478
2981,3158,13,0.790323,0.019231,0.043478
2981,3232,13,0.886957,0.009524,0.043478
2981,3363,14,0.9,0.007634,0.043478
2981,3400,11,0.765957,0.028571,0.043478
2982,3008,14,0.176471,0.0625,0.066667
2982,3283,13,0.277778,0.0625,0.066667
2982,3309,14,0.263158,0.055556,0.066667
2982,3314,13,0.277778,0.0625,0.066667
2982,3318,14,0.333333,0.05,0.066667
2982,3325,14,0.3,0.052632,0.066667
2982,3382,14,0.222222,0.058824,0.066667
2982,3423,13,0.277778,0.0625,0.066667
2983,2997,11,0.45,0.071429,0.058824
2983,2999,9,0.763158,0.033333,0.058824
2983,3012,10,0.444444,0.090909,0.058824
2983,3020,11,0.744186,0.027027,0.058824
2983,3028,9,0.55,0.083333,0.058824
2983,3063,10,0.444444,0.090909,0.058824
2983,3066,9,0.590909,0.071429,0.058824
2983,3072,12,0.764706,0.021739,0.058824
2983,3083,6,0.714286,0.1,0.058824
2983,3128,5,0.772727,0.1,0.058824
2983,3155,9,0.55,0.083333,0.058824
2983,3368,8,0.555556,0.111111,0.058824
2984,2992,9,0.896552,0.013889,0.041667
2984,3027,12,0.846154,0.015152,0.041667
2984,3107,11,0.828125,0.019608,0.041667
2984,3118,6,0.903226,0.022727,0.041667
2984,3191,8,0.857143,0.025,0.041667
2984,3192,6,0.823529,0.0625,0.041667
2984,3206,6,0.913043,0.019608,0.041667
2984,3223,2,0.955556,0.043478,0.041667
2984,3263,9,0.876712,0.017241,0.041667
2984,3274,11,0.855263,0.015873,0.041667
2984,3291,14,0.891473,0.008403,0.041667
2984,3316,4,0.932203,0.025641,0.041667
2984,3353,12,0.837838,0.016129,0.041667
2984,3377,5,0.9,0.032258,0.041667
2985,2986,48,0.571429,0.01,0.016667
2985,2993,25,0.725275,0.017857,0.016667
2985,2994,25,0.75,0.015385,0.016667
2985,3022,46,0.510638,0.0125,0.016667
2985,3033,51,0.474227,0.011364,0.016667
2985,3040,36,0.52,0.019608,0.016667
2985,3047,38,0.472222,0.02,0.016667
2985,3052,18,0.804348,0.02,0.016667
2985,3054,39,0.625,0.012048,0.016667
2985,3064,43,0.469136,0.015625,0.016667
2985,3078,53,0.5,0.010101,0.016667
2985,3108,41,0.5,0.015873,0.016667
2985,3142,35,0.567901,0.017857,0.016667
2985,3149,42,0.5,0.015152,0.016667
2985,3174,44,0.511111,0.013514,0.016667
2985,3226,49,0.455556,0.012658,0.016667
2985,3232,52,0.539823,0.009524,0.016667
2985,3284,42,0.522727,0.014286,0.016667
2985,3301,15,0.823529,0.025,0.016667
2985,3339,42,0.538462,0.013699,0.016667
2985,3348,48,0.5,0.011905,0.016667
2985,3363,51,0.635714,0.007634,0.016667
2985,3387,51,0.518868,0.010309,0.016667
2985,3399,22,0.706667,0.027027,0.016667
2985,3426,52,0.570248,0.00885,0.016667
2986,2988,34,0.736434,0.015873,0.01
2986,3000,55,0.595588,0.010989,0.01
2986,3004,36,0.692308,0.018868,0.01
2986,3014,18,0.856,0.023256,0.01
2986,3022,62,0.474576,0.0125,0.01
2986,3029,26,0.793651,0.019231,0.01
2986,3033,62,0.507937,0.011364,0.01
2986,3036,15,0.878049,0.026316,0.01
2986,3047,35,0.695652,0.02,0.01
2986,3054,66,0.435897,0.012048,0.01
2986,3056,61,0.478632,0.012821,0.01
2986,3064,54,0.509091,0.015625,0.01
2986,3065,44,0.59633,0.018868,0.01
2986,3073,39,0.682927,0.016129,0.01
2986,3078,74,0.408,0.010101,0.01
2986,3085,43,0.605505,0.019231,0.01
2986,3096,60,0.482759,0.013158,0.01
2986,3098,48,0.589744,0.015385,0.01
2986,3108,54,0.504587,0.015873,0.01
2986,3114,13,0.902256,0.021739,0.01
2986,3149,47,0.605042,0.015152,0.01
2986,3166,17,0.859504,0.026316,0.01
2986,3174,57,0.512821,0.013514,0.01
2986,3184,39,0.680328,0.016393,0.01
2986,3195,54,0.542373,0.013889,0.01
2986,3220,36,0.694915,0.018519,0.01
2986,3226,60,0.495798,0.012658,0.01
2986,3228,26,0.763636,0.027778,0.01
2986,3232,71,0.470149,0.009524,0.01
2986,3238,21,0.825,0.02439,0.01
2986,3284,58,0.482143,0.014286,0.01
2986,3348,64,0.466667,0.011905,0.01
2986,3363,85,0.417808,0.007634,0.01
2986,3400,15,0.875,0.028571,0.01
2986,3417,52,0.620438,0.011236,0.01
2986,3426,70,0.51049,0.00885,0.01
2986,3433,38,0.700787,0.015385,0.01
2987,2993,21,0.66129,0.017857,0.037037
2987,3014,14,0.75,0.023256,0.037037
2987,3025,12,0.826087,0.018519,0.037037
2987,3026,23,0.77,0.010417,0.037037
2987,3052,8,0.884058,0.02,0.037037
2987,3084,20,0.759036,0.013158,0.037037
2987,3090,24,0.783784,0.009259,0.037037
2987,3104,15,0.842105,0.012048,0.037037
2987,3114,11,0.822581,0.021739,0.037037
2987,3123,13,0.723404,0.030303,0.037037
2987,3137,14,0.774194,0.020408,0.037037
2987,3149,14,0.822785,0.015152,0.037037
2987,3158,16,0.746032,0.019231,0.037037
2987,3163,11,0.717949,0.043478,0.037037
2987,3166,16,0.673469,0.026316,0.037037
2987,3195,15,0.821429,0.013889,0.037037
2987,3387,18,0.830189,0.010309,0.037037
2988,2994,30,0.693878,0.015385,0.015873
2988,3000,45,0.587156,0.010989,0.015873
2988,3022,26,0.777778,0.0125,0.015873
2988,3025,29,0.670455,0.018519,0.015873
2988,3026,42,0.641026,0.010417,0.015873
2988,3036,20,0.753086,0.026316,0.015873
2988,3073,34,0.626374,0.016129,0.015873
2988,3078,38,0.693548,0.010101,0.015873
2988,3084,40,0.59596,0.013158,0.015873
2988,3090,47,0.620968,0.009259,0.015873
2988,3104,38,0.648148,0.012048,0.015873
2988,3119,37,0.610526,0.014493,0.015873
2988,3123,22,0.702703,0.030303,0.015873
2988,3135,20,0.74359,0.028571,0.015873
2988,3142,17,0.833333,0.017857,0.015873
2988,3158,30,0.647059,0.019231,0.015873
2988,3166,24,0.688312,0.026316,0.015873
2988,3232,40,0.6875,0.009524,0.015873
2988,3234,10,0.883721,0.030303,0.015873
2988,3339,27,0.752294,0.013699,0.015873
2988,3364,30,0.634146,0.020408,0.015873
2988,3384,28,0.666667,0.020408,0.015873
2988,3400,26,0.638889,0.028571,0.015873
2988,3417,45,0.579439,0.011236,0.015873
2988,3433,36,0.608696,0.015385,0.015873
2989,2992,25,0.761905,0.013889,0.017241
2989,3038,43,0.582524,0.011364,0.017241
2989,3041,12,0.835616,0.037037,0.017241
2989,3046,13,0.841463,0.027027,0.017241
2989,3051,36,0.707317,0.009901,0.017241
2989,3070,29,0.681319,0.016129,0.017241
2989,3075,9,0.875,0.043478,0.017241
2989,3082,41,0.691729,0.008621,0.017241
2989,3087,6,0.941748,0.019608,0.017241
2989,3089,25,0.705882,0.019231,0.017241
2989,3101,39,0.723404,0.008197,0.017241
2989,3106,40,0.5,0.016129,0.017241
2989,3116,31,0.761538,0.009709,0.017241
2989,3120,36,0.612903,0.014085,0.017241
2989,3150,26,0.785124,0.011236,0.017241
2989,3154,28,0.768595,0.010989,0.017241
2989,3160,19,0.724638,0.033333,0.017241
2989,3198,34,0.690909,0.011628,0.017241
2989,3240,38,0.55814,0.015152,0.017241
2989,3247,26,0.734694,0.015152,0.017241
2989,3249,4,0.941176,0.071429,0.017241
2989,3252,37,0.654206,0.011628,0.017241
2989,3291,44,0.669173,0.008403,0.017241
2989,3320,34,0.751825,0.00885,0.017241
2989,3321,35,0.619565,0.014493,0.017241
2989,3330,32,0.731092,0.010753,0.017241
2989,3335,21,0.794118,0.015385,0.017241
2989,3344,40,0.574468,0.013158,0.017241
2989,3345,34,0.617978,0.015385,0.017241
2989,3353,18,0.823529,0.016129,0.017241
2989,3355,36,0.526316,0.018519,0.017241
2989,3360,28,0.730769,0.013514,0.017241
2989,3378,14,0.865385,0.016667,0.017241
2989,3386,28,0.658537,0.019231,0.017241
2989,3391,27,0.678571,0.018868,0.017241
2989,3397,48,0.616,0.008696,0.017241
2989,3406,37,0.593407,0.014286,0.017241
2989,3434,40,0.68,0.009346,0.017241
2990,3007,9,0.678571,0.041667,0.076923
2990,3154,11,0.88172,0.010989,0.076923
2990,3191,7,0.847826,0.025,0.076923
2990,3207,8,0.826087,0.02439,0.076923
2990,3241,7,0.72,0.052632,0.076923
2990,3412,10,0.791667,0.022222,0.076923
2991,2992,40,0.569892,0.013889,0.016393
2991,3035,53,0.459184,0.011111,0.016393
2991,3049,46,0.494505,0.013158,0.016393
2991,3051,45,0.615385,0.009901,0.016393
2991,3060,35,0.663462,0.012821,0.016393
2991,3070,33,0.633333,0.016129,0.016393
2991,3082,55,0.54918,0.008621,0.016393
2991,3101,54,0.581395,0.008197,0.016393
2991,3102,39,0.450704,0.020408,0.016393
2991,3106,26,0.731959,0.016129,0.016393
2991,3113,36,0.612903,0.014706,0.016393
2991,3116,49,0.573913,0.009709,0.016393
2991,3132,51,0.457447,0.011905,0.016393
2991,3145,37,0.602151,0.014493,0.016393
2991,3146,38,0.547619,0.016393,0.016393
2991,3152,43,0.582524,0.011765,0.016393
2991,3169,42,0.475,0.016393,0.016393
2991,3172,29,0.721154,0.013889,0.016393
2991,3185,37,0.644231,0.0125,0.016393
2991,3201,55,0.438776,0.01087,0.016393
2991,3204,28,0.65,0.021277,0.016393
2991,3239,39,0.535714,0.016129,0.016393
2991,3247,39,0.556818,0.015152,0.016393
2991,3252,47,0.53,0.011628,0.016393
2991,3265,32,0.584416,0.020833,0.016393
2991,3267,46,0.471264,0.013889,0.016393
2991,3277,47,0.447059,0.014085,0.016393
2991,3280,53,0.53913,0.009346,0.016393
2991,3288,21,0.761364,0.020833,0.016393
2991,3297,44,0.45,0.015873,0.016393
2991,3320,43,0.671756,0.00885,0.016393
2991,3330,43,0.612613,0.010753,0.016393
2991,3347,48,0.460674,0.013158,0.016393
2991,3350,37,0.650943,0.012195,0.016393
2991,3351,48,0.505155,0.011905,0.016393
2991,3378,29,0.684783,0.016667,0.016393
2991,3381,45,0.357143,0.018519,0.016393
2991,3396,29,0.731481,0.013158,0.016393
2991,3416,36,0.538462,0.018868,0.016393
2991,3419,42,0.487805,0.015873,0.016393
2991,3434,47,0.61157,0.009346,0.016393
2992,3017,23,0.806723,0.014286,0.013889
2992,3027,17,0.859504,0.015152,0.013889
2992,3035,46,0.603448,0.011111,0.013889
2992,3051,52,0.570248,0.009901,0.013889
2992,3060,37,0.672566,0.012821,0.013889
2992,3079,12,0.878788,0.025641,0.013889
2992,3082,57,0.564885,0.008621,0.013889
2992,3101,55,0.604317,0.008197,0.013889
2992,3102,30,0.67033,0.020408,0.013889
2992,3106,33,0.673267,0.016129,0.013889
2992,3107,7,0.939655,0.019608,0.013889
2992,3113,38,0.627451,0.014706,0.013889
2992,3120,41,0.598039,0.014085,0.013889
2992,3132,44,0.607143,0.011905,0.013889
2992,3145,39,0.617647,0.014493,0.013889
2992,3169,36,0.628866,0.016393,0.013889
2992,3172,30,0.736842,0.013889,0.013889
2992,3191,14,0.857143,0.025,0.013889
2992,3199,12,0.853659,0.045455,0.013889
2992,3201,49,0.573913,0.01087,0.013889
2992,3204,24,0.747368,0.021277,0.013889
2992,3206,31,0.663043,0.019608,0.013889
2992,3224,22,0.790476,0.018182,0.013889
2992,3240,27,0.756757,0.015152,0.013889
2992,3247,37,0.633663,0.015152,0.013889
2992,3252,45,0.60177,0.011628,0.013889
2992,3267,46,0.530612,0.013889,0.013889
2992,3277,40,0.61165,0.014085,0.013889
2992,3280,49,0.623077,0.009346,0.013889
2992,3288,23,0.762887,0.020833,0.013889
2992,3291,52,0.625899,0.008403,0.013889
2992,3297,34,0.663366,0.015873,0.013889
2992,3298,16,0.841584,0.022222,0.013889
2992,3302,10,0.922481,0.014925,0.013889
2992,3320,53,0.598485,0.00885,0.013889
2992,3329,1,0.988889,0.052632,0.013889
2992,3330,48,0.589744,0.010753,0.013889
2992,3344,39,0.642202,0.013158,0.013889
2992,3347,43,0.590476,0.013158,0.013889
2992,3355,31,0.673684,0.018519,0.013889
2992,3377,13,0.855556,0.032258,0.013889
2992,3378,36,0.625,0.016667,0.013889
2992,3381,36,0.6,0.018519,0.013889
2992,3397,49,0.644928,0.008696,0.013889
2992,3416,34,0.626374,0.018868,0.013889
2992,3419,31,0.701923,0.015873,0.013889
2992,3434,53,0.579365,0.009346,0.013889
2993,2994,34,0.609195,0.015385,0.017857
2993,3014,28,0.605634,0.023256,0.017857
2993,3026,47,0.552381,0.010417,0.017857
2993,3029,25,0.698795,0.019231,0.017857
2993,3033,28,0.758621,0.011364,0.017857
2993,3047,24,0.707317,0.02,0.017857
2993,3084,46,0.465116,0.013158,0.017857
2993,3090,46,0.610169,0.009259,0.017857
2993,3104,35,0.663462,0.012048,0.017857
2993,3119,35,0.611111,0.014493,0.017857
2993,3123,19,0.728571,0.030303,0.017857
2993,3135,10,0.876543,0.028571,0.017857
2993,3137,19,0.77907,0.020408,0.017857
2993,3149,27,0.715789,0.015152,0.017857
2993,3158,25,0.698795,0.019231,0.017857
2993,3163,14,0.784615,0.043478,0.017857
2993,3166,26,0.617647,0.026316,0.017857
2993,3195,23,0.780952,0.013889,0.017857
2993,3226,23,0.794643,0.012658,0.017857
2993,3232,37,0.701613,0.009524,0.017857
2993,3238,25,0.652778,0.02439,0.017857
2993,3257,25,0.657534,0.02381,0.017857
2993,3339,29,0.71,0.013699,0.017857
2993,3362,30,0.70297,0.013333,0.017857
2993,3384,28,0.636364,0.020408,0.017857
2993,3387,41,0.633929,0.010309,0.017857
2993,3417,37,0.657407,0.011236,0.017857
2993,3426,31,0.775362,0.00885,0.017857
2993,3435,31,0.581081,0.020408,0.017857
2994,3014,27,0.666667,0.023256,0.015385
2994,3029,32,0.623529,0.019231,0.015385
2994,3033,27,0.785714,0.011364,0.015385
2994,3040,21,0.778947,0.019608,0.015385
2994,3047,25,0.722222,0.02,0.015385
2994,3073,25,0.754902,0.016129,0.015385
2994,3078,37,0.708661,0.010101,0.015385
2994,3084,42,0.575758,0.013158,0.015385
2994,3090,43,0.669231,0.009259,0.015385
2994,3104,37,0.666667,0.012048,0.015385
2994,3108,19,0.825688,0.015873,0.015385
2994,3114,20,0.78022,0.021739,0.015385
2994,3119,38,0.604167,0.014493,0.015385
2994,3135,16,0.809524,0.028571,0.015385
2994,3149,25,0.764151,0.015152,0.015385
2994,3166,18,0.788235,0.026316,0.015385
2994,3174,32,0.700935,0.013514,0.015385
2994,3293,32,0.655914,0.016667,0.015385
2994,3294,7,0.91358,0.043478,0.015385
2994,3324,26,0.793651,0.011494,0.015385
2994,3348,25,0.798387,0.011905,0.015385
2994,3362,41,0.585859,0.013333,0.015385
2994,3364,30,0.642857,0.020408,0.015385
2994,3384,32,0.609756,0.020408,0.015385
2994,3387,38,0.693548,0.010309,0.015385
2994,3400,12,0.863636,0.028571,0.015385
2994,3417,42,0.625,0.011236,0.015385
2994,3433,32,0.673469,0.015385,0.015385
2995,3051,7,0.93578,0.009901,0.066667
2995,3061,1,0.964286,0.071429,0.066667
2995,3062,4,0.906977,0.03125,0.066667
2995,3168,7,0.875,0.020833,0.066667
2995,3170,3,0.918919,0.04,0.066667
2995,3233,6,0.916667,0.015873,0.066667
2995,3272,1,0.982759,0.022727,0.066667
2995,3273,4,0.891892,0.038462,0.066667
2995,3397,4,0.968254,0.008696,0.066667
2996,3027,12,0.870968,0.015152,0.025641
2996,3038,14,0.876106,0.011364,0.025641
2996,3097,12,0.823529,0.02439,0.025641
2996,3117,8,0.914894,0.015873,0.025641
2996,3136,10,0.89011,0.016129,0.025641
2996,3140,17,0.817204,0.014085,0.025641
2996,3190,3,0.9375,0.083333,0.025641
2996,3196,7,0.902778,0.025,0.025641
2996,3201,7,0.943548,0.01087,0.025641
2996,3214,14,0.840909,0.015873,0.025641
2996,3224,10,0.880952,0.018182,0.025641
2996,3275,8,0.866667,0.034483,0.025641
2996,3277,9,0.910891,0.014085,0.025641
2996,3279,4,0.933333,0.04,0.025641
2996,3291,17,0.879433,0.008403,0.025641
2996,3302,14,0.847826,0.014925,0.025641
2996,3307,6,0.884615,0.052632,0.025641
2996,3321,12,0.875,0.014493,0.025641
2996,3330,12,0.9,0.010753,0.025641
2996,3341,11,0.813559,0.032258,0.025641
2996,3342,18,0.797753,0.014706,0.025641
2996,3345,11,0.88172,0.015385,0.025641
2996,3346,3,0.957746,0.028571,0.025641
2996,3351,11,0.901786,0.011905,0.025641
2996,3385,7,0.917647,0.018868,0.025641
2996,3406,12,0.876289,0.014286,0.025641
2996,3431,4,0.931034,0.043478,0.025641
2997,3012,9,0.4375,0.090909,0.071429
2997,3020,9,0.785714,0.027027,0.071429
2997,3063,9,0.4375,0.090909,0.071429
2997,3072,9,0.823529,0.021739,0.071429
2997,3081,1,0.973684,0.04,0.071429
2997,3155,7,0.631579,0.083333,0.071429
2997,3368,7,0.5625,0.111111,0.071429
2998,3157,1,0.941176,0.066667,0.333333
2999,3020,12,0.781818,0.027027,0.033333
2999,3066,9,0.742857,0.071429,0.033333
2999,3072,8,0.882353,0.021739,0.033333
2999,3083,7,0.787879,0.1,0.033333
2999,3128,6,0.823529,0.1,0.033333
2999,3136,8,0.904762,0.016129,0.033333
2999,3222,4,0.902439,0.066667,0.033333
2999,3240,2,0.978723,0.015152,0.033333
2999,3253,8,0.890411,0.019608,0.033333
2999,3263,9,0.886076,0.017241,0.033333
2999,3310,4,0.870968,0.2,0.033333
2999,3327,7,0.90411,0.02,0.033333
2999,3361,6,0.842105,0.071429,0.033333
3000,3023,19,0.82243,0.028571,0.010989
3000,3025,36,0.669725,0.018519,0.010989
3000,3026,54,0.593985,0.010417,0.010989
3000,3029,41,0.598039,0.019231,0.010989
3000,3054,42,0.681818,0.012048,0.010989
3000,3056,46,0.626016,0.012821,0.010989
3000,3073,45,0.583333,0.016129,0.010989
3000,3078,50,0.642857,0.010101,0.010989
3000,3084,46,0.619835,0.013158,0.010989
3000,3085,29,0.745614,0.019231,0.010989
3000,3090,51,0.655405,0.009259,0.010989
3000,3096,34,0.744361,0.013158,0.010989
3000,3104,47,0.629921,0.012048,0.010989
3000,3117,25,0.806202,0.015873,0.010989
3000,3119,50,0.545455,0.014493,0.010989
3000,3123,20,0.807692,0.030303,0.010989
3000,3135,30,0.6875,0.028571,0.010989
3000,3149,25,0.810606,0.015152,0.010989
3000,3158,40,0.61165,0.019231,0.010989
3000,3166,22,0.794393,0.026316,0.010989
3000,3174,42,0.658537,0.013514,0.010989
3000,3213,21,0.801887,0.027778,0.010989
3000,3220,46,0.535354,0.018519,0.010989
3000,3226,35,0.740741,0.012658,0.010989
3000,3232,57,0.589928,0.009524,0.010989
3000,3238,33,0.666667,0.02439,0.010989
3000,3257,30,0.708738,0.02381,0.010989
3000,3293,45,0.575472,0.016667,0.010989
3000,3348,39,0.713235,0.011905,0.010989
3000,3362,45,0.628099,0.013333,0.010989
3000,3363,70,0.539474,0.007634,0.010989
3000,3364,35,0.666667,0.020408,0.010989
3000,3387,45,0.685315,0.010309,0.010989
3000,3400,20,0.811321,0.028571,0.010989
3000,3417,63,0.461538,0.011236,0.010989
3000,3433,52,0.5,0.015385,0.010989
3000,3435,35,0.666667,0.020408,0.010989
3001,3019,20,0.764706,0.014286,0.028571
3001,3062,14,0.735849,0.03125,0.028571
3001,3154,15,0.864865,0.010989,0.028571
3001,3159,4,0.894737,0.142857,0.028571
3001,3162,18,0.756757,0.017544,0.028571
3001,3168,19,0.703125,0.020833,0.028571
3001,3178,4,0.928571,0.04,0.028571
3001,3207,14,0.774194,0.02439,0.028571
3001,3223,5,0.90566,0.043478,0.028571
3001,3233,20,0.74359,0.015873,0.028571
3001,3244,10,0.74359,0.071429,0.028571
3001,3245,1,0.979167,0.071429,0.028571
3001,3246,8,0.804878,0.071429,0.028571
3001,3273,12,0.755102,0.038462,0.028571
3001,3295,28,0.471698,0.021739,0.028571
3001,3331,11,0.816667,0.027778,0.028571
3001,3356,8,0.829787,0.05,0.028571
3001,3373,6,0.869565,0.058824,0.028571
3002,3007,8,0.909091,0.041667,0.013889
3002,3019,34,0.685185,0.014286,0.013889
3002,3027,15,0.878049,0.015152,0.013889
3002,3034,17,0.826531,0.023256,0.013889
3002,3051,22,0.854305,0.009901,0.013889
3002,3072,14,0.865385,0.021739,0.013889
3002,3076,12,0.917808,0.011628,0.013889
3002,3077,28,0.717172,0.018182,0.013889
3002,3082,15,0.913295,0.008621,0.013889
3002,3086,24,0.717647,0.027027,0.013889
3002,3087,8,0.930435,0.019608,0.013889
3002,3089,9,0.921739,0.019231,0.013889
3002,3100,13,0.860215,0.029412,0.013889
3002,3113,10,0.923077,0.014706,0.013889
3002,3118,26,0.711111,0.022727,0.013889
3002,3150,11,0.926667,0.011236,0.013889
3002,3154,31,0.765152,0.010989,0.013889
3002,3162,31,0.683673,0.017544,0.013889
3002,3168,29,0.681319,0.020833,0.013889
3002,3176,16,0.807229,0.037037,0.013889
3002,3177,21,0.771739,0.02439,0.013889
3002,3186,12,0.855422,0.043478,0.013889
3002,3191,21,0.769231,0.025,0.013889
3002,3207,24,0.730337,0.02439,0.013889
3002,3214,10,0.92,0.015873,0.013889
3002,3221,7,0.923077,0.038462,0.013889
3002,3224,9,0.923729,0.018182,0.013889
3002,3233,31,0.701923,0.015873,0.013889
3002,3249,6,0.925,0.071429,0.013889
3002,3263,17,0.849558,0.017241,0.013889
3002,3273,16,0.804878,0.038462,0.013889
3002,3287,14,0.867925,0.020833,0.013889
3002,3291,19,0.889535,0.008403,0.013889
3002,3295,28,0.688889,0.021739,0.013889
3002,3323,3,0.960526,0.142857,0.013889
3002,3329,4,0.954023,0.052632,0.013889
3002,3341,6,0.938144,0.032258,0.013889
3002,3346,23,0.72619,0.028571,0.013889
3002,3353,19,0.834783,0.016129,0.013889
3002,3356,13,0.835443,0.05,0.013889
3002,3359,14,0.815789,0.055556,0.013889
3002,3366,33,0.673267,0.016129,0.013889
3002,3379,18,0.772152,0.04,0.013889
3002,3385,8,0.931624,0.018868,0.013889
3002,3395,7,0.932039,0.026316,0.013889
3002,3397,18,0.893491,0.008696,0.013889
3002,3403,17,0.841121,0.019231,0.013889
3002,3412,28,0.685393,0.022222,0.013889
3002,3420,12,0.855422,0.043478,0.013889
3004,3022,32,0.683168,0.0125,0.018868
3004,3023,15,0.794521,0.028571,0.018868
3004,3054,32,0.692308,0.012048,0.018868
3004,3078,39,0.654867,0.010101,0.018868
3004,3104,27,0.752294,0.012048,0.018868
3004,3117,14,0.862745,0.015873,0.018868
3004,3226,32,0.68,0.012658,0.018868
3004,3232,39,0.672269,0.009524,0.018868
3004,3284,32,0.648352,0.014286,0.018868
3004,3324,36,0.653846,0.011494,0.018868
3004,3362,24,0.769231,0.013333,0.018868
3004,3363,48,0.647059,0.007634,0.018868
3004,3399,15,0.8,0.027027,0.018868
3004,3417,31,0.720721,0.011236,0.018868
3004,3426,40,0.68254,0.00885,0.018868
3005,3010,1,0.986486,0.03125,0.023256
3005,3011,6,0.924051,0.02381,0.023256
3005,3017,15,0.846939,0.014286,0.023256
3005,3027,16,0.827957,0.015152,0.023256
3005,3039,8,0.859649,0.045455,0.023256
3005,3057,3,0.947368,0.058824,0.023256
3005,3060,19,0.813725,0.012821,0.023256
3005,3072,10,0.873418,0.021739,0.023256
3005,3101,20,0.862069,0.008197,0.023256
3005,3111,18,0.766234,0.019231,0.023256
3005,3113,11,0.89,0.014706,0.023256
3005,3118,10,0.87013,0.022727,0.023256
3005,3136,7,0.928571,0.016129,0.023256
3005,3145,15,0.845361,0.014493,0.023256
3005,3150,16,0.862069,0.011236,0.023256
3005,3151,4,0.924528,0.071429,0.023256
3005,3165,4,0.913043,0.142857,0.023256
3005,3172,17,0.826531,0.013889,0.023256
3005,3185,19,0.817308,0.0125,0.023256
3005,3198,13,0.887931,0.011628,0.023256
3005,3214,9,0.907216,0.015873,0.023256
3005,3254,5,0.9,0.083333,0.023256
3005,3287,16,0.786667,0.020833,0.023256
3005,3292,4,0.921569,0.083333,0.023256
3005,3302,11,0.888889,0.014925,0.023256
3005,3320,17,0.877698,0.00885,0.023256
3005,3342,9,0.911765,0.014706,0.023256
3005,3343,6,0.882353,0.071429,0.023256
3005,3347,17,0.833333,0.013158,0.023256
3005,3366,8,0.917526,0.016129,0.023256
3005,3403,19,0.75,0.019231,0.023256
3005,3411,13,0.858696,0.016129,0.023256
3007,3101,11,0.918519,0.008197,0.041667
3007,3154,16,0.838384,0.010989,0.041667
3007,3188,10,0.846154,0.019608,0.041667
3007,3191,10,0.814815,0.025,0.041667
3007,3241,8,0.771429,0.052632,0.041667
3007,3247,10,0.875,0.015152,0.041667
3007,3252,13,0.865979,0.011628,0.041667
3007,3344,13,0.850575,0.013158,0.041667
3007,3371,7,0.78125,0.066667,0.041667
3007,3412,11,0.810345,0.022222,0.041667
3007,3420,7,0.825,0.043478,0.041667
3007,3434,12,0.89916,0.009346,0.041667
3008,3283,14,0.222222,0.0625,0.0625
3008,3309,15,0.210526,0.055556,0.0625
3008,3314,14,0.222222,0.0625,0.0625
3008,3318,15,0.285714,0.05,0.0625
3008,3325,15,0.25,0.052632,0.0625
3008,3382,15,0.166667,0.058824,0.0625
3008,3423,14,0.222222,0.0625,0.0625
3009,3027,6,0.924051,0.015152,0.052632
3009,3035,7,0.931373,0.011111,0.052632
3009,3082,9,0.928571,0.008621,0.052632
3009,3109,2,0.942857,0.055556,0.052632
3009,3116,8,0.929825,0.009709,0.052632
3009,3204,4,0.935484,0.021277,0.052632
3009,3206,6,0.90625,0.019608,0.052632
3009,3214,7,0.906667,0.015873,0.052632
3009,3279,3,0.926829,0.04,0.052632
3009,3406,7,0.914634,0.014286,0.052632
3010,3025,15,0.788732,0.018519,0.03125
3010,3026,13,0.886957,0.010417,0.03125
3010,3030,6,0.823529,0.125,0.03125
3010,3033,9,0.918919,0.011364,0.03125
3010,3036,14,0.75,0.026316,0.03125
3010,3080,25,0.285714,0.035714,0.03125
3010,3090,17,0.861789,0.009259,0.03125
3010,3104,16,0.838384,0.012048,0.03125
3010,3137,13,0.808824,0.020408,0.03125
3010,3231,15,0.666667,0.035714,0.03125
3010,3269,5,0.861111,0.111111,0.03125
3010,3317,6,0.818182,0.142857,0.03125
3010,3333,5,0.852941,0.142857,0.03125
3010,3388,6,0.833333,0.1,0.03125
3010,3390,10,0.787234,0.04,0.03125
3010,3394,20,0.534884,0.032258,0.03125
3011,3019,9,0.912621,0.014286,0.02381
3011,3061,7,0.857143,0.071429,0.02381
3011,3076,23,0.780952,0.011628,0.02381
3011,3079,25,0.553571,0.025641,0.02381
3011,3081,8,0.864407,0.04,0.02381
3011,3160,6,0.909091,0.033333,0.02381
3011,3179,22,0.75,0.014706,0.02381
3011,3182,22,0.75,0.014706,0.02381
3011,3196,3,0.962025,0.025,0.02381
3011,3245,4,0.923077,0.071429,0.02381
3011,3254,4,0.92,0.083333,0.02381
3011,3258,22,0.671642,0.021277,0.02381
3011,3262,21,0.533333,0.041667,0.02381
3011,3263,12,0.863636,0.017241,0.02381
3011,3287,9,0.888889,0.020833,0.02381
3011,3332,21,0.746988,0.016129,0.02381
3011,3350,24,0.76,0.012195,0.02381
3011,3386,10,0.880952,0.019231,0.02381
3011,3396,23,0.757895,0.013158,0.02381
3011,3398,4,0.913043,0.125,0.02381
3011,3411,15,0.831461,0.016129,0.02381
3012,3020,7,0.829268,0.027027,0.090909
3012,3028,7,0.5625,0.083333,0.090909
3012,3072,8,0.836735,0.021739,0.090909
3012,3155,6,0.647059,0.083333,0.090909
3013,3041,15,0.583333,0.037037,0.041667
3013,3046,17,0.613636,0.027027,0.041667
3013,3060,8,0.914894,0.012821,0.041667
3013,3109,12,0.6,0.055556,0.041667
3013,3175,5,0.8,0.166667,0.041667
3013,3188,20,0.636364,0.019608,0.041667
3013,3194,13,0.535714,0.058824,0.041667
3013,3209,18,0.4,0.041667,0.041667
3013,3212,15,0.659091,0.028571,0.041667
3013,3260,13,0.666667,0.035714,0.041667
3013,3299,17,0.746269,0.016667,0.041667
3013,3345,18,0.746479,0.015385,0.041667
3013,3352,11,0.576923,0.076923,0.041667
3013,3360,22,0.710526,0.013514,0.041667
3013,3397,12,0.905512,0.008696,0.041667
3014,3026,33,0.688679,0.010417,0.023256
3014,3029,23,0.680556,0.019231,0.023256
3014,3052,19,0.743243,0.02,0.023256
3014,3084,34,0.6,0.013158,0.023256
3014,3090,35,0.698276,0.009259,0.023256
3014,3104,32,0.659574,0.012048,0.023256
3014,3149,17,0.815217,0.015152,0.023256
3014,3184,15,0.831461,0.016393,0.023256
3014,3232,26,0.786885,0.009524,0.023256
3014,3293,19,0.77381,0.016667,0.023256
3014,3303,8,0.887324,0.027778,0.023256
3014,3362,27,0.703297,0.013333,0.023256
3014,3364,24,0.647059,0.020408,0.023256
3014,3384,30,0.516129,0.020408,0.023256
3014,3387,26,0.77193,0.010309,0.023256
3014,3417,32,0.68,0.011236,0.023256
3015,3107,2,0.966102,0.019608,0.1
3015,3287,3,0.945455,0.020833,0.1
3015,3329,1,0.964286,0.052632,0.1
3015,3373,2,0.92,0.058824,0.1
3016,3075,2,0.96,0.043478,0.034483
3016,3082,19,0.849206,0.008621,0.034483
3016,3113,13,0.845238,0.014706,0.034483
3016,3144,3,0.928571,0.0625,0.034483
3016,3154,7,0.938053,0.010989,0.034483
3016,3169,14,0.815789,0.016393,0.034483
3016,3171,7,0.829268,0.052632,0.034483
3016,3208,5,0.871795,0.066667,0.034483
3016,3214,11,0.864198,0.015873,0.034483
3016,3239,13,0.833333,0.016129,0.034483
3016,3252,16,0.838384,0.011628,0.034483
3016,3267,18,0.783133,0.013889,0.034483
3016,3270,4,0.870968,0.166667,0.034483
3016,3277,17,0.795181,0.014085,0.034483
3016,3416,13,0.811594,0.018868,0.034483
3016,3419,16,0.789474,0.015873,0.034483
3017,3027,22,0.807018,0.015152,0.014286
3017,3038,25,0.81203,0.011364,0.014286
3017,3051,36,0.733333,0.009901,0.014286
3017,3060,37,0.666667,0.012821,0.014286
3017,3076,38,0.677966,0.011628,0.014286
3017,3082,36,0.76,0.008621,0.014286
3017,3093,6,0.925,0.0625,0.014286
3017,3101,34,0.78481,0.008197,0.014286
3017,3111,28,0.702128,0.019231,0.014286
3017,3118,16,0.836735,0.022727,0.014286
3017,3145,33,0.688679,0.014493,0.014286
3017,3152,29,0.769841,0.011765,0.014286
3017,3172,38,0.634615,0.013889,0.014286
3017,3182,30,0.722222,0.014706,0.014286
3017,3185,37,0.672566,0.0125,0.014286
3017,3192,12,0.837838,0.0625,0.014286
3017,3198,30,0.761905,0.011628,0.014286
3017,3201,27,0.8,0.01087,0.014286
3017,3224,19,0.820755,0.018182,0.014286
3017,3225,20,0.74359,0.035714,0.014286
3017,3258,18,0.818182,0.021277,0.014286
3017,3261,28,0.708333,0.018519,0.014286
3017,3274,39,0.585106,0.015873,0.014286
3017,3276,7,0.915663,0.05,0.014286
3017,3281,11,0.84507,0.083333,0.014286
3017,3287,27,0.703297,0.020833,0.014286
3017,3291,40,0.731544,0.008403,0.014286
3017,3299,20,0.818182,0.016667,0.014286
3017,3320,44,0.683453,0.00885,0.014286
3017,3328,6,0.926829,0.055556,0.014286
3017,3330,26,0.810219,0.010753,0.014286
3017,3340,3,0.963855,0.0625,0.014286
3017,3353,35,0.639175,0.016129,0.014286
3017,3367,10,0.859155,0.090909,0.014286
3017,3377,22,0.721519,0.032258,0.014286
3017,3378,28,0.72549,0.016667,0.014286
3017,3385,11,0.901786,0.018868,0.014286
3017,3396,34,0.696429,0.013158,0.014286
3017,3397,32,0.79085,0.008696,0.014286
3017,3403,24,0.755102,0.019231,0.014286
3017,3422,25,0.705882,0.025,0.014286
3017,3434,33,0.770833,0.009346,0.014286
3018,3019,17,0.795181,0.014286,0.033333
3018,3035,4,0.965517,0.011111,0.033333
3018,3086,16,0.686275,0.027027,0.033333
3018,3100,15,0.693878,0.029412,0.033333
3018,3103,6,0.863636,0.05,0.033333
3018,3136,9,0.891566,0.016129,0.033333
3018,3154,16,0.847619,0.010989,0.033333
3018,3162,16,0.774648,0.017544,0.033333
3018,3168,17,0.721311,0.020833,0.033333
3018,3233,18,0.76,0.015873,0.033333
3018,3248,1,0.983333,0.032258,0.033333
3018,3259,5,0.910714,0.032258,0.033333
3018,3277,4,0.958763,0.014085,0.033333
3018,3295,17,0.711864,0.021739,0.033333
3018,3307,3,0.934783,0.052632,0.033333
3018,3337,5,0.897959,0.041667,0.033333
3018,3346,17,0.645833,0.028571,0.033333
3018,3366,17,0.773333,0.016129,0.033333
3018,3412,14,0.770492,0.022222,0.033333
3018,3419,5,0.943182,0.015873,0.033333
3019,3024,7,0.909091,0.071429,0.014286
3019,3051,18,0.882353,0.009901,0.014286
3019,3062,21,0.740741,0.03125,0.014286
3019,3068,14,0.805556,0.0625,0.014286
3019,3076,10,0.931507,0.011628,0.014286
3019,3077,28,0.71134,0.018182,0.014286
3019,3079,9,0.91,0.025641,0.014286
3019,3086,26,0.679012,0.027027,0.014286
3019,3100,20,0.761905,0.029412,0.014286
3019,3113,9,0.930233,0.014706,0.014286
3019,3118,21,0.774194,0.022727,0.014286
3019,3133,8,0.888889,0.1,0.014286
3019,3154,37,0.701613,0.010989,0.014286
3019,3160,13,0.850575,0.033333,0.014286
3019,3162,46,0.432099,0.017544,0.014286
3019,3168,40,0.487179,0.020833,0.014286
3019,3176,18,0.772152,0.037037,0.014286
3019,3177,26,0.694118,0.02439,0.014286
3019,3186,12,0.851852,0.043478,0.014286
3019,3203,9,0.902174,0.032258,0.014286
3019,3207,30,0.62963,0.02439,0.014286
3019,3210,8,0.894737,0.071429,0.014286
3019,3233,49,0.416667,0.015873,0.014286
3019,3273,21,0.72,0.038462,0.014286
3019,3285,18,0.772152,0.037037,0.014286
3019,3295,35,0.567901,0.021739,0.014286
3019,3306,4,0.954545,0.045455,0.014286
3019,3331,12,0.87234,0.027778,0.014286
3019,3346,23,0.719512,0.028571,0.014286
3019,3350,13,0.906475,0.012195,0.014286
3019,3356,18,0.75,0.05,0.014286
3019,3359,11,0.857143,0.055556,0.014286
3019,3366,47,0.447059,0.016129,0.014286
3019,3377,6,0.936842,0.032258,0.014286
3019,3379,16,0.797468,0.04,0.014286
3019,3380,3,0.965909,0.047619,0.014286
3019,3386,13,0.880734,0.019231,0.014286
3019,3412,33,0.597561,0.022222,0.014286
3019,3415,17,0.792683,0.034483,0.014286
3020,3063,8,0.8,0.090909,0.027027
3020,3072,11,0.847222,0.021739,0.027027
3020,3083,4,0.906977,0.1,0.027027
3020,3117,1,0.989899,0.015873,0.027027
3020,3136,6,0.935484,0.016129,0.027027
3020,3196,5,0.930556,0.025,0.027027
3020,3201,2,0.984252,0.01087,0.027027
3020,3205,3,0.938776,0.066667,0.027027
3020,3258,4,0.95,0.021277,0.027027
3020,3263,10,0.882353,0.017241,0.027027
3020,3275,2,0.96875,0.034483,0.027027
3020,3340,3,0.94,0.0625,0.027027
3020,3368,6,0.85,0.111111,0.027027
3020,3412,2,0.975,0.022222,0.027027
3021,3035,46,0.510638,0.011111,0.02
3021,3049,43,0.481928,0.013158,0.02
3021,3070,37,0.506667,0.016129,0.02
3021,3082,44,0.639344,0.008621,0.02
3021,3101,48,0.612903,0.008197,0.02
3021,3102,33,0.5,0.020408,0.02
3021,3115,31,0.6125,0.016393,0.02
3021,3116,46,0.570093,0.009709,0.02
3021,3132,47,0.45977,0.011905,0.02
3021,3146,41,0.414286,0.016393,0.02
3021,3152,40,0.578947,0.011765,0.02
3021,3169,39,0.458333,0.016393,0.02
3021,3182,19,0.808081,0.014706,0.02
3021,3201,44,0.55102,0.01087,0.02
3021,3206,32,0.536232,0.019608,0.02
3021,3239,41,0.422535,0.016129,0.02
3021,3247,41,0.453333,0.015152,0.02
3021,3252,42,0.553191,0.011628,0.02
3021,3265,36,0.419355,0.020833,0.02
3021,3277,37,0.559524,0.014085,0.02
3021,3280,42,0.634783,0.009346,0.02
3021,3288,19,0.759494,0.020833,0.02
3021,3296,18,0.753425,0.02439,0.02
3021,3297,40,0.452055,0.015873,0.02
3021,3302,11,0.896226,0.014925,0.02
3021,3316,31,0.465517,0.025641,0.02
3021,3320,28,0.792593,0.00885,0.02
3021,3332,19,0.795699,0.016129,0.02
3021,3344,37,0.58427,0.013158,0.02
3021,3351,44,0.511111,0.011905,0.02
3021,3396,18,0.833333,0.013158,0.02
3021,3397,42,0.658537,0.008696,0.02
3021,3416,37,0.439394,0.018868,0.02
3021,3419,35,0.551282,0.015873,0.02
3021,3434,42,0.634783,0.009346,0.02
3022,3025,17,0.854701,0.018519,0.0125
3022,3026,49,0.614173,0.010417,0.0125
3022,3033,58,0.472727,0.011364,0.0125
3022,3040,45,0.476744,0.019608,0.0125
3022,3047,41,0.539326,0.02,0.0125
3022,3052,25,0.761905,0.02,0.0125
3022,3054,45,0.618644,0.012048,0.0125
3022,3064,53,0.417582,0.015625,0.0125
3022,3078,68,0.387387,0.010101,0.0125
3022,3090,43,0.703448,0.009259,0.0125
3022,3096,56,0.44,0.013158,0.0125
3022,3098,47,0.520408,0.015385,0.0125
3022,3108,49,0.478723,0.015873,0.0125
3022,3117,26,0.777778,0.015873,0.0125
3022,3142,45,0.505495,0.017857,0.0125
3022,3149,49,0.494845,0.015152,0.0125
3022,3166,17,0.831683,0.026316,0.0125
3022,3174,51,0.504854,0.013514,0.0125
3022,3184,29,0.741071,0.016393,0.0125
3022,3195,50,0.509804,0.013889,0.0125
3022,3226,58,0.425743,0.012658,0.0125
3022,3232,65,0.458333,0.009524,0.0125
3022,3284,55,0.421053,0.014286,0.0125
3022,3294,5,0.94898,0.043478,0.0125
3022,3339,56,0.42268,0.013699,0.0125
3022,3348,59,0.438095,0.011905,0.0125
3022,3362,32,0.739837,0.013333,0.0125
3022,3363,66,0.544828,0.007634,0.0125
3022,3387,62,0.46087,0.010309,0.0125
3022,3400,12,0.883495,0.028571,0.0125
3022,3426,65,0.492188,0.00885,0.0125
3022,3435,18,0.837838,0.020408,0.0125
3023,3052,14,0.802817,0.02,0.028571
3023,3056,21,0.771739,0.012821,0.028571
3023,3184,20,0.736842,0.016393,0.028571
3023,3193,14,0.708333,0.037037,0.028571
3023,3213,21,0.58,0.027778,0.028571
3023,3232,18,0.852459,0.009524,0.028571
3023,3234,17,0.666667,0.030303,0.028571
3023,3324,24,0.755102,0.011494,0.028571
3023,3363,29,0.788321,0.007634,0.028571
3023,3414,13,0.675,0.055556,0.028571
3024,3051,4,0.963964,0.009901,0.071429
3024,3107,1,0.984375,0.019608,0.071429
3024,3133,5,0.736842,0.1,0.071429
3024,3160,4,0.9,0.033333,0.071429
3024,3225,2,0.95,0.035714,0.071429
3024,3233,6,0.915493,0.015873,0.071429
3024,3302,2,0.974684,0.014925,0.071429
3024,3328,2,0.933333,0.055556,0.071429
3024,3366,5,0.929577,0.016129,0.071429
3024,3397,3,0.97619,0.008696,0.071429
3025,3026,37,0.672566,0.010417,0.018519
3025,3029,23,0.722892,0.019231,0.018519
3025,3036,25,0.626866,0.026316,0.018519
3025,3073,24,0.73913,0.016129,0.018519
3025,3080,15,0.776119,0.035714,0.018519
3025,3084,36,0.617021,0.013158,0.018519
3025,3090,39,0.682927,0.009259,0.018519
3025,3104,34,0.669903,0.012048,0.018519
3025,3114,25,0.666667,0.021739,0.018519
3025,3119,31,0.663043,0.014493,0.018519
3025,3123,27,0.55,0.030303,0.018519
3025,3135,18,0.746479,0.028571,0.018519
3025,3137,26,0.662338,0.020408,0.018519
3025,3158,28,0.641026,0.019231,0.018519
3025,3166,21,0.704225,0.026316,0.018519
3025,3231,14,0.794118,0.035714,0.018519
3025,3238,19,0.75,0.02439,0.018519
3025,3257,24,0.666667,0.02381,0.018519
3025,3362,29,0.71,0.013333,0.018519
3025,3363,33,0.782895,0.007634,0.018519
3025,3394,17,0.75,0.032258,0.018519
3025,3400,22,0.671642,0.028571,0.018519
3025,3426,23,0.840278,0.00885,0.018519
3025,3435,20,0.759036,0.020408,0.018519
3026,3033,46,0.666667,0.011364,0.010417
3026,3036,23,0.792793,0.026316,0.010417
3026,3047,37,0.66055,0.02,0.010417
3026,3052,34,0.696429,0.02,0.010417
3026,3078,57,0.586957,0.010101,0.010417
3026,3084,57,0.504348,0.013158,0.010417
3026,3090,75,0.418605,0.009259,0.010417
3026,3096,42,0.676923,0.013158,0.010417
3026,3098,40,0.669421,0.015385,0.010417
3026,3104,58,0.520661,0.012048,0.010417
3026,3114,27,0.765217,0.021739,0.010417
3026,3119,47,0.601695,0.014493,0.010417
3026,3123,26,0.747573,0.030303,0.010417
3026,3137,32,0.716814,0.020408,0.010417
3026,3139,5,0.955357,0.047619,0.010417
3026,3158,34,0.701754,0.019231,0.010417
3026,3166,30,0.711538,0.026316,0.010417
3026,3184,30,0.76378,0.016393,0.010417
3026,3195,38,0.707692,0.013889,0.010417
3026,3213,18,0.842105,0.027778,0.010417
3026,3226,42,0.684211,0.012658,0.010417
3026,3232,64,0.532847,0.009524,0.010417
3026,3234,18,0.837838,0.030303,0.010417
3026,3238,33,0.682692,0.02439,0.010417
3026,3257,33,0.685714,0.02381,0.010417
3026,3293,38,0.677966,0.016667,0.010417
3026,3301,20,0.827586,0.025,0.010417
3026,3303,18,0.842105,0.027778,0.010417
3026,3324,45,0.673913,0.011494,0.010417
3026,3339,51,0.567797,0.013699,0.010417
3026,3348,46,0.656716,0.011905,0.010417
3026,3362,52,0.563025,0.013333,0.010417
3026,3363,61,0.63253,0.007634,0.010417
3026,3364,37,0.657407,0.020408,0.010417
3026,3384,40,0.619048,0.020408,0.010417
3026,3387,59,0.559701,0.010309,0.010417
3026,3400,24,0.775701,0.028571,0.010417
3026,3417,55,0.576923,0.011236,0.010417
3026,3426,59,0.606667,0.00885,0.010417
3026,3435,39,0.632075,0.020408,0.010417
3027,3038,24,0.815385,0.011364,0.015152
3027,3051,24,0.832168,0.009901,0.015152
3027,3072,16,0.833333,0.021739,0.015152
3027,3097,14,0.849462,0.02439,0.015152
3027,3101,34,0.779221,0.008197,0.015152
3027,3107,17,0.83,0.019608,0.015152
3027,3113,15,0.87395,0.014706,0.015152
3027,3116,22,0.85034,0.009709,0.015152
3027,3117,7,0.942623,0.015873,0.015152
3027,3136,13,0.886957,0.016129,0.015152
3027,3140,20,0.82906,0.014085,0.015152
3027,3150,24,0.816794,0.011236,0.015152
3027,3152,25,0.801587,0.011765,0.015152
3027,3192,11,0.84507,0.0625,0.015152
3027,3198,29,0.764228,0.011628,0.015152
3027,3214,25,0.759615,0.015873,0.015152
3027,3217,3,0.956522,0.166667,0.015152
3027,3253,11,0.896226,0.019608,0.015152
3027,3274,20,0.816514,0.015873,0.015152
3027,3291,39,0.732877,0.008403,0.015152
3027,3292,4,0.945946,0.083333,0.015152
3027,3296,9,0.908163,0.02439,0.015152
3027,3302,25,0.768519,0.014925,0.015152
3027,3313,8,0.911111,0.03125,0.015152
3027,3326,5,0.935065,0.0625,0.015152
3027,3341,13,0.845238,0.032258,0.015152
3027,3347,27,0.765217,0.013158,0.015152
3027,3353,22,0.792453,0.016129,0.015152
3027,3366,9,0.92437,0.016129,0.015152
3027,3380,7,0.9125,0.047619,0.015152
3027,3395,13,0.857143,0.026316,0.015152
3027,3403,15,0.854369,0.019231,0.015152
3028,3063,7,0.5625,0.090909,0.083333
3028,3072,7,0.862745,0.021739,0.083333
3028,3155,7,0.588235,0.083333,0.083333
3028,3368,6,0.6,0.111111,0.083333
3029,3073,25,0.719101,0.016129,0.019231
3029,3084,32,0.666667,0.013158,0.019231
3029,3085,14,0.844444,0.019231,0.019231
3029,3090,40,0.666667,0.009259,0.019231
3029,3104,34,0.663366,0.012048,0.019231
3029,3119,33,0.625,0.014493,0.019231
3029,3129,12,0.84,0.028571,0.019231
3029,3174,22,0.788462,0.013514,0.019231
3029,3220,26,0.675,0.018519,0.019231
3029,3238,26,0.61194,0.02439,0.019231
3029,3257,25,0.637681,0.02381,0.019231
3029,3362,38,0.573034,0.013333,0.019231
3029,3363,35,0.763514,0.007634,0.019231
3029,3364,28,0.616438,0.020408,0.019231
3029,3384,26,0.653333,0.020408,0.019231
3029,3417,38,0.631068,0.011236,0.019231
3029,3433,35,0.573171,0.015385,0.019231
3029,3435,30,0.577465,0.020408,0.019231
3030,3080,6,0.8,0.035714,0.125
3030,3084,1,0.987952,0.013158,0.125
3030,3231,6,0.8,0.035714,0.125
3030,3394,6,0.818182,0.032258,0.125
3032,3140,3,0.966667,0.014085,0.045455
3032,3167,12,0.555556,0.058824,0.045455
3032,3187,15,0.634146,0.029412,0.045455
3032,3196,16,0.652174,0.025,0.045455
3032,3236,13,0.566667,0.047619,0.045455
3032,3253,13,0.783333,0.019608,0.045455
3032,3255,16,0.578947,0.03125,0.045455
3032,3256,19,0.712121,0.015873,0.045455
3032,3259,3,0.94,0.032258,0.045455
3032,3264,16,0.567568,0.032258,0.045455
3032,3365,14,0.740741,0.021739,0.045455
3032,3385,17,0.706897,0.018868,0.045455
3032,3397,5,0.962121,0.008696,0.045455
3033,3040,44,0.536842,0.019608,0.011364
3033,3052,23,0.8,0.02,0.011364
3033,3054,53,0.550847,0.012048,0.011364
3033,3056,45,0.628099,0.012821,0.011364
3033,3064,55,0.43299,0.015625,0.011364
3033,3065,41,0.59,0.018868,0.011364
3033,3078,70,0.401709,0.010101,0.011364
3033,3080,7,0.93578,0.035714,0.011364
3033,3085,34,0.679245,0.019231,0.011364
3033,3096,57,0.46729,0.013158,0.011364
3033,3098,49,0.528846,0.015385,0.011364
3033,3108,51,0.49,0.015873,0.011364
3033,3117,31,0.741667,0.015873,0.011364
3033,3119,30,0.76378,0.014493,0.011364
3033,3142,44,0.56,0.017857,0.011364
3033,3149,52,0.490196,0.015152,0.011364
3033,3163,15,0.84375,0.043478,0.011364
3033,3174,57,0.457143,0.013514,0.011364
3033,3195,57,0.446602,0.013889,0.011364
3033,3226,65,0.362745,0.012658,0.011364
3033,3228,23,0.772277,0.027778,0.011364
3033,3232,64,0.503876,0.009524,0.011364
3033,3238,17,0.848214,0.02439,0.011364
3033,3250,31,0.659341,0.029412,0.011364
3033,3284,55,0.466019,0.014286,0.011364
3033,3304,23,0.77,0.028571,0.011364
3033,3339,51,0.536364,0.013699,0.011364
3033,3348,64,0.407407,0.011905,0.011364
3033,3363,69,0.54,0.007634,0.011364
3033,3364,21,0.818966,0.020408,0.011364
3033,3387,69,0.405172,0.010309,0.011364
3033,3390,13,0.87,0.04,0.011364
3033,3399,27,0.72449,0.027027,0.011364
3033,3426,63,0.543478,0.00885,0.011364
3033,3435,20,0.82906,0.020408,0.011364
3034,3038,15,0.87069,0.011364,0.023256
3034,3043,3,0.947368,0.058824,0.023256
3034,3067,5,0.901961,0.076923,0.023256
3034,3070,8,0.917526,0.016129,0.023256
3034,3072,14,0.813333,0.021739,0.023256
3034,3079,2,0.975,0.025641,0.023256
3034,3082,15,0.895833,0.008621,0.023256
3034,3089,15,0.8125,0.019231,0.023256
3034,3101,18,0.877551,0.008197,0.023256
3034,3118,11,0.855263,0.022727,0.023256
3034,3152,9,0.92437,0.011765,0.023256
3034,3178,3,0.953846,0.04,0.023256
3034,3217,2,0.957447,0.166667,0.023256
3034,3261,6,0.934066,0.018519,0.023256
3034,3263,12,0.865169,0.017241,0.023256
3034,3287,12,0.848101,0.020833,0.023256
3034,3312,3,0.947368,0.058824,0.023256
3034,3313,8,0.880597,0.03125,0.023256
3034,3319,3,0.954545,0.038462,0.023256
3034,3327,5,0.943182,0.02,0.023256
3034,3342,12,0.878788,0.014706,0.023256
3034,3345,12,0.875,0.015385,0.023256
3034,3360,11,0.896226,0.013514,0.023256
3034,3365,7,0.914634,0.021739,0.023256
3034,3366,7,0.928571,0.016129,0.023256
3034,3385,7,0.921348,0.018868,0.023256
3034,3397,18,0.871429,0.008696,0.023256
3034,3403,17,0.782051,0.019231,0.023256
3034,3406,14,0.858586,0.014286,0.023256
3035,3038,39,0.719424,0.011364,0.011111
3035,3049,63,0.38835,0.013158,0.011111
3035,3051,50,0.64539,0.009901,0.011111
3035,3070,47,0.552381,0.016129,0.011111
3035,3082,72,0.462687,0.008621,0.011111
3035,3101,76,0.441176,0.008197,0.011111
3035,3102,46,0.505376,0.020408,0.011111
3035,3113,46,0.589286,0.014706,0.011111
3035,3115,43,0.601852,0.016393,0.011111
3035,3116,68,0.456,0.009709,0.011111
3035,3120,52,0.522936,0.014085,0.011111
3035,3132,67,0.373832,0.011905,0.011111
3035,3145,36,0.707317,0.014493,0.011111
3035,3146,51,0.49,0.016393,0.011111
3035,3150,54,0.568,0.011236,0.011111
3035,3152,56,0.529412,0.011765,0.011111
3035,3169,56,0.410526,0.016393,0.011111
3035,3179,34,0.725806,0.014706,0.011111
3035,3182,32,0.746032,0.014706,0.011111
3035,3185,44,0.650794,0.0125,0.011111
3035,3198,38,0.724638,0.011628,0.011111
3035,3201,72,0.345455,0.01087,0.011111
3035,3204,33,0.682692,0.021277,0.011111
3035,3206,43,0.561224,0.019608,0.011111
3035,3211,3,0.973214,0.04,0.011111
3035,3235,6,0.934783,0.125,0.011111
3035,3239,51,0.49505,0.016129,0.011111
3035,3247,57,0.424242,0.015152,0.011111
3035,3252,64,0.428571,0.011628,0.011111
3035,3265,42,0.5625,0.020833,0.011111
3035,3267,57,0.457143,0.013889,0.011111
3035,3277,60,0.405941,0.014085,0.011111
3035,3280,69,0.460938,0.009346,0.011111
3035,3288,30,0.722222,0.020833,0.011111
3035,3296,22,0.798165,0.02439,0.011111
3035,3297,59,0.37234,0.015873,0.011111
3035,3307,3,0.971698,0.052632,0.011111
3035,3316,34,0.642105,0.025641,0.011111
3035,3320,50,0.673203,0.00885,0.011111
3035,3330,59,0.524194,0.010753,0.011111
3035,3335,39,0.663793,0.015385,0.011111
3035,3344,50,0.568966,0.013158,0.011111
3035,3347,53,0.530973,0.013158,0.011111
3035,3351,69,0.342857,0.011905,0.011111
3035,3353,18,0.865672,0.016129,0.011111
3035,3355,30,0.736842,0.018519,0.011111
3035,3360,23,0.836879,0.013514,0.011111
3035,3378,31,0.739496,0.016667,0.011111
3035,3381,45,0.545455,0.018519,0.011111
3035,3391,39,0.625,0.018868,0.011111
3035,3397,68,0.50365,0.008696,0.011111
3035,3416,46,0.525773,0.018868,0.011111
3035,3419,55,0.438776,0.015873,0.011111
3035,3434,68,0.472868,0.009346,0.011111
3036,3073,12,0.863636,0.016129,0.026316
3036,3080,14,0.730769,0.035714,0.026316
3036,3084,20,0.787234,0.013158,0.026316
3036,3090,25,0.793388,0.009259,0.026316
3036,3104,21,0.79,0.012048,0.026316
3036,3114,21,0.666667,0.021739,0.026316
3036,3123,18,0.660377,0.030303,0.026316
3036,3137,22,0.661538,0.020408,0.026316
3036,3166,13,0.793651,0.026316,0.026316
3036,3231,13,0.754717,0.035714,0.026316
3036,3304,6,0.910448,0.028571,0.026316
3036,3363,22,0.85034,0.007634,0.026316
3036,3364,14,0.808219,0.020408,0.026316
3036,3387,14,0.884298,0.010309,0.026316
3036,3394,11,0.810345,0.032258,0.026316
3036,3400,21,0.596154,0.028571,0.026316
3038,3049,32,0.757576,0.013158,0.011364
3038,3051,50,0.640288,0.009901,0.011364
3038,3060,28,0.797101,0.012821,0.011364
3038,3075,7,0.932692,0.043478,0.011364
3038,3081,1,0.991071,0.04,0.011364
3038,3082,59,0.593103,0.008621,0.011364
3038,3089,31,0.715596,0.019231,0.011364
3038,3093,11,0.88172,0.0625,0.011364
3038,3101,55,0.645161,0.008197,0.011364
3038,3106,44,0.584906,0.016129,0.011364
3038,3116,44,0.70068,0.009709,0.011364
3038,3120,44,0.617391,0.014085,0.011364
3038,3140,36,0.707317,0.014085,0.011364
3038,3150,41,0.698529,0.011236,0.011364
3038,3152,37,0.727941,0.011765,0.011364
3038,3154,37,0.739437,0.010989,0.011364
3038,3177,10,0.915966,0.02439,0.011364
3038,3197,6,0.933333,0.125,0.011364
3038,3198,40,0.701493,0.011628,0.011364
3038,3203,17,0.833333,0.032258,0.011364
3038,3204,21,0.815789,0.021277,0.011364
3038,3209,15,0.845361,0.041667,0.011364
3038,3212,21,0.794118,0.028571,0.011364
3038,3224,42,0.584158,0.018182,0.011364
3038,3240,43,0.612613,0.015152,0.011364
3038,3247,32,0.737705,0.015152,0.011364
3038,3252,47,0.629921,0.011628,0.011364
3038,3258,15,0.875,0.021277,0.011364
3038,3260,17,0.828283,0.035714,0.011364
3038,3274,18,0.864662,0.015873,0.011364
3038,3277,33,0.738095,0.014085,0.011364
3038,3288,22,0.807018,0.020833,0.011364
3038,3291,70,0.489051,0.008403,0.011364
3038,3297,26,0.792,0.015873,0.011364
3038,3299,40,0.62963,0.016667,0.011364
3038,3302,19,0.860294,0.014925,0.011364
3038,3319,12,0.882353,0.038462,0.011364
3038,3320,47,0.694805,0.00885,0.011364
3038,3321,58,0.414141,0.014493,0.011364
3038,3330,44,0.678832,0.010753,0.011364
3038,3335,31,0.745902,0.015385,0.011364
3038,3342,35,0.710744,0.014706,0.011364
3038,3344,48,0.586207,0.013158,0.011364
3038,3345,45,0.583333,0.015385,0.011364
3038,3351,39,0.706767,0.011905,0.011364
3038,3353,28,0.770492,0.016129,0.011364
3038,3355,39,0.621359,0.018519,0.011364
3038,3360,42,0.65,0.013514,0.011364
3038,3380,14,0.852632,0.047619,0.011364
3038,3386,29,0.738739,0.019231,0.011364
3038,3391,36,0.657143,0.018868,0.011364
3038,3395,7,0.941176,0.026316,0.011364
3038,3397,62,0.560284,0.008696,0.011364
3038,3406,47,0.576577,0.014286,0.011364
3038,3421,11,0.886598,0.05,0.011364
3038,3434,51,0.645833,0.009346,0.011364
3039,3076,19,0.786517,0.011628,0.045455
3039,3111,20,0.62963,0.019231,0.045455
3039,3172,21,0.712329,0.013889,0.045455
3039,3185,20,0.756098,0.0125,0.045455
3039,3199,8,0.777778,0.045455,0.045455
3039,3225,15,0.571429,0.035714,0.045455
3039,3261,18,0.689655,0.018519,0.045455
3039,3274,16,0.768116,0.015873,0.045455
3039,3287,19,0.627451,0.020833,0.045455
3039,3320,21,0.815789,0.00885,0.045455
3039,3377,17,0.527778,0.032258,0.045455
3039,3378,15,0.776119,0.016667,0.045455
3039,3396,18,0.775,0.013158,0.045455
3039,3403,13,0.786885,0.019231,0.045455
3039,3422,17,0.622222,0.025,0.045455
3040,3047,32,0.536232,0.02,0.019608
3040,3064,38,0.506494,0.015625,0.019608
3040,3065,29,0.613333,0.018868,0.019608
3040,3090,29,0.776923,0.009259,0.019608
3040,3096,45,0.45122,0.013158,0.019608
3040,3098,36,0.55,0.015385,0.019608
3040,3108,39,0.48,0.015873,0.019608
3040,3117,17,0.824742,0.015873,0.019608
3040,3142,32,0.573333,0.017857,0.019608
3040,3149,38,0.518987,0.015152,0.019608
3040,3174,40,0.529412,0.013514,0.019608
3040,3195,37,0.569767,0.013889,0.019608
3040,3226,41,0.539326,0.012658,0.019608
3040,3232,42,0.631579,0.009524,0.019608
3040,3284,40,0.506173,0.014286,0.019608
3040,3339,39,0.541176,0.013699,0.019608
3040,3348,39,0.59375,0.011905,0.019608
3040,3362,20,0.811321,0.013333,0.019608
3040,3387,45,0.563107,0.010309,0.019608
3040,3399,19,0.724638,0.027027,0.019608
3040,3426,43,0.644628,0.00885,0.019608
3041,3046,19,0.577778,0.027027,0.037037
3041,3058,13,0.551724,0.066667,0.037037
3041,3089,19,0.683333,0.019231,0.037037
3041,3101,14,0.896296,0.008197,0.037037
3041,3140,12,0.860465,0.014085,0.037037
3041,3188,18,0.7,0.019608,0.037037
3041,3194,9,0.742857,0.058824,0.037037
3041,3209,15,0.583333,0.041667,0.037037
3041,3240,14,0.822785,0.015152,0.037037
3041,3299,17,0.757143,0.016667,0.037037
3041,3326,1,0.97619,0.0625,0.037037
3041,3345,20,0.722222,0.015385,0.037037
3041,3352,12,0.571429,0.076923,0.037037
3041,3360,21,0.7375,0.013514,0.037037
3042,3090,13,0.886957,0.009259,0.05
3042,3095,5,0.833333,0.066667,0.05
3042,3114,8,0.862069,0.021739,0.05
3042,3137,11,0.810345,0.020408,0.05
3042,3237,5,0.883721,0.035714,0.05
3042,3257,5,0.912281,0.02381,0.05
3042,3303,10,0.782609,0.027778,0.05
3042,3417,6,0.941748,0.011236,0.05
3042,3426,14,0.882353,0.00885,0.05
3042,3428,1,0.962963,0.125,0.05
3043,3093,4,0.862069,0.0625,0.058824
3043,3097,3,0.945455,0.02439,0.058824
3043,3110,5,0.827586,0.058824,0.058824
3043,3248,4,0.909091,0.032258,0.058824
3043,3313,6,0.860465,0.03125,0.058824
3043,3357,5,0.814815,0.066667,0.058824
3043,3360,7,0.916667,0.013514,0.058824
3043,3369,5,0.909091,0.023256,0.058824
3044,3119,4,0.943662,0.014493,0.166667
3044,3232,4,0.962617,0.009524,0.166667
3045,3059,4,0.555556,0.2,0.125
3045,3269,1,0.9375,0.111111,0.125
3045,3300,4,0.818182,0.055556,0.125
3046,3058,14,0.631579,0.066667,0.027027
3046,3076,5,0.957627,0.011628,0.027027
3046,3089,25,0.609375,0.019231,0.027027
3046,3106,15,0.821429,0.016129,0.027027
3046,3109,13,0.690476,0.055556,0.027027
3046,3140,10,0.897959,0.014085,0.027027
3046,3146,9,0.898876,0.016393,0.027027
3046,3188,20,0.705882,0.019608,0.027027
3046,3209,16,0.644444,0.041667,0.027027
3046,3212,21,0.588235,0.028571,0.027027
3046,3248,2,0.969697,0.032258,0.027027
3046,3260,13,0.75,0.035714,0.027027
3046,3299,22,0.706667,0.016667,0.027027
3046,3319,9,0.833333,0.038462,0.027027
3046,3345,28,0.621622,0.015385,0.027027
3046,3352,11,0.717949,0.076923,0.027027
3046,3360,26,0.694118,0.013514,0.027027
3046,3393,4,0.923077,0.052632,0.027027
3046,3406,18,0.797753,0.014286,0.027027
3046,3434,16,0.875,0.009346,0.027027
3047,3064,34,0.575,0.015625,0.02
3047,3078,45,0.567308,0.010101,0.02
3047,3090,35,0.715447,0.009259,0.02
3047,3096,37,0.58427,0.013158,0.02
3047,3098,32,0.614458,0.015385,0.02
3047,3142,33,0.547945,0.017857,0.02
3047,3149,36,0.55,0.015152,0.02
3047,3226,42,0.517241,0.012658,0.02
3047,3232,44,0.603604,0.009524,0.02
3047,3339,43,0.4625,0.013699,0.02
3047,3348,41,0.55914,0.011905,0.02
3047,3384,22,0.714286,0.020408,0.02
3047,3387,42,0.6,0.010309,0.02
3047,3417,26,0.769912,0.011236,0.02
3047,3426,41,0.663934,0.00885,0.02
3048,3138,9,0.64,0.052632,0.066667
3048,3178,10,0.666667,0.04,0.066667
3048,3185,2,0.978495,0.0125,0.066667
3048,3208,4,0.846154,0.066667,0.066667
3048,3276,3,0.90625,0.05,0.066667
3048,3342,2,0.975309,0.014706,0.066667
3048,3374,7,0.708333,0.0625,0.066667
3048,3431,2,0.944444,0.043478,0.066667
3049,3070,47,0.483516,0.016129,0.013158
3049,3078,1,0.994253,0.010101,0.013158
3049,3082,64,0.5,0.008621,0.013158
3049,3097,7,0.936364,0.02439,0.013158
3049,3101,70,0.453125,0.008197,0.013158
3049,3102,42,0.493976,0.020408,0.013158
3049,3106,31,0.71028,0.016129,0.013158
3049,3113,36,0.666667,0.014706,0.013158
3049,3115,38,0.616162,0.016393,0.013158
3049,3116,67,0.401786,0.009709,0.013158
3049,3120,49,0.5,0.014085,0.013158
3049,3132,63,0.350515,0.011905,0.013158
3049,3146,52,0.388235,0.016393,0.013158
3049,3150,53,0.526786,0.011236,0.013158
3049,3152,49,0.5625,0.011765,0.013158
3049,3169,54,0.349398,0.016393,0.013158
3049,3179,34,0.690909,0.014706,0.013158
3049,3185,37,0.689076,0.0125,0.013158
3049,3188,23,0.778846,0.019608,0.013158
3049,3201,66,0.352941,0.01087,0.013158
3049,3206,38,0.573034,0.019608,0.013158
3049,3239,50,0.431818,0.016129,0.013158
3049,3247,59,0.289157,0.015152,0.013158
3049,3252,61,0.39604,0.011628,0.013158
3049,3265,44,0.45,0.020833,0.013158
3049,3267,49,0.505051,0.013889,0.013158
3049,3277,53,0.43617,0.014085,0.013158
3049,3280,58,0.536,0.009346,0.013158
3049,3291,47,0.682432,0.008403,0.013158
3049,3296,21,0.78125,0.02439,0.013158
3049,3297,55,0.345238,0.015873,0.013158
3049,3316,34,0.580247,0.025641,0.013158
3049,3330,53,0.543103,0.010753,0.013158
3049,3335,40,0.60396,0.015385,0.013158
3049,3344,47,0.552381,0.013158,0.013158
3049,3347,46,0.566038,0.013158,0.013158
3049,3350,34,0.725806,0.012195,0.013158
3049,3351,62,0.367347,0.011905,0.013158
3049,3381,40,0.555556,0.018519,0.013158
3049,3391,39,0.566667,0.018868,0.013158
3049,3397,55,0.595588,0.008696,0.013158
3049,3411,28,0.745455,0.016129,0.013158
3049,3416,47,0.426829,0.018868,0.013158
3049,3419,47,0.48913,0.015873,0.013158
3049,3434,58,0.536,0.009346,0.013158
3050,3171,6,0.793103,0.052632,0.0625
3050,3214,9,0.871429,0.015873,0.0625
3050,3256,7,0.902778,0.015873,0.0625
3050,3296,4,0.924528,0.02439,0.0625
3050,3312,9,0.625,0.058824,0.0625
3050,3335,3,0.961538,0.015385,0.0625
3051,3060,51,0.601562,0.012821,0.009901
3051,3075,7,0.940171,0.043478,0.009901
3051,3082,70,0.52381,0.008621,0.009901
3051,3101,65,0.588608,0.008197,0.009901
3051,3102,30,0.75,0.020408,0.009901
3051,3106,40,0.674797,0.016129,0.009901
3051,3113,44,0.648,0.014706,0.009901
3051,3116,53,0.649007,0.009709,0.009901
3051,3132,50,0.62963,0.011905,0.009901
3051,3140,27,0.813793,0.014085,0.009901
3051,3145,47,0.617886,0.014493,0.009901
3051,3152,50,0.632353,0.011765,0.009901
3051,3154,36,0.769231,0.010989,0.009901
3051,3160,22,0.798165,0.033333,0.009901
3051,3162,11,0.92517,0.017544,0.009901
3051,3168,10,0.928058,0.020833,0.009901
3051,3170,21,0.8,0.04,0.009901
3051,3172,44,0.658915,0.013889,0.009901
3051,3182,40,0.689922,0.014706,0.009901
3051,3185,40,0.716312,0.0125,0.009901
3051,3186,10,0.912281,0.043478,0.009901
3051,3198,39,0.736486,0.011628,0.009901
3051,3201,54,0.611511,0.01087,0.009901
3051,3204,32,0.724138,0.021277,0.009901
3051,3224,34,0.721311,0.018182,0.009901
3051,3240,33,0.753731,0.015152,0.009901
3051,3252,50,0.635036,0.011628,0.009901
3051,3260,16,0.858407,0.035714,0.009901
3051,3261,30,0.76,0.018519,0.009901
3051,3267,46,0.637795,0.013889,0.009901
3051,3274,26,0.811594,0.015873,0.009901
3051,3277,42,0.676923,0.014085,0.009901
3051,3280,56,0.631579,0.009346,0.009901
3051,3287,23,0.81746,0.020833,0.009901
3051,3288,28,0.768595,0.020833,0.009901
3051,3291,66,0.571429,0.008403,0.009901
3051,3296,18,0.854839,0.02439,0.009901
3051,3298,30,0.741379,0.022222,0.009901
3051,3299,26,0.807407,0.016667,0.009901
3051,3320,68,0.534247,0.00885,0.009901
3051,3321,36,0.731343,0.014493,0.009901
3051,3330,49,0.662069,0.010753,0.009901
3051,3332,41,0.663934,0.016129,0.009901
3051,3344,46,0.648855,0.013158,0.009901
3051,3347,50,0.606299,0.013158,0.009901
3051,3350,47,0.654412,0.012195,0.009901
3051,3351,47,0.65942,0.011905,0.009901
3051,3353,31,0.765152,0.016129,0.009901
3051,3355,40,0.652174,0.018519,0.009901
3051,3373,6,0.946429,0.058824,0.009901
3051,3378,44,0.623932,0.016667,0.009901
3051,3381,35,0.708333,0.018519,0.009901
3051,3386,36,0.692308,0.019231,0.009901
3051,3396,43,0.679104,0.013158,0.009901
3051,3397,68,0.540541,0.008696,0.009901
3051,3406,36,0.733333,0.014286,0.009901
3051,3419,32,0.757576,0.015873,0.009901
3051,3434,66,0.535211,0.009346,0.009901
3052,3090,27,0.793893,0.009259,0.02
3052,3104,23,0.790909,0.012048,0.02
3052,3149,21,0.778947,0.015152,0.02
3052,3184,27,0.678571,0.016393,0.02
3052,3193,15,0.758065,0.037037,0.02
3052,3202,7,0.87037,0.090909,0.02
3052,3226,23,0.783019,0.012658,0.02
3052,3232,32,0.739837,0.009524,0.02
3052,3234,23,0.616667,0.030303,0.02
3052,3237,15,0.761905,0.035714,0.02
3052,3286,9,0.859375,0.043478,0.02
3052,3294,16,0.719298,0.043478,0.02
3052,3303,18,0.735294,0.027778,0.02
3052,3315,11,0.792453,0.071429,0.02
3052,3324,33,0.682692,0.011494,0.02
3052,3348,23,0.792793,0.011905,0.02
3052,3362,26,0.737374,0.013333,0.02
3052,3384,15,0.821429,0.020408,0.02
3052,3387,27,0.775,0.010309,0.02
3052,3388,2,0.965517,0.1,0.02
3053,3105,7,0.533333,0.083333,0.1
3053,3122,8,0.272727,0.111111,0.1
3053,3141,8,0.384615,0.090909,0.1
3053,3200,9,0.25,0.090909,0.1
3053,3216,4,0.692308,0.142857,0.1
3053,3218,8,0.272727,0.111111,0.1
3053,3354,8,0.272727,0.111111,0.1
3054,3056,50,0.54955,0.012821,0.012048
3054,3064,42,0.6,0.015625,0.012048
3054,3065,38,0.612245,0.018868,0.012048
3054,3078,59,0.520325,0.010101,0.012048
3054,3084,24,0.822222,0.013158,0.012048
3054,3085,35,0.65,0.019231,0.012048
3054,3096,47,0.580357,0.013158,0.012048
3054,3114,11,0.90678,0.021739,0.012048
3054,3119,26,0.793651,0.014493,0.012048
3054,3149,38,0.657658,0.015152,0.012048
3054,3153,1,0.989247,0.090909,0.012048
3054,3174,52,0.504762,0.013514,0.012048
3054,3184,36,0.666667,0.016393,0.012048
3054,3195,46,0.577982,0.013889,0.012048
3054,3226,49,0.566372,0.012658,0.012048
3054,3228,27,0.706522,0.027778,0.012048
3054,3232,55,0.586466,0.009524,0.012048
3054,3243,13,0.865979,0.037037,0.012048
3054,3284,50,0.514563,0.014286,0.012048
3054,3303,15,0.855769,0.027778,0.012048
3054,3315,5,0.945652,0.071429,0.012048
3054,3324,37,0.721805,0.011494,0.012048
3054,3348,50,0.57265,0.011905,0.012048
3054,3363,70,0.513889,0.007634,0.012048
3054,3387,52,0.59375,0.010309,0.012048
3054,3399,30,0.666667,0.027027,0.012048
3054,3426,60,0.558824,0.00885,0.012048
3054,3433,32,0.724138,0.015385,0.012048
3055,3074,5,0.285714,0.166667,0.166667
3055,3127,5,0.285714,0.166667,0.166667
3055,3147,4,0.428571,0.2,0.166667
3056,3065,40,0.56044,0.018868,0.012821
3056,3073,34,0.679245,0.016129,0.012821
3056,3078,57,0.525,0.010101,0.012821
3056,3085,43,0.505747,0.019231,0.012821
3056,3096,47,0.560748,0.013158,0.012821
3056,3098,38,0.638095,0.015385,0.012821
3056,3117,26,0.773913,0.015873,0.012821
3056,3129,23,0.744444,0.028571,0.012821
3056,3135,17,0.822917,0.028571,0.012821
3056,3184,31,0.712963,0.016393,0.012821
3056,3193,13,0.858696,0.037037,0.012821
3056,3195,41,0.623853,0.013889,0.012821
3056,3220,33,0.666667,0.018519,0.012821
3056,3226,41,0.646552,0.012658,0.012821
3056,3228,26,0.704545,0.027778,0.012821
3056,3232,49,0.634328,0.009524,0.012821
3056,3284,44,0.576923,0.014286,0.012821
3056,3286,9,0.902174,0.043478,0.012821
3056,3301,28,0.688889,0.025,0.012821
3056,3304,19,0.797872,0.028571,0.012821
3056,3348,46,0.603448,0.011905,0.012821
3056,3363,71,0.485507,0.007634,0.012821
3056,3387,44,0.664122,0.010309,0.012821
3056,3426,53,0.615942,0.00885,0.012821
3056,3433,33,0.7,0.015385,0.012821
3057,3061,2,0.931034,0.071429,0.058824
3057,3164,6,0.714286,0.1,0.058824
3057,3222,7,0.72,0.066667,0.058824
3057,3263,10,0.846154,0.017241,0.058824
3057,3278,5,0.83871,0.052632,0.058824
3057,3396,1,0.98913,0.013158,0.058824
3057,3432,2,0.904762,0.166667,0.058824
3058,3188,14,0.730769,0.019608,0.066667
3058,3209,12,0.555556,0.041667,0.066667
3058,3212,11,0.717949,0.028571,0.066667
3058,3299,13,0.790323,0.016667,0.066667
3058,3345,14,0.787879,0.015385,0.066667
3058,3352,10,0.444444,0.076923,0.066667
3058,3360,14,0.813333,0.013514,0.066667
3059,3300,4,0.789474,0.055556,0.2
3060,3076,55,0.495413,0.011628,0.012821
3060,3079,22,0.768421,0.025641,0.012821
3060,3082,52,0.633803,0.008621,0.012821
3060,3101,51,0.657718,0.008197,0.012821
3060,3102,23,0.778846,0.020408,0.012821
3060,3111,23,0.785047,0.019231,0.012821
3060,3112,9,0.888889,0.083333,0.012821
3060,3113,31,0.730435,0.014706,0.012821
3060,3116,46,0.659259,0.009709,0.012821
3060,3132,39,0.682927,0.011905,0.012821
3060,3140,20,0.844961,0.014085,0.012821
3060,3145,42,0.6,0.014493,0.012821
3060,3150,36,0.725191,0.011236,0.012821
3060,3152,41,0.663934,0.011765,0.012821
3060,3172,52,0.469388,0.013889,0.012821
3060,3179,35,0.684685,0.014706,0.012821
3060,3182,43,0.582524,0.014706,0.012821
3060,3185,45,0.60177,0.0125,0.012821
3060,3199,13,0.850575,0.045455,0.012821
3060,3201,43,0.661417,0.01087,0.012821
3060,3209,9,0.903226,0.041667,0.012821
3060,3258,28,0.71134,0.021277,0.012821
3060,3260,14,0.847826,0.035714,0.012821
3060,3272,28,0.702128,0.022727,0.012821
3060,3280,54,0.587786,0.009346,0.012821
3060,3287,24,0.764706,0.020833,0.012821
3060,3291,45,0.703947,0.008403,0.012821
3060,3298,32,0.648352,0.022222,0.012821
3060,3320,65,0.484127,0.00885,0.012821
3060,3328,5,0.945055,0.055556,0.012821
3060,3330,34,0.751825,0.010753,0.012821
3060,3332,41,0.585859,0.016129,0.012821
3060,3347,43,0.612613,0.013158,0.012821
3060,3350,49,0.558559,0.012195,0.012821
3060,3360,27,0.784,0.013514,0.012821
3060,3367,7,0.914634,0.090909,0.012821
3060,3378,42,0.5625,0.016667,0.012821
3060,3381,31,0.693069,0.018519,0.012821
3060,3396,49,0.533333,0.013158,0.012821
3060,3397,40,0.738562,0.008696,0.012821
3060,3403,21,0.807339,0.019231,0.012821
3060,3411,28,0.75,0.016129,0.012821
3061,3081,11,0.607143,0.04,0.071429
3061,3263,12,0.8,0.017241,0.071429
3061,3266,7,0.533333,0.125,0.071429
3061,3308,8,0.466667,0.111111,0.071429
3061,3398,7,0.533333,0.125,0.071429
3061,3405,8,0.578947,0.076923,0.071429
3062,3069,8,0.8,0.0625,0.03125
3062,3100,11,0.8,0.029412,0.03125
3062,3154,15,0.861111,0.010989,0.03125
3062,3162,20,0.710145,0.017544,0.03125
3062,3168,20,0.666667,0.020833,0.03125
3062,3177,13,0.783333,0.02439,0.03125
3062,3219,5,0.924242,0.025641,0.03125
3062,3233,18,0.766234,0.015873,0.03125
3062,3289,5,0.891304,0.052632,0.03125
3062,3295,15,0.761905,0.021739,0.03125
3062,3306,4,0.92,0.045455,0.03125
3062,3331,17,0.666667,0.027778,0.03125
3062,3343,2,0.954545,0.071429,0.03125
3062,3366,17,0.779221,0.016129,0.03125
3062,3373,3,0.934783,0.058824,0.03125
3062,3395,5,0.923077,0.026316,0.03125
3063,3072,9,0.8125,0.021739,0.090909
3063,3155,7,0.5625,0.083333,0.090909
3063,3368,8,0.333333,0.111111,0.090909
3064,3065,35,0.573171,0.018868,0.015625
3064,3078,57,0.462264,0.010101,0.015625
3064,3096,52,0.409091,0.013158,0.015625
3064,3098,44,0.482353,0.015385,0.015625
3064,3108,46,0.432099,0.015873,0.015625
3064,3142,41,0.481013,0.017857,0.015625
3064,3149,44,0.488372,0.015152,0.015625
3064,3163,11,0.855263,0.043478,0.015625
3064,3174,46,0.5,0.013514,0.015625
3064,3195,50,0.418605,0.013889,0.015625
3064,3226,57,0.337209,0.012658,0.015625
3064,3232,58,0.477477,0.009524,0.015625
3064,3284,48,0.44186,0.014286,0.015625
3064,3339,43,0.542553,0.013699,0.015625
3064,3348,53,0.442105,0.011905,0.015625
3064,3363,57,0.586957,0.007634,0.015625
3064,3399,26,0.653333,0.027027,0.015625
3064,3426,55,0.54918,0.00885,0.015625
3065,3078,42,0.618182,0.010101,0.018868
3065,3085,28,0.636364,0.019231,0.018868
3065,3096,43,0.5,0.013158,0.018868
3065,3108,40,0.473684,0.015873,0.018868
3065,3174,36,0.604396,0.013514,0.018868
3065,3184,21,0.774194,0.016393,0.018868
3065,3195,38,0.563218,0.013889,0.018868
3065,3226,41,0.549451,0.012658,0.018868
3065,3228,17,0.763889,0.027778,0.018868
3065,3232,40,0.661017,0.009524,0.018868
3065,3284,41,0.5,0.014286,0.018868
3065,3301,22,0.690141,0.025,0.018868
3065,3362,17,0.846847,0.013333,0.018868
3065,3363,49,0.637037,0.007634,0.018868
3065,3387,41,0.623853,0.010309,0.018868
3065,3399,20,0.714286,0.027027,0.018868
3065,3433,18,0.82,0.015385,0.018868
3066,3072,6,0.888889,0.021739,0.071429
3066,3083,8,0.5,0.1,0.071429
3066,3126,7,0.533333,0.125,0.071429
3066,3128,9,0.4,0.1,0.071429
3066,3155,4,0.818182,0.083333,0.071429
3066,3322,7,0.533333,0.125,0.071429
3066,3336,6,0.6,0.142857,0.071429
3067,3079,2,0.96,0.025641,0.076923
3067,3089,3,0.951613,0.019231,0.076923
3067,3157,2,0.923077,0.066667,0.076923
3067,3164,1,0.954545,0.1,0.076923
3067,3189,1,0.967742,0.052632,0.076923
3067,3261,3,0.953125,0.018519,0.076923
3067,3327,4,0.932203,0.02,0.076923
3068,3086,11,0.738095,0.027027,0.0625
3068,3154,10,0.896907,0.010989,0.0625
3068,3162,13,0.783333,0.017544,0.0625
3068,3168,13,0.745098,0.020833,0.0625
3068,3176,9,0.735294,0.037037,0.0625
3068,3366,14,0.78125,0.016129,0.0625
3068,3412,11,0.78,0.022222,0.0625
3068,3415,8,0.783784,0.034483,0.0625
3069,3088,1,0.96,0.1,0.0625
3069,3140,4,0.951807,0.014085,0.0625
3069,3154,11,0.885417,0.010989,0.0625
3069,3162,11,0.822581,0.017544,0.0625
3069,3168,9,0.836364,0.020833,0.0625
3069,3191,7,0.857143,0.025,0.0625
3069,3334,6,0.684211,0.111111,0.0625
3069,3366,11,0.835821,0.016129,0.0625
3069,3397,4,0.968504,0.008696,0.0625
3070,3082,56,0.540984,0.008621,0.016129
3070,3101,58,0.539683,0.008197,0.016129
3070,3106,37,0.574713,0.016129,0.016129
3070,3116,50,0.565217,0.009709,0.016129
3070,3120,46,0.471264,0.014085,0.016129
3070,3132,47,0.525253,0.011905,0.016129
3070,3140,18,0.843478,0.014085,0.016129
3070,3146,43,0.4625,0.016393,0.016129
3070,3150,42,0.614679,0.011236,0.016129
3070,3152,35,0.6875,0.011765,0.016129
3070,3154,25,0.804688,0.010989,0.016129
3070,3169,43,0.4625,0.016393,0.016129
3070,3198,29,0.756303,0.011628,0.016129
3070,3201,49,0.533333,0.01087,0.016129
3070,3206,36,0.532468,0.019608,0.016129
3070,3239,45,0.43038,0.016129,0.016129
3070,3240,31,0.680412,0.015152,0.016129
3070,3247,46,0.439024,0.015152,0.016129
3070,3252,51,0.474227,0.011628,0.016129
3070,3265,34,0.552632,0.020833,0.016129
3070,3267,36,0.632653,0.013889,0.016129
3070,3277,41,0.554348,0.014085,0.016129
3070,3297,38,0.563218,0.015873,0.016129
3070,3302,14,0.878261,0.014925,0.016129
3070,3316,34,0.492537,0.025641,0.016129
3070,3330,44,0.603604,0.010753,0.016129
3070,3344,47,0.483516,0.013158,0.016129
3070,3350,23,0.809917,0.012195,0.016129
3070,3351,46,0.54,0.011905,0.016129
3070,3355,30,0.651163,0.018519,0.016129
3070,3386,18,0.8125,0.019231,0.016129
3070,3391,38,0.506494,0.018868,0.016129
3070,3397,53,0.572581,0.008696,0.016129
3070,3416,40,0.466667,0.018868,0.016129
3070,3434,46,0.626016,0.009346,0.016129
3072,3086,3,0.9625,0.027027,0.021739
3072,3097,12,0.84,0.02439,0.021739
3072,3101,19,0.872483,0.008197,0.021739
3072,3118,9,0.888889,0.022727,0.021739
3072,3150,15,0.875,0.011236,0.021739
3072,3152,10,0.917355,0.011765,0.021739
3072,3155,9,0.816327,0.083333,0.021739
3072,3192,5,0.912281,0.0625,0.021739
3072,3211,5,0.924242,0.04,0.021739
3072,3212,3,0.961538,0.028571,0.021739
3072,3214,13,0.864583,0.015873,0.021739
3072,3248,3,0.959459,0.032258,0.021739
3072,3253,10,0.885057,0.019608,0.021739
3072,3263,10,0.893617,0.017241,0.021739
3072,3287,9,0.894118,0.020833,0.021739
3072,3302,12,0.881188,0.014925,0.021739
3072,3305,1,0.98,0.2,0.021739
3072,3329,7,0.87931,0.052632,0.021739
3072,3342,12,0.882353,0.014706,0.021739
3072,3353,13,0.863158,0.016129,0.021739
3072,3368,8,0.829787,0.111111,0.021739
3072,3385,8,0.912088,0.018868,0.021739
3072,3403,14,0.833333,0.019231,0.021739
3073,3078,35,0.722222,0.010101,0.016129
3073,3114,16,0.826087,0.021739,0.016129
3073,3119,33,0.663265,0.014493,0.016129
3073,3135,29,0.573529,0.028571,0.016129
3073,3137,13,0.867347,0.020408,0.016129
3073,3158,34,0.575,0.019231,0.016129
3073,3163,6,0.924051,0.043478,0.016129
3073,3220,34,0.585366,0.018519,0.016129
3073,3232,36,0.725191,0.009524,0.016129
3073,3284,25,0.766355,0.014286,0.016129
3073,3293,28,0.702128,0.016667,0.016129
3073,3363,50,0.65035,0.007634,0.016129
3073,3417,44,0.588785,0.011236,0.016129
3073,3433,41,0.523256,0.015385,0.016129
3074,3127,5,0.285714,0.166667,0.166667
3074,3147,4,0.428571,0.2,0.166667
3075,3097,3,0.95082,0.02439,0.043478
3075,3198,11,0.887755,0.011628,0.043478
3075,3313,3,0.942308,0.03125,0.043478
3075,3323,2,0.928571,0.142857,0.043478
3075,3357,3,0.914286,0.066667,0.043478
3075,3397,10,0.921875,0.008696,0.043478
3076,3079,29,0.697917,0.025641,0.011628
3076,3082,44,0.721519,0.008621,0.011628
3076,3101,44,0.731707,0.008197,0.011628
3076,3111,33,0.685714,0.019231,0.011628
3076,3113,34,0.716667,0.014706,0.011628
3076,3115,34,0.699115,0.016393,0.011628
3076,3116,43,0.705479,0.009709,0.011628
3076,3132,34,0.75,0.011905,0.011628
3076,3136,5,0.965035,0.016129,0.011628
3076,3145,39,0.663793,0.014493,0.011628
3076,3150,32,0.776224,0.011236,0.011628
3076,3152,40,0.694656,0.011765,0.011628
3076,3172,57,0.435644,0.013889,0.011628
3076,3179,45,0.587156,0.014706,0.011628
3076,3182,55,0.444444,0.014706,0.011628
3076,3185,49,0.581197,0.0125,0.011628
3076,3199,13,0.863158,0.045455,0.011628
3076,3201,41,0.70073,0.01087,0.011628
3076,3204,19,0.833333,0.021277,0.011628
3076,3206,18,0.848739,0.019608,0.011628
3076,3225,19,0.8,0.035714,0.011628
3076,3258,34,0.656566,0.021277,0.011628
3076,3261,46,0.510638,0.018519,0.011628
3076,3262,23,0.735632,0.041667,0.011628
3076,3272,27,0.737864,0.022727,0.011628
3076,3274,34,0.704348,0.015873,0.011628
3076,3279,5,0.95283,0.04,0.011628
3076,3280,52,0.631206,0.009346,0.011628
3076,3281,10,0.886364,0.083333,0.011628
3076,3287,31,0.699029,0.020833,0.011628
3076,3289,3,0.970588,0.052632,0.011628
3076,3291,45,0.71875,0.008403,0.011628
3076,3296,16,0.855856,0.02439,0.011628
3076,3298,29,0.715686,0.022222,0.011628
3076,3313,8,0.927273,0.03125,0.011628
3076,3320,65,0.514925,0.00885,0.011628
3076,3332,46,0.54902,0.016129,0.011628
3076,3347,36,0.714286,0.013158,0.011628
3076,3350,56,0.5,0.012195,0.011628
3076,3353,24,0.806452,0.016129,0.011628
3076,3367,9,0.897727,0.090909,0.011628
3076,3377,24,0.741935,0.032258,0.011628
3076,3378,40,0.622642,0.016667,0.011628
3076,3381,28,0.75,0.018519,0.011628
3076,3396,60,0.411765,0.013158,0.011628
3076,3397,36,0.781818,0.008696,0.011628
3076,3403,23,0.8,0.019231,0.011628
3076,3411,32,0.724138,0.016129,0.011628
3076,3422,28,0.714286,0.025,0.011628
3076,3434,48,0.668966,0.009346,0.011628
3077,3086,29,0.539683,0.027027,0.018182
3077,3091,5,0.910714,0.166667,0.018182
3077,3103,13,0.790323,0.05,0.018182
3077,3118,15,0.821429,0.022727,0.018182
3077,3125,1,0.982143,0.5,0.018182
3077,3154,26,0.783333,0.010989,0.018182
3077,3162,28,0.666667,0.017544,0.018182
3077,3168,22,0.728395,0.020833,0.018182
3077,3176,22,0.633333,0.037037,0.018182
3077,3177,24,0.666667,0.02439,0.018182
3077,3203,9,0.883117,0.032258,0.018182
3077,3207,32,0.5,0.02439,0.018182
3077,3223,15,0.761905,0.043478,0.018182
3077,3233,29,0.674157,0.015873,0.018182
3077,3241,16,0.724138,0.052632,0.018182
3077,3244,7,0.887097,0.071429,0.018182
3077,3253,5,0.950495,0.019608,0.018182
3077,3263,8,0.92381,0.017241,0.018182
3077,3273,15,0.772727,0.038462,0.018182
3077,3285,24,0.586207,0.037037,0.018182
3077,3295,26,0.653333,0.021739,0.018182
3077,3342,5,0.957627,0.014706,0.018182
3077,3356,17,0.706897,0.05,0.018182
3077,3361,1,0.985294,0.071429,0.018182
3077,3366,28,0.685393,0.016129,0.018182
3077,3371,13,0.77193,0.066667,0.018182
3077,3373,4,0.941176,0.058824,0.018182
3077,3410,13,0.775862,0.0625,0.018182
3077,3412,32,0.529412,0.022222,0.018182
3077,3415,12,0.833333,0.034483,0.018182
3077,3420,18,0.7,0.043478,0.018182
3078,3085,40,0.63964,0.019231,0.010101
3078,3090,54,0.647059,0.009259,0.010101
3078,3096,65,0.409091,0.013158,0.010101
3078,3098,55,0.495413,0.015385,0.010101
3078,3104,43,0.690647,0.012048,0.010101
3078,3108,58,0.442308,0.015873,0.010101
3078,3117,34,0.734375,0.015873,0.010101
3078,3129,21,0.814159,0.028571,0.010101
3078,3142,49,0.537736,0.017857,0.010101
3078,3149,54,0.513514,0.015152,0.010101
3078,3174,59,0.482456,0.013514,0.010101
3078,3195,58,0.486726,0.013889,0.010101
3078,3226,64,0.438596,0.012658,0.010101
3078,3232,76,0.40625,0.009524,0.010101
3078,3250,32,0.683168,0.029412,0.010101
3078,3284,63,0.40566,0.014286,0.010101
3078,3293,30,0.767442,0.016667,0.010101
3078,3301,31,0.712963,0.025,0.010101
3078,3339,60,0.464286,0.013699,0.010101
3078,3348,73,0.336364,0.011905,0.010101
3078,3363,82,0.445946,0.007634,0.010101
3078,3364,31,0.735043,0.020408,0.010101
3078,3384,31,0.735043,0.020408,0.010101
3078,3387,69,0.456693,0.010309,0.010101
3078,3426,77,0.42963,0.00885,0.010101
3078,3435,27,0.77686,0.020408,0.010101
3079,3160,8,0.868852,0.033333,0.025641
3079,3172,23,0.738636,0.013889,0.025641
3079,3179,28,0.64557,0.014706,0.025641
3079,3182,31,0.592105,0.014706,0.025641
3079,3258,28,0.517241,0.021277,0.025641
3079,3262,21,0.5,0.041667,0.025641
3079,3288,12,0.84,0.020833,0.025641
3079,3320,26,0.793651,0.00885,0.025641
3079,3332,27,0.635135,0.016129,0.025641
3079,3350,32,0.640449,0.012195,0.025641
3079,3351,9,0.921053,0.011905,0.025641
3079,3386,16,0.786667,0.019231,0.025641
3079,3396,29,0.662791,0.013158,0.025641
3079,3411,19,0.768293,0.016129,0.025641
3079,3434,22,0.822581,0.009346,0.025641
3080,3090,13,0.894309,0.009259,0.035714
3080,3104,14,0.85567,0.012048,0.035714
3080,3137,11,0.833333,0.020408,0.035714
3080,3231,15,0.634146,0.035714,0.035714
3080,3269,6,0.806452,0.111111,0.035714
3080,3317,6,0.793103,0.142857,0.035714
3080,3333,5,0.833333,0.142857,0.035714
3080,3363,12,0.918367,0.007634,0.035714
3080,3388,6,0.8125,0.1,0.035714
3080,3390,9,0.795455,0.04,0.035714
3080,3394,20,0.487179,0.032258,0.035714
3080,3400,10,0.811321,0.028571,0.035714
3081,3138,3,0.926829,0.052632,0.04
3081,3196,7,0.87931,0.025,0.04
3081,3208,3,0.918919,0.066667,0.04
3081,3259,5,0.901961,0.032258,0.04
3081,3263,13,0.814286,0.017241,0.04
3081,3266,7,0.730769,0.125,0.04
3081,3308,8,0.692308,0.111111,0.04
3081,3341,3,0.943396,0.032258,0.04
3081,3365,5,0.924242,0.021739,0.04
3081,3398,7,0.730769,0.125,0.04
3081,3405,8,0.733333,0.076923,0.04
3082,3101,85,0.444444,0.008197,0.008621
3082,3106,55,0.552846,0.016129,0.008621
3082,3113,52,0.606061,0.014706,0.008621
3082,3115,45,0.659091,0.016393,0.008621
3082,3116,77,0.457746,0.009709,0.008621
3082,3120,66,0.454545,0.014085,0.008621
3082,3132,71,0.449612,0.011905,0.008621
3082,3140,31,0.801282,0.014085,0.008621
3082,3145,48,0.649635,0.014493,0.008621
3082,3146,50,0.606299,0.016393,0.008621
3082,3148,16,0.876923,0.033333,0.008621
3082,3150,61,0.576389,0.011236,0.008621
3082,3152,59,0.584507,0.011765,0.008621
3082,3169,56,0.53719,0.016393,0.008621
3082,3172,39,0.738255,0.013889,0.008621
3082,3182,41,0.713287,0.014706,0.008621
3082,3185,49,0.666667,0.0125,0.008621
3082,3191,17,0.877698,0.025,0.008621
3082,3198,47,0.696774,0.011628,0.008621
3082,3201,77,0.412214,0.01087,0.008621
3082,3203,15,0.886364,0.032258,0.008621
3082,3204,35,0.726562,0.021277,0.008621
3082,3206,47,0.608333,0.019608,0.008621
3082,3224,43,0.664062,0.018182,0.008621
3082,3239,58,0.516667,0.016129,0.008621
3082,3240,49,0.631579,0.015152,0.008621
3082,3247,58,0.532258,0.015152,0.008621
3082,3252,76,0.396825,0.011628,0.008621
3082,3260,14,0.892308,0.035714,0.008621
3082,3265,39,0.688,0.020833,0.008621
3082,3267,65,0.471545,0.013889,0.008621
3082,3272,26,0.80597,0.022727,0.008621
3082,3277,61,0.515873,0.014085,0.008621
3082,3280,70,0.542484,0.009346,0.008621
3082,3291,84,0.443709,0.008403,0.008621
3082,3297,55,0.556452,0.015873,0.008621
3082,3299,33,0.769231,0.016667,0.008621
3082,3306,8,0.938462,0.045455,0.008621
3082,3316,35,0.708333,0.025641,0.008621
3082,3320,70,0.559748,0.00885,0.008621
3082,3321,46,0.669065,0.014493,0.008621
3082,3330,69,0.507143,0.010753,0.008621
3082,3332,39,0.719424,0.016129,0.008621
3082,3335,44,0.678832,0.015385,0.008621
3082,3342,36,0.756757,0.014706,0.008621
3082,3344,65,0.488189,0.013158,0.008621
3082,3345,41,0.707143,0.015385,0.008621
3082,3347,61,0.534351,0.013158,0.008621
3082,3350,48,0.68,0.012195,0.008621
3082,3351,70,0.461538,0.011905,0.008621
3082,3355,45,0.64,0.018519,0.008621
3082,3357,4,0.968504,0.066667,0.008621
3082,3378,46,0.646154,0.016667,0.008621
3082,3381,50,0.583333,0.018519,0.008621
3082,3386,33,0.755556,0.019231,0.008621
3082,3391,51,0.567797,0.018868,0.008621
3082,3396,42,0.72,0.013158,0.008621
3082,3397,83,0.439189,0.008696,0.008621
3082,3406,51,0.622222,0.014286,0.008621
3082,3409,4,0.96875,0.0625,0.008621
3082,3411,33,0.772414,0.016129,0.008621
3082,3416,49,0.591667,0.018868,0.008621
3082,3419,53,0.579365,0.015873,0.008621
3082,3421,11,0.912,0.05,0.008621
3082,3434,81,0.429577,0.009346,0.008621
3083,3126,6,0.5,0.125,0.1
3083,3128,8,0.333333,0.1,0.1
3083,3322,6,0.5,0.125,0.1
3084,3090,59,0.528,0.009259,0.013158
3084,3104,53,0.5,0.012048,0.013158
3084,3114,30,0.673913,0.021739,0.013158
3084,3119,43,0.578431,0.014493,0.013158
3084,3123,28,0.654321,0.030303,0.013158
3084,3130,7,0.914634,0.076923,0.013158
3084,3137,28,0.71134,0.020408,0.013158
3084,3149,24,0.79661,0.015152,0.013158
3084,3158,32,0.666667,0.019231,0.013158
3084,3166,29,0.658824,0.026316,0.013158
3084,3232,41,0.707143,0.009524,0.013158
3084,3238,31,0.639535,0.02439,0.013158
3084,3243,19,0.77381,0.037037,0.013158
3084,3257,33,0.611765,0.02381,0.013158
3084,3293,37,0.626263,0.016667,0.013158
3084,3300,7,0.91954,0.055556,0.013158
3084,3324,26,0.810219,0.011494,0.013158
3084,3339,32,0.726496,0.013699,0.013158
3084,3362,44,0.588785,0.013333,0.013158
3084,3364,34,0.626374,0.020408,0.013158
3084,3384,36,0.595506,0.020408,0.013158
3084,3387,40,0.699248,0.010309,0.013158
3084,3400,22,0.752809,0.028571,0.013158
3084,3417,44,0.636364,0.011236,0.013158
3084,3426,35,0.772727,0.00885,0.013158
3084,3433,34,0.682243,0.015385,0.013158
3084,3435,37,0.579545,0.020408,0.013158
3085,3108,30,0.647059,0.015873,0.019231
3085,3129,18,0.73913,0.028571,0.019231
3085,3193,8,0.887324,0.037037,0.019231
3085,3228,21,0.686567,0.027778,0.019231
3085,3232,32,0.744,0.009524,0.019231
3085,3238,11,0.865854,0.02439,0.019231
3085,3250,16,0.771429,0.029412,0.019231
3085,3284,32,0.644444,0.014286,0.019231
3085,3304,19,0.720588,0.028571,0.019231
3085,3348,37,0.626263,0.011905,0.019231
3085,3363,44,0.683453,0.007634,0.019231
3086,3103,15,0.642857,0.05,0.027027
3086,3136,6,0.935484,0.016129,0.027027
3086,3154,24,0.769231,0.010989,0.027027
3086,3162,26,0.617647,0.017544,0.027027
3086,3168,23,0.629032,0.020833,0.027027
3086,3176,22,0.47619,0.037037,0.027027
3086,3177,19,0.677966,0.02439,0.027027
3086,3207,28,0.44,0.02439,0.027027
3086,3233,26,0.648649,0.015873,0.027027
3086,3241,15,0.634146,0.052632,0.027027
3086,3263,6,0.932584,0.017241,0.027027
3086,3285,22,0.47619,0.037037,0.027027
3086,3295,22,0.639344,0.021739,0.027027
3086,3346,15,0.736842,0.028571,0.027027
3086,3356,16,0.609756,0.05,0.027027
3086,3366,25,0.662162,0.016129,0.027027
3086,3371,12,0.7,0.066667,0.027027
3086,3379,14,0.708333,0.04,0.027027
3086,3410,12,0.707317,0.0625,0.027027
3086,3412,30,0.423077,0.022222,0.027027
3086,3420,17,0.604651,0.043478,0.027027
3087,3107,12,0.866667,0.019608,0.019608
3087,3136,21,0.771739,0.016129,0.019608
3087,3187,26,0.559322,0.029412,0.019608
3087,3196,24,0.641791,0.025,0.019608
3087,3219,19,0.732394,0.025641,0.019608
3087,3236,14,0.758621,0.047619,0.019608
3087,3249,5,0.916667,0.071429,0.019608
3087,3253,24,0.692308,0.019608,0.019608
3087,3255,17,0.742424,0.03125,0.019608
3087,3256,30,0.642857,0.015873,0.019608
3087,3264,26,0.535714,0.032258,0.019608
3087,3289,6,0.90625,0.052632,0.019608
3087,3296,4,0.954545,0.02439,0.019608
3087,3299,6,0.942857,0.016667,0.019608
3087,3313,6,0.922078,0.03125,0.019608
3087,3321,11,0.899083,0.014493,0.019608
3087,3327,12,0.865169,0.02,0.019608
3087,3337,12,0.809524,0.041667,0.019608
3087,3338,3,0.947368,0.111111,0.019608
3087,3358,6,0.892857,0.090909,0.019608
3087,3365,19,0.75641,0.021739,0.019608
3087,3369,30,0.53125,0.023256,0.019608
3087,3385,24,0.7,0.018868,0.019608
3087,3395,17,0.763889,0.026316,0.019608
3087,3404,9,0.85,0.055556,0.019608
3087,3406,7,0.938596,0.014286,0.019608
3087,3427,3,0.947368,0.111111,0.019608
3088,3116,7,0.933962,0.009709,0.1
3088,3208,1,0.958333,0.066667,0.1
3088,3272,5,0.897959,0.022727,0.1
3088,3280,6,0.945946,0.009346,0.1
3088,3291,5,0.959677,0.008403,0.1
3088,3298,4,0.921569,0.022222,0.1
3089,3101,27,0.816327,0.008197,0.019231
3089,3106,26,0.704545,0.016129,0.019231
3089,3109,13,0.77193,0.055556,0.019231
3089,3116,22,0.834586,0.009709,0.019231
3089,3118,9,0.896552,0.022727,0.019231
3089,3120,18,0.828571,0.014085,0.019231
3089,3160,15,0.776119,0.033333,0.019231
3089,3188,22,0.728395,0.019608,0.019231
3089,3194,11,0.810345,0.058824,0.019231
3089,3209,17,0.711864,0.041667,0.019231
3089,3212,26,0.57377,0.028571,0.019231
3089,3240,28,0.688889,0.015152,0.019231
3089,3252,21,0.820513,0.011628,0.019231
3089,3260,15,0.769231,0.035714,0.019231
3089,3263,9,0.910891,0.017241,0.019231
3089,3287,12,0.863636,0.020833,0.019231
3089,3299,29,0.650602,0.016667,0.019231
3089,3319,15,0.761905,0.038462,0.019231
3089,3321,28,0.698925,0.014493,0.019231
3089,3332,14,0.86,0.016129,0.019231
3089,3344,25,0.757282,0.013158,0.019231
3089,3345,35,0.573171,0.015385,0.019231
3089,3355,23,0.722892,0.018519,0.019231
3089,3360,31,0.673684,0.013514,0.019231
3089,3393,4,0.940299,0.052632,0.019231
3089,3397,30,0.781022,0.008696,0.019231
3089,3403,12,0.869565,0.019231,0.019231
3089,3406,30,0.673913,0.014286,0.019231
3090,3104,63,0.507812,0.012048,0.009259
3090,3114,35,0.705882,0.021739,0.009259
3090,3119,46,0.648855,0.014493,0.009259
3090,3123,27,0.763158,0.030303,0.009259
3090,3137,38,0.680672,0.020408,0.009259
3090,3139,14,0.878261,0.047619,0.009259
3090,3142,36,0.71875,0.017857,0.009259
3090,3158,35,0.72,0.019231,0.009259
3090,3163,14,0.880342,0.043478,0.009259
3090,3195,39,0.723404,0.013889,0.009259
3090,3220,30,0.772727,0.018519,0.009259
3090,3229,10,0.910714,0.071429,0.009259
3090,3231,19,0.837607,0.035714,0.009259
3090,3232,60,0.607843,0.009524,0.009259
3090,3238,30,0.747899,0.02439,0.009259
3090,3250,24,0.79661,0.029412,0.009259
3090,3257,35,0.695652,0.02381,0.009259
3090,3293,40,0.6875,0.016667,0.009259
3090,3303,15,0.883721,0.027778,0.009259
3090,3324,43,0.717105,0.011494,0.009259
3090,3326,1,0.99187,0.0625,0.009259
3090,3339,46,0.659259,0.013699,0.009259
3090,3362,54,0.581395,0.013333,0.009259
3090,3363,63,0.642045,0.007634,0.009259
3090,3364,40,0.65812,0.020408,0.009259
3090,3384,42,0.634783,0.020408,0.009259
3090,3387,59,0.59589,0.010309,0.009259
3090,3392,10,0.913043,0.058824,0.009259
3090,3417,56,0.602837,0.011236,0.009259
3090,3426,62,0.610063,0.00885,0.009259
3090,3430,15,0.868421,0.047619,0.009259
3090,3433,40,0.699248,0.015385,0.009259
3090,3435,39,0.669492,0.020408,0.009259
3092,3104,5,0.94382,0.012048,0.090909
3092,3213,5,0.880952,0.027778,0.090909
3092,3226,2,0.977273,0.012658,0.090909
3092,3237,3,0.916667,0.035714,0.090909
3092,3303,6,0.853659,0.027778,0.090909
3092,3324,8,0.911111,0.011494,0.090909
3092,3362,5,0.938272,0.013333,0.090909
3093,3154,6,0.940594,0.010989,0.0625
3093,3171,1,0.970588,0.052632,0.0625
3093,3177,8,0.836735,0.02439,0.0625
3093,3204,7,0.875,0.021277,0.0625
3093,3274,5,0.932432,0.015873,0.0625
3093,3291,11,0.91129,0.008403,0.0625
3093,3342,6,0.923077,0.014706,0.0625
3093,3357,5,0.807692,0.066667,0.0625
3093,3380,7,0.766667,0.047619,0.0625
3094,3145,4,0.944444,0.014493,0.142857
3094,3204,4,0.92,0.021277,0.142857
3094,3267,6,0.917808,0.013889,0.142857
3095,3137,7,0.877193,0.020408,0.066667
3095,3139,6,0.8,0.047619,0.066667
3095,3143,2,0.882353,0.25,0.066667
3095,3153,4,0.818182,0.090909,0.066667
3095,3303,7,0.840909,0.027778,0.066667
3095,3324,5,0.948454,0.011494,0.066667
3095,3392,6,0.769231,0.058824,0.066667
3095,3426,11,0.905983,0.00885,0.066667
3096,3098,47,0.5,0.015385,0.013158
3096,3108,51,0.420455,0.015873,0.013158
3096,3142,40,0.565217,0.017857,0.013158
3096,3149,48,0.489362,0.015152,0.013158
3096,3163,13,0.848837,0.043478,0.013158
3096,3174,52,0.469388,0.013514,0.013158
3096,3184,27,0.754545,0.016393,0.013158
3096,3195,53,0.442105,0.013889,0.013158
3096,3226,59,0.385417,0.012658,0.013158
3096,3232,59,0.516393,0.009524,0.013158
3096,3284,54,0.413043,0.014286,0.013158
3096,3301,25,0.725275,0.025,0.013158
3096,3339,47,0.539216,0.013699,0.013158
3096,3348,58,0.431373,0.011905,0.013158
3096,3362,28,0.772358,0.013333,0.013158
3096,3363,65,0.542254,0.007634,0.013158
3096,3384,16,0.853211,0.020408,0.013158
3096,3387,63,0.427273,0.010309,0.013158
3096,3399,25,0.715909,0.027027,0.013158
3096,3426,63,0.5,0.00885,0.013158
3097,3101,13,0.913333,0.008197,0.02439
3097,3107,9,0.891566,0.019608,0.02439
3097,3117,12,0.869565,0.015873,0.02439
3097,3124,5,0.924242,0.033333,0.02439
3097,3136,8,0.915789,0.016129,0.02439
3097,3150,15,0.869565,0.011236,0.02439
3097,3157,2,0.962963,0.066667,0.02439
3097,3177,2,0.975,0.02439,0.02439
3097,3214,15,0.831461,0.015873,0.02439
3097,3215,8,0.862069,0.04,0.02439
3097,3236,1,0.983607,0.047619,0.02439
3097,3274,10,0.893617,0.015873,0.02439
3097,3275,4,0.939394,0.034483,0.02439
3097,3279,4,0.935484,0.04,0.02439
3097,3299,8,0.913978,0.016667,0.02439
3097,3302,14,0.851064,0.014925,0.02439
3097,3329,3,0.947368,0.052632,0.02439
3097,3340,4,0.924528,0.0625,0.02439
3097,3342,14,0.852632,0.014706,0.02439
3097,3345,8,0.918367,0.015385,0.02439
3097,3360,9,0.915094,0.013514,0.02439
3098,3108,40,0.545455,0.015873,0.015385
3098,3117,24,0.769231,0.015873,0.015385
3098,3119,19,0.834783,0.014493,0.015385
3098,3129,13,0.850575,0.028571,0.015385
3098,3142,34,0.609195,0.017857,0.015385
3098,3149,38,0.591398,0.015152,0.015385
3098,3195,44,0.526882,0.013889,0.015385
3098,3226,49,0.484211,0.012658,0.015385
3098,3232,51,0.571429,0.009524,0.015385
3098,3301,22,0.73494,0.025,0.015385
3098,3339,41,0.57732,0.013699,0.015385
3098,3348,47,0.539216,0.011905,0.015385
3098,3362,24,0.793103,0.013333,0.015385
3098,3363,53,0.629371,0.007634,0.015385
3098,3364,14,0.86,0.020408,0.015385
3098,3387,48,0.578947,0.010309,0.015385
3099,3242,6,0.684211,0.066667,0.1
3099,3329,7,0.681818,0.052632,0.1
3099,3349,7,0.533333,0.083333,0.1
3099,3369,1,0.980769,0.023256,0.1
3100,3111,9,0.883117,0.019231,0.029412
3100,3118,15,0.761905,0.022727,0.029412
3100,3145,8,0.915789,0.014493,0.029412
3100,3154,16,0.853211,0.010989,0.029412
3100,3162,17,0.77027,0.017544,0.029412
3100,3168,19,0.698413,0.020833,0.029412
3100,3179,9,0.903226,0.014706,0.029412
3100,3182,9,0.903226,0.014706,0.029412
3100,3233,18,0.772152,0.015873,0.029412
3100,3295,18,0.709677,0.021739,0.029412
3100,3320,8,0.942446,0.00885,0.029412
3100,3337,2,0.964286,0.041667,0.029412
3100,3346,13,0.767857,0.028571,0.029412
3100,3350,11,0.895238,0.012195,0.029412
3100,3366,19,0.753247,0.016129,0.029412
3101,3102,48,0.609756,0.020408,0.008197
3101,3106,46,0.666667,0.016129,0.008197
3101,3110,5,0.962687,0.058824,0.008197
3101,3113,51,0.633094,0.014706,0.008197
3101,3115,47,0.654412,0.016393,0.008197
3101,3116,84,0.404255,0.009709,0.008197
3101,3120,61,0.537879,0.014085,0.008197
3101,3132,76,0.415385,0.011905,0.008197
3101,3140,33,0.79375,0.014085,0.008197
3101,3145,45,0.691781,0.014493,0.008197
3101,3146,55,0.570312,0.016393,0.008197
3101,3150,72,0.482014,0.011236,0.008197
3101,3152,66,0.531915,0.011765,0.008197
3101,3155,2,0.984848,0.083333,0.008197
3101,3169,59,0.524194,0.016393,0.008197
3101,3179,44,0.69863,0.014706,0.008197
3101,3182,40,0.733333,0.014706,0.008197
3101,3185,53,0.644295,0.0125,0.008197
3101,3188,32,0.77305,0.019608,0.008197
3101,3198,46,0.716049,0.011628,0.008197
3101,3201,81,0.390977,0.01087,0.008197
3101,3206,46,0.637795,0.019608,0.008197
3101,3214,16,0.905325,0.015873,0.008197
3101,3224,33,0.770833,0.018182,0.008197
3101,3225,12,0.913043,0.035714,0.008197
3101,3239,56,0.5625,0.016129,0.008197
3101,3240,42,0.712329,0.015152,0.008197
3101,3247,64,0.483871,0.015152,0.008197
3101,3252,76,0.424242,0.011628,0.008197
3101,3253,15,0.905063,0.019608,0.008197
3101,3261,32,0.777778,0.018519,0.008197
3101,3265,45,0.64,0.020833,0.008197
3101,3267,58,0.573529,0.013889,0.008197
3101,3277,60,0.548872,0.014085,0.008197
3101,3280,74,0.522581,0.009346,0.008197
3101,3288,35,0.740741,0.020833,0.008197
3101,3291,74,0.556886,0.008403,0.008197
3101,3296,27,0.801471,0.02439,0.008197
3101,3297,61,0.508065,0.015873,0.008197
3101,3302,32,0.796178,0.014925,0.008197
3101,3316,35,0.722222,0.025641,0.008197
3101,3320,69,0.584337,0.00885,0.008197
3101,3330,66,0.557047,0.010753,0.008197
3101,3332,42,0.704225,0.016129,0.008197
3101,3335,50,0.635036,0.015385,0.008197
3101,3344,60,0.565217,0.013158,0.008197
3101,3347,64,0.522388,0.013158,0.008197
3101,3350,51,0.666667,0.012195,0.008197
3101,3351,72,0.462687,0.011905,0.008197
3101,3353,28,0.820513,0.016129,0.008197
3101,3355,41,0.696296,0.018519,0.008197
3101,3360,39,0.751592,0.013514,0.008197
3101,3366,9,0.948571,0.016129,0.008197
3101,3373,6,0.954887,0.058824,0.008197
3101,3381,46,0.646154,0.018519,0.008197
3101,3385,16,0.899371,0.018868,0.008197
3101,3391,45,0.653846,0.018868,0.008197
3101,3397,81,0.480769,0.008696,0.008197
3101,3403,23,0.847682,0.019231,0.008197
3101,3406,38,0.753247,0.014286,0.008197
3101,3411,38,0.739726,0.016129,0.008197
3101,3416,49,0.611111,0.018868,0.008197
3101,3419,53,0.598485,0.015873,0.008197
3101,3434,81,0.452703,0.009346,0.008197
3102,3116,45,0.579439,0.009709,0.020408
3102,3132,47,0.453488,0.011905,0.020408
3102,3145,24,0.744681,0.014493,0.020408
3102,3146,38,0.472222,0.016393,0.020408
3102,3150,35,0.660194,0.011236,0.020408
3102,3152,36,0.632653,0.011765,0.020408
3102,3169,41,0.405797,0.016393,0.020408
3102,3179,27,0.7,0.014706,0.020408
3102,3185,34,0.642105,0.0125,0.020408
3102,3201,48,0.483871,0.01087,0.020408
3102,3239,38,0.479452,0.016129,0.020408
3102,3247,40,0.466667,0.015152,0.020408
3102,3252,42,0.548387,0.011628,0.020408
3102,3265,37,0.383333,0.020833,0.020408
3102,3267,37,0.559524,0.013889,0.020408
3102,3277,41,0.481013,0.014085,0.020408
3102,3280,43,0.619469,0.009346,0.020408
3102,3297,41,0.422535,0.015873,0.020408
3102,3320,30,0.772727,0.00885,0.020408
3102,3330,41,0.594059,0.010753,0.020408
3102,3344,35,0.611111,0.013158,0.020408
3102,3347,38,0.563218,0.013158,0.020408
3102,3351,45,0.488636,0.011905,0.020408
3102,3416,35,0.477612,0.018868,0.020408
3102,3434,39,0.666667,0.009346,0.020408
3103,3136,4,0.948718,0.016129,0.05
3103,3150,3,0.971698,0.011236,0.05
3103,3176,11,0.694444,0.037037,0.05
3103,3207,14,0.702128,0.02439,0.05
3103,3241,13,0.5,0.052632,0.05
3103,3285,12,0.657143,0.037037,0.05
3103,3359,5,0.848485,0.055556,0.05
3103,3371,11,0.541667,0.066667,0.05
3103,3410,12,0.5,0.0625,0.05
3103,3412,14,0.72549,0.022222,0.05
3103,3420,13,0.566667,0.043478,0.05
3104,3114,26,0.747573,0.021739,0.012048
3104,3119,44,0.592593,0.014493,0.012048
3104,3123,21,0.778947,0.030303,0.012048
3104,3130,5,0.945055,0.076923,0.012048
3104,3137,26,0.754717,0.020408,0.012048
3104,3232,46,0.676056,0.009524,0.012048
3104,3243,19,0.791209,0.037037,0.012048
3104,3293,34,0.688073,0.016667,0.012048
3104,3294,9,0.907216,0.043478,0.012048
3104,3324,44,0.650794,0.011494,0.012048
3104,3339,38,0.677966,0.013699,0.012048
3104,3362,54,0.480769,0.013333,0.012048
3104,3363,50,0.695122,0.007634,0.012048
3104,3364,37,0.610526,0.020408,0.012048
3104,3384,40,0.565217,0.020408,0.012048
3104,3390,12,0.875,0.04,0.012048
3104,3417,50,0.590164,0.011236,0.012048
3104,3426,45,0.701987,0.00885,0.012048
3104,3435,33,0.666667,0.020408,0.012048
3105,3122,7,0.5,0.111111,0.083333
3105,3141,7,0.5625,0.090909,0.083333
3105,3200,7,0.5625,0.090909,0.083333
3105,3218,7,0.5,0.111111,0.083333
3105,3251,1,0.95,0.111111,0.083333
3105,3354,7,0.5,0.111111,0.083333
3106,3116,40,0.68,0.009709,0.016129
3106,3120,47,0.453488,0.014085,0.016129
3106,3146,29,0.691489,0.016393,0.016129
3106,3154,29,0.766129,0.010989,0.016129
3106,3160,17,0.773333,0.033333,0.016129
3106,3169,31,0.663043,0.016393,0.016129
3106,3191,16,0.813953,0.025,0.016129
3106,3198,29,0.756303,0.011628,0.016129
3106,3201,37,0.683761,0.01087,0.016129
3106,3203,13,0.8375,0.032258,0.016129
3106,3224,33,0.607143,0.018182,0.016129
3106,3239,36,0.590909,0.016129,0.016129
3106,3240,47,0.419753,0.015152,0.016129
3106,3247,33,0.652632,0.015152,0.016129
3106,3252,49,0.505051,0.011628,0.016129
3106,3267,33,0.673267,0.013889,0.016129
3106,3291,52,0.596899,0.008403,0.016129
3106,3299,28,0.702128,0.016667,0.016129
3106,3319,11,0.857143,0.038462,0.016129
3106,3320,37,0.731884,0.00885,0.016129
3106,3321,39,0.576087,0.014493,0.016129
3106,3330,41,0.640351,0.010753,0.016129
3106,3332,20,0.807692,0.016129,0.016129
3106,3342,24,0.773585,0.014706,0.016129
3106,3344,54,0.357143,0.013158,0.016129
3106,3345,36,0.604396,0.015385,0.016129
3106,3355,41,0.453333,0.018519,0.016129
3106,3386,26,0.704545,0.019231,0.016129
3106,3391,38,0.506494,0.018868,0.016129
3106,3397,52,0.584,0.008696,0.016129
3106,3406,40,0.565217,0.014286,0.016129
3106,3416,29,0.662791,0.018868,0.016129
3106,3434,48,0.603306,0.009346,0.016129
3107,3117,6,0.944444,0.015873,0.019608
3107,3154,10,0.924242,0.010989,0.019608
3107,3186,4,0.942857,0.043478,0.019608
3107,3187,6,0.924051,0.029412,0.019608
3107,3198,22,0.808696,0.011628,0.019608
3107,3215,4,0.944444,0.04,0.019608
3107,3219,17,0.767123,0.025641,0.019608
3107,3242,3,0.952381,0.066667,0.019608
3107,3246,6,0.898305,0.071429,0.019608
3107,3263,9,0.91,0.017241,0.019608
3107,3275,7,0.90411,0.034483,0.019608
3107,3288,6,0.935484,0.020833,0.019608
3107,3291,19,0.874172,0.008403,0.019608
3107,3313,11,0.847222,0.03125,0.019608
3107,3323,2,0.964286,0.142857,0.019608
3107,3330,13,0.900763,0.010753,0.019608
3107,3337,13,0.790323,0.041667,0.019608
3107,3340,3,0.953125,0.0625,0.019608
3107,3341,8,0.891892,0.032258,0.019608
3107,3342,15,0.855769,0.014706,0.019608
3107,3343,1,0.984375,0.071429,0.019608
3107,3379,5,0.929577,0.04,0.019608
3107,3395,13,0.828947,0.026316,0.019608
3107,3403,6,0.938144,0.019231,0.019608
3107,3421,4,0.940299,0.05,0.019608
3108,3149,42,0.517241,0.015152,0.015873
3108,3195,45,0.5,0.013889,0.015873
3108,3226,49,0.473118,0.012658,0.015873
3108,3232,51,0.564103,0.009524,0.015873
3108,3250,26,0.633803,0.029412,0.015873
3108,3284,52,0.358025,0.014286,0.015873
3108,3339,42,0.553191,0.013699,0.015873
3108,3348,53,0.43617,0.011905,0.015873
3108,3363,56,0.594203,0.007634,0.015873
3108,3387,49,0.558559,0.010309,0.015873
3108,3426,54,0.557377,0.00885,0.015873
3109,3188,14,0.745455,0.019608,0.055556
3109,3212,13,0.675,0.028571,0.055556
3109,3260,10,0.722222,0.035714,0.055556
3109,3299,13,0.8,0.016667,0.055556
3109,3345,14,0.797101,0.015385,0.055556
3109,3360,15,0.805195,0.013514,0.055556
3109,3415,2,0.955556,0.034483,0.055556
3110,3138,6,0.8,0.052632,0.058824
3110,3178,6,0.833333,0.04,0.058824
3110,3302,4,0.95,0.014925,0.058824
3110,3313,4,0.911111,0.03125,0.058824
3110,3327,5,0.919355,0.02,0.058824
3110,3369,4,0.928571,0.023256,0.058824
3110,3374,5,0.821429,0.0625,0.058824
3110,3403,6,0.904762,0.019231,0.058824
3110,3421,2,0.942857,0.05,0.058824
3111,3118,15,0.814815,0.022727,0.019231
3111,3136,11,0.893204,0.016129,0.019231
3111,3145,26,0.726316,0.014493,0.019231
3111,3150,13,0.898438,0.011236,0.019231
3111,3157,4,0.936508,0.066667,0.019231
3111,3172,32,0.652174,0.013889,0.019231
3111,3185,31,0.693069,0.0125,0.019231
3111,3189,8,0.873016,0.052632,0.019231
3111,3219,9,0.890244,0.025641,0.019231
3111,3224,6,0.940594,0.018182,0.019231
3111,3225,17,0.730159,0.035714,0.019231
3111,3240,6,0.946429,0.015152,0.019231
3111,3253,6,0.938144,0.019608,0.019231
3111,3261,28,0.641026,0.018519,0.019231
3111,3274,22,0.763441,0.015873,0.019231
3111,3279,6,0.915493,0.04,0.019231
3111,3280,22,0.839416,0.009346,0.019231
3111,3287,27,0.630137,0.020833,0.019231
3111,3298,14,0.831325,0.022222,0.019231
3111,3302,8,0.927928,0.014925,0.019231
3111,3320,35,0.730769,0.00885,0.019231
3111,3342,10,0.909091,0.014706,0.019231
3111,3350,22,0.803571,0.012195,0.019231
3111,3353,17,0.824742,0.016129,0.019231
3111,3377,21,0.66129,0.032258,0.019231
3111,3378,20,0.782609,0.016667,0.019231
3111,3395,11,0.860759,0.026316,0.019231
3111,3396,29,0.707071,0.013158,0.019231
3111,3403,23,0.716049,0.019231,0.019231
3111,3415,5,0.934211,0.034483,0.019231
3111,3422,22,0.685714,0.025,0.019231
3111,3434,17,0.880282,0.009346,0.019231
3112,3172,11,0.849315,0.013889,0.083333
3112,3185,10,0.878049,0.0125,0.083333
3112,3280,9,0.918182,0.009346,0.083333
3112,3298,6,0.882353,0.022222,0.083333
3112,3378,9,0.857143,0.016667,0.083333
3112,3422,6,0.869565,0.025,0.083333
3113,3115,28,0.722772,0.016393,0.014706
3113,3120,34,0.67619,0.014085,0.014706
3113,3132,41,0.630631,0.011905,0.014706
3113,3145,39,0.602041,0.014493,0.014706
3113,3148,13,0.847059,0.033333,0.014706
3113,3162,5,0.958333,0.017544,0.014706
3113,3169,35,0.62766,0.016393,0.014706
3113,3179,26,0.763636,0.014706,0.014706
3113,3182,29,0.728972,0.014706,0.014706
3113,3198,24,0.815385,0.011628,0.014706
3113,3201,47,0.584071,0.01087,0.014706
3113,3204,30,0.647059,0.021277,0.014706
3113,3252,39,0.66087,0.011628,0.014706
3113,3261,26,0.729167,0.018519,0.014706
3113,3267,40,0.6,0.013889,0.014706
3113,3272,20,0.782609,0.022727,0.014706
3113,3277,39,0.61,0.014085,0.014706
3113,3280,51,0.58871,0.009346,0.014706
3113,3291,43,0.701389,0.008403,0.014706
3113,3297,35,0.635417,0.015873,0.014706
3113,3298,20,0.784946,0.022222,0.014706
3113,3299,12,0.896552,0.016667,0.014706
3113,3320,42,0.697842,0.00885,0.014706
3113,3323,2,0.972603,0.142857,0.014706
3113,3327,7,0.936937,0.02,0.014706
3113,3335,27,0.745283,0.015385,0.014706
3113,3347,43,0.574257,0.013158,0.014706
3113,3350,33,0.717949,0.012195,0.014706
3113,3351,45,0.579439,0.011905,0.014706
3113,3366,12,0.898305,0.016129,0.014706
3113,3377,13,0.848837,0.032258,0.014706
3113,3378,34,0.638298,0.016667,0.014706
3113,3381,41,0.493827,0.018519,0.014706
3113,3391,23,0.765306,0.018868,0.014706
3113,3419,34,0.649485,0.015873,0.014706
3113,3434,43,0.674242,0.009346,0.014706
3114,3119,24,0.736264,0.014493,0.021739
3114,3123,22,0.614035,0.030303,0.021739
3114,3137,30,0.538462,0.020408,0.021739
3114,3139,10,0.824561,0.047619,0.021739
3114,3166,20,0.6875,0.026316,0.021739
3114,3231,15,0.745763,0.035714,0.021739
3114,3339,14,0.866667,0.013699,0.021739
3114,3362,21,0.79,0.013333,0.021739
3114,3364,17,0.782051,0.020408,0.021739
3114,3394,11,0.833333,0.032258,0.021739
3114,3400,19,0.693548,0.028571,0.021739
3114,3426,22,0.839416,0.00885,0.021739
3114,3430,9,0.844828,0.047619,0.021739
3114,3435,16,0.797468,0.020408,0.021739
3115,3116,47,0.598291,0.009709,0.016393
3115,3124,7,0.916667,0.033333,0.016393
3115,3132,41,0.605769,0.011905,0.016393
3115,3150,41,0.623853,0.011236,0.016393
3115,3152,40,0.622642,0.011765,0.016393
3115,3179,35,0.62766,0.014706,0.016393
3115,3182,32,0.670103,0.014706,0.016393
3115,3185,40,0.60396,0.0125,0.016393
3115,3198,30,0.74359,0.011628,0.016393
3115,3201,41,0.633929,0.01087,0.016393
3115,3224,16,0.84,0.018182,0.016393
3115,3247,33,0.648936,0.015152,0.016393
3115,3252,38,0.651376,0.011628,0.016393
3115,3259,5,0.942529,0.032258,0.016393
3115,3265,27,0.670732,0.020833,0.016393
3115,3280,46,0.622951,0.009346,0.016393
3115,3288,21,0.761364,0.020833,0.016393
3115,3291,39,0.723404,0.008403,0.016393
3115,3302,11,0.905983,0.014925,0.016393
3115,3335,32,0.659574,0.015385,0.016393
3115,3342,14,0.878261,0.014706,0.016393
3115,3344,29,0.731481,0.013158,0.016393
3115,3350,34,0.688073,0.012195,0.016393
3115,3351,41,0.605769,0.011905,0.016393
3115,3378,19,0.813725,0.016667,0.016393
3115,3396,31,0.707547,0.013158,0.016393
3115,3397,42,0.686567,0.008696,0.016393
3115,3411,28,0.705263,0.016129,0.016393
3115,3419,33,0.637363,0.015873,0.016393
3115,3422,14,0.83908,0.025,0.016393
3115,3434,43,0.656,0.009346,0.016393
3116,3120,53,0.561983,0.014085,0.009709
3116,3132,69,0.415254,0.011905,0.009709
3116,3146,52,0.535714,0.016393,0.009709
3116,3148,17,0.853448,0.033333,0.009709
3116,3150,64,0.5,0.011236,0.009709
3116,3152,62,0.507937,0.011765,0.009709
3116,3169,53,0.522523,0.016393,0.009709
3116,3170,17,0.846847,0.04,0.009709
3116,3179,44,0.653543,0.014706,0.009709
3116,3182,38,0.714286,0.014706,0.009709
3116,3185,50,0.62406,0.0125,0.009709
3116,3188,28,0.777778,0.019608,0.009709
3116,3198,41,0.722973,0.011628,0.009709
3116,3201,72,0.414634,0.01087,0.009709
3116,3206,42,0.625,0.019608,0.009709
3116,3212,16,0.868852,0.028571,0.009709
3116,3214,13,0.915033,0.015873,0.009709
3116,3239,51,0.552632,0.016129,0.009709
3116,3247,59,0.463636,0.015152,0.009709
3116,3252,66,0.463415,0.011628,0.009709
3116,3258,23,0.818898,0.021277,0.009709
3116,3261,28,0.782946,0.018519,0.009709
3116,3265,42,0.614679,0.020833,0.009709
3116,3267,50,0.6,0.013889,0.009709
3116,3272,28,0.764706,0.022727,0.009709
3116,3280,77,0.421053,0.009346,0.009709
3116,3291,67,0.567742,0.008403,0.009709
3116,3296,27,0.769231,0.02439,0.009709
3116,3297,53,0.530973,0.015873,0.009709
3116,3298,24,0.806452,0.022222,0.009709
3116,3302,22,0.851351,0.014925,0.009709
3116,3306,13,0.883929,0.045455,0.009709
3116,3320,60,0.615385,0.00885,0.009709
3116,3321,36,0.735294,0.014493,0.009709
3116,3330,61,0.548148,0.010753,0.009709
3116,3332,40,0.68,0.016129,0.009709
3116,3335,45,0.634146,0.015385,0.009709
3116,3344,52,0.590551,0.013158,0.009709
3116,3347,56,0.544715,0.013158,0.009709
3116,3350,50,0.62963,0.012195,0.009709
3116,3351,70,0.401709,0.011905,0.009709
3116,3360,35,0.753521,0.013514,0.009709
3116,3381,45,0.598214,0.018519,0.009709
3116,3391,39,0.666667,0.018868,0.009709
3116,3396,40,0.71223,0.013158,0.009709
3116,3397,67,0.556291,0.008696,0.009709
3116,3411,38,0.700787,0.016129,0.009709
3116,3416,45,0.594595,0.018868,0.009709
3116,3418,2,0.981982,0.1,0.009709
3116,3419,46,0.616667,0.015873,0.009709
3116,3422,20,0.837398,0.025,0.009709
3116,3431,5,0.958678,0.043478,0.009709
3116,3434,74,0.455882,0.009346,0.009709
3117,3124,8,0.905882,0.033333,0.015873
3117,3173,4,0.948052,0.055556,0.015873
3117,3174,28,0.743119,0.013514,0.015873
3117,3195,26,0.761468,0.013889,0.015873
3117,3213,10,0.88764,0.027778,0.015873
3117,3214,7,0.941176,0.015873,0.015873
3117,3215,10,0.871795,0.04,0.015873
3117,3228,12,0.862069,0.027778,0.015873
3117,3237,5,0.94186,0.035714,0.015873
3117,3274,6,0.95,0.015873,0.015873
3117,3302,10,0.916667,0.014925,0.015873
3117,3304,13,0.847059,0.028571,0.015873
3117,3339,21,0.817391,0.013699,0.015873
3117,3342,8,0.934959,0.014706,0.015873
3117,3363,37,0.764331,0.007634,0.015873
3117,3364,12,0.88,0.020408,0.015873
3117,3431,4,0.95122,0.043478,0.015873
3118,3145,16,0.835052,0.014493,0.022727
3118,3160,5,0.927536,0.033333,0.022727
3118,3162,17,0.797619,0.017544,0.022727
3118,3168,16,0.789474,0.020833,0.022727
3118,3172,17,0.828283,0.013889,0.022727
3118,3233,17,0.811111,0.015873,0.022727
3118,3263,13,0.853933,0.017241,0.022727
3118,3287,23,0.666667,0.020833,0.022727
3118,3295,14,0.815789,0.021739,0.022727
3118,3320,18,0.870504,0.00885,0.022727
3118,3332,12,0.87234,0.016129,0.022727
3118,3353,15,0.835165,0.016129,0.022727
3118,3366,21,0.752941,0.016129,0.022727
3118,3377,12,0.809524,0.032258,0.022727
3118,3379,11,0.810345,0.04,0.022727
3118,3386,9,0.896552,0.019231,0.022727
3118,3396,16,0.846154,0.013158,0.022727
3118,3403,24,0.666667,0.019231,0.022727
3118,3412,15,0.797297,0.022222,0.022727
3119,3123,21,0.740741,0.030303,0.014493
3119,3135,22,0.731707,0.028571,0.014493
3119,3158,33,0.625,0.019231,0.014493
3119,3166,25,0.695122,0.026316,0.014493
3119,3174,30,0.734513,0.013514,0.014493
3119,3232,42,0.681818,0.009524,0.014493
3119,3238,31,0.607595,0.02439,0.014493
3119,3257,25,0.709302,0.02381,0.014493
3119,3293,31,0.683673,0.016667,0.014493
3119,3324,30,0.761905,0.011494,0.014493
3119,3362,38,0.641509,0.013333,0.014493
3119,3387,38,0.703125,0.010309,0.014493
3119,3417,46,0.589286,0.011236,0.014493
3119,3435,35,0.578313,0.020408,0.014493
3120,3132,53,0.480392,0.011905,0.014085
3120,3146,42,0.533333,0.016393,0.014085
3120,3150,46,0.596491,0.011236,0.014085
3120,3154,27,0.8,0.010989,0.014085
3120,3169,48,0.428571,0.016393,0.014085
3120,3191,13,0.867347,0.025,0.014085
3120,3198,32,0.744,0.011628,0.014085
3120,3201,54,0.504587,0.01087,0.014085
3120,3206,38,0.547619,0.019608,0.014085
3120,3207,6,0.943396,0.02439,0.014085
3120,3224,30,0.6875,0.018182,0.014085
3120,3239,48,0.435294,0.016129,0.014085
3120,3240,41,0.572917,0.015152,0.014085
3120,3247,48,0.460674,0.015152,0.014085
3120,3252,67,0.255556,0.011628,0.014085
3120,3267,45,0.540816,0.013889,0.014085
3120,3277,48,0.489362,0.014085,0.014085
3120,3280,44,0.671642,0.009346,0.014085
3120,3291,57,0.571429,0.008403,0.014085
3120,3297,43,0.527473,0.015873,0.014085
3120,3299,25,0.764151,0.016667,0.014085
3120,3316,32,0.589744,0.025641,0.014085
3120,3320,40,0.722222,0.00885,0.014085
3120,3321,36,0.653846,0.014493,0.014085
3120,3330,52,0.535714,0.010753,0.014085
3120,3335,35,0.653465,0.015385,0.014085
3120,3342,23,0.801724,0.014706,0.014085
3120,3344,59,0.329545,0.013158,0.014085
3120,3345,31,0.704762,0.015385,0.014085
3120,3350,26,0.795276,0.012195,0.014085
3120,3351,52,0.495146,0.011905,0.014085
3120,3355,39,0.546512,0.018519,0.014085
3120,3381,36,0.595506,0.018519,0.014085
3120,3391,52,0.277778,0.018868,0.014085
3120,3397,61,0.512,0.008696,0.014085
3120,3406,34,0.682243,0.014286,0.014085
3120,3416,42,0.487805,0.018868,0.014085
3120,3419,39,0.589474,0.015873,0.014085
3120,3434,58,0.516667,0.009346,0.014085
3122,3141,7,0.461538,0.090909,0.111111
3122,3200,8,0.333333,0.090909,0.111111
3122,3218,8,0.2,0.111111,0.111111
3122,3354,8,0.2,0.111111,0.111111
3123,3135,10,0.827586,0.028571,0.030303
3123,3137,23,0.610169,0.020408,0.030303
3123,3158,20,0.692308,0.019231,0.030303
3123,3166,21,0.58,0.026316,0.030303
3123,3231,10,0.803922,0.035714,0.030303
3123,3257,15,0.75,0.02381,0.030303
3123,3339,14,0.847826,0.013699,0.030303
3123,3400,19,0.612245,0.028571,0.030303
3123,3430,4,0.92,0.047619,0.030303
3124,3173,6,0.857143,0.055556,0.033333
3124,3185,7,0.932039,0.0125,0.033333
3124,3196,6,0.90625,0.025,0.033333
3124,3205,1,0.977273,0.066667,0.033333
3124,3215,7,0.854167,0.04,0.033333
3124,3256,11,0.865854,0.015873,0.033333
3124,3312,7,0.825,0.058824,0.033333
3124,3335,11,0.869048,0.015385,0.033333
3124,3365,9,0.865672,0.021739,0.033333
3124,3380,5,0.891304,0.047619,0.033333
3124,3393,6,0.860465,0.052632,0.033333
3124,3418,5,0.857143,0.1,0.033333
3124,3419,5,0.943182,0.015873,0.033333
3126,3128,7,0.363636,0.1,0.125
3126,3322,7,0.222222,0.125,0.125
3126,3336,6,0.333333,0.142857,0.125
3127,3147,4,0.428571,0.2,0.166667
3128,3322,7,0.363636,0.125,0.1
3128,3336,6,0.454545,0.142857,0.1
3129,3226,16,0.836735,0.012658,0.028571
3129,3228,15,0.732143,0.027778,0.028571
3129,3257,13,0.796875,0.02381,0.028571
3129,3301,16,0.728814,0.025,0.028571
3129,3324,15,0.859813,0.011494,0.028571
3129,3348,21,0.785714,0.011905,0.028571
3129,3363,26,0.814286,0.007634,0.028571
3129,3426,23,0.816,0.00885,0.028571
3129,3435,10,0.864865,0.020408,0.028571
3129,3436,3,0.923077,0.142857,0.028571
3130,3300,10,0.52381,0.055556,0.076923
3131,3180,7,0.222222,0.125,0.125
3131,3181,7,0.222222,0.125,0.125
3131,3251,7,0.3,0.111111,0.125
3131,3372,6,0.333333,0.142857,0.125
3132,3145,38,0.669565,0.014493,0.011905
3132,3146,51,0.457447,0.016393,0.011905
3132,3150,58,0.495652,0.011236,0.011905
3132,3152,54,0.530435,0.011765,0.011905
3132,3154,28,0.809524,0.010989,0.011905
3132,3169,55,0.388889,0.016393,0.011905
3132,3179,40,0.642857,0.014706,0.011905
3132,3185,43,0.644628,0.0125,0.011905
3132,3188,28,0.738318,0.019608,0.011905
3132,3201,71,0.32381,0.01087,0.011905
3132,3206,43,0.532609,0.019608,0.011905
3132,3212,13,0.877358,0.028571,0.011905
3132,3239,53,0.430108,0.016129,0.011905
3132,3247,57,0.387097,0.015152,0.011905
3132,3252,64,0.396226,0.011628,0.011905
3132,3253,12,0.902439,0.019608,0.011905
3132,3260,8,0.923077,0.035714,0.011905
3132,3265,43,0.516854,0.020833,0.011905
3132,3267,52,0.5,0.013889,0.011905
3132,3277,58,0.402062,0.014085,0.011905
3132,3280,67,0.459677,0.009346,0.011905
3132,3288,29,0.718447,0.020833,0.011905
3132,3291,56,0.619048,0.008403,0.011905
3132,3296,25,0.75,0.02439,0.011905
3132,3297,56,0.384615,0.015873,0.011905
3132,3316,34,0.617978,0.025641,0.011905
3132,3320,50,0.659864,0.00885,0.011905
3132,3321,29,0.766129,0.014493,0.011905
3132,3330,59,0.5,0.010753,0.011905
3132,3332,33,0.707965,0.016129,0.011905
3132,3335,38,0.657658,0.015385,0.011905
3132,3344,51,0.53211,0.013158,0.011905
3132,3347,53,0.504673,0.013158,0.011905
3132,3350,43,0.650407,0.012195,0.011905
3132,3351,63,0.4,0.011905,0.011905
3132,3355,34,0.673077,0.018519,0.011905
3132,3381,45,0.516129,0.018519,0.011905
3132,3391,41,0.572917,0.018868,0.011905
3132,3396,34,0.730159,0.013158,0.011905
3132,3397,62,0.547445,0.008696,0.011905
3132,3411,35,0.684685,0.016129,0.011905
3132,3416,47,0.477778,0.018868,0.011905
3132,3419,49,0.5,0.015873,0.011905
3132,3434,68,0.447154,0.009346,0.011905
3133,3233,7,0.893939,0.015873,0.1
3133,3273,6,0.8,0.038462,0.1
3133,3366,7,0.892308,0.016129,0.1
3135,3158,27,0.55,0.019231,0.028571
3135,3166,11,0.822581,0.026316,0.028571
3135,3220,22,0.671642,0.018519,0.028571
3135,3293,20,0.733333,0.016667,0.028571
3135,3363,26,0.814286,0.007634,0.028571
3135,3417,27,0.721649,0.011236,0.028571
3135,3433,26,0.648649,0.015385,0.028571
3136,3171,4,0.948052,0.052632,0.016129
3136,3187,17,0.78481,0.029412,0.016129
3136,3189,14,0.791045,0.052632,0.016129
3136,3196,22,0.725,0.025,0.016129
3136,3198,25,0.796748,0.011628,0.016129
3136,3214,21,0.798077,0.015873,0.016129
3136,3219,29,0.597222,0.025641,0.016129
3136,3233,9,0.922414,0.015873,0.016129
3136,3253,24,0.730337,0.019608,0.016129
3136,3256,21,0.798077,0.015873,0.016129
3136,3259,16,0.792208,0.032258,0.016129
3136,3264,18,0.76,0.032258,0.016129
3136,3279,10,0.87013,0.04,0.016129
3136,3282,1,0.984127,0.5,0.016129
3136,3327,13,0.868687,0.02,0.016129
3136,3330,18,0.868613,0.010753,0.016129
3136,3331,7,0.923077,0.027778,0.016129
3136,3335,9,0.923729,0.015385,0.016129
3136,3337,18,0.735294,0.041667,0.016129
3136,3340,5,0.931507,0.0625,0.016129
3136,3341,9,0.892857,0.032258,0.016129
3136,3365,19,0.786517,0.021739,0.016129
3136,3369,25,0.6875,0.023256,0.016129
3136,3379,6,0.925926,0.04,0.016129
3136,3385,19,0.802083,0.018868,0.016129
3136,3395,21,0.734177,0.026316,0.016129
3136,3409,5,0.931507,0.0625,0.016129
3136,3419,9,0.922414,0.015873,0.016129
3137,3139,13,0.77193,0.047619,0.020408
3137,3149,12,0.883495,0.015152,0.020408
3137,3158,19,0.768293,0.019231,0.020408
3137,3166,17,0.757143,0.026316,0.020408
3137,3228,4,0.950617,0.027778,0.020408
3137,3229,10,0.811321,0.071429,0.020408
3137,3231,20,0.649123,0.035714,0.020408
3137,3232,24,0.815385,0.009524,0.020408
3137,3257,18,0.753425,0.02381,0.020408
3137,3348,14,0.882353,0.011905,0.020408
3137,3387,18,0.859375,0.010309,0.020408
3137,3392,10,0.821429,0.058824,0.020408
3137,3394,14,0.787879,0.032258,0.020408
3137,3400,17,0.746269,0.028571,0.020408
3137,3426,28,0.791045,0.00885,0.020408
3137,3430,9,0.852459,0.047619,0.020408
3138,3152,3,0.970297,0.011765,0.052632
3138,3178,13,0.580645,0.04,0.052632
3138,3208,4,0.866667,0.066667,0.052632
3138,3211,8,0.777778,0.04,0.052632
3138,3279,4,0.9,0.04,0.052632
3138,3307,8,0.733333,0.052632,0.052632
3138,3374,11,0.541667,0.0625,0.052632
3139,3153,6,0.769231,0.090909,0.047619
3139,3229,11,0.541667,0.071429,0.047619
3139,3231,10,0.74359,0.035714,0.047619
3139,3300,9,0.7,0.055556,0.047619
3139,3392,16,0.272727,0.058824,0.047619
3139,3426,11,0.910569,0.00885,0.047619
3139,3428,4,0.84,0.125,0.047619
3139,3430,11,0.645161,0.047619,0.047619
3140,3145,14,0.888889,0.014493,0.014085
3140,3154,24,0.826087,0.010989,0.014085
3140,3161,2,0.973333,0.166667,0.014085
3140,3177,8,0.923077,0.02439,0.014085
3140,3179,10,0.922481,0.014706,0.014085
3140,3182,17,0.860656,0.014706,0.014085
3140,3194,8,0.9,0.058824,0.014085
3140,3203,13,0.853933,0.032258,0.014085
3140,3214,14,0.883333,0.015873,0.014085
3140,3219,7,0.932039,0.025641,0.014085
3140,3225,6,0.935484,0.035714,0.014085
3140,3240,27,0.754545,0.015152,0.014085
3140,3255,5,0.94898,0.03125,0.014085
3140,3275,7,0.924731,0.034483,0.014085
3140,3277,20,0.836066,0.014085,0.014085
3140,3291,45,0.689655,0.008403,0.014085
3140,3302,14,0.887097,0.014925,0.014085
3140,3313,8,0.915789,0.03125,0.014085
3140,3320,29,0.812903,0.00885,0.014085
3140,3321,30,0.727273,0.014493,0.014085
3140,3331,3,0.971154,0.027778,0.014085
3140,3335,13,0.894309,0.015385,0.014085
3140,3341,11,0.879121,0.032258,0.014085
3140,3342,24,0.791304,0.014706,0.014085
3140,3345,23,0.79646,0.015385,0.014085
3140,3353,19,0.833333,0.016129,0.014085
3140,3360,23,0.811475,0.013514,0.014085
3140,3378,14,0.880342,0.016667,0.014085
3140,3379,5,0.945055,0.04,0.014085
3140,3380,13,0.835443,0.047619,0.014085
3140,3386,24,0.757576,0.019231,0.014085
3140,3393,3,0.965517,0.052632,0.014085
3140,3397,37,0.751678,0.008696,0.014085
3140,3406,26,0.773913,0.014286,0.014085
3141,3200,8,0.428571,0.090909,0.090909
3141,3216,5,0.615385,0.142857,0.090909
3141,3218,7,0.461538,0.111111,0.090909
3141,3271,3,0.769231,0.2,0.090909
3141,3354,7,0.461538,0.111111,0.090909
3142,3163,10,0.855072,0.043478,0.017857
3142,3174,33,0.659794,0.013514,0.017857
3142,3195,38,0.577778,0.013889,0.017857
3142,3213,8,0.904762,0.027778,0.017857
3142,3226,44,0.516484,0.012658,0.017857
3142,3232,46,0.6,0.009524,0.017857
3142,3250,24,0.636364,0.029412,0.017857
3142,3284,37,0.58427,0.014286,0.017857
3142,3324,30,0.734513,0.011494,0.017857
3142,3339,45,0.464286,0.013699,0.017857
3142,3363,48,0.654676,0.007634,0.017857
3142,3387,43,0.609091,0.010309,0.017857
3142,3426,48,0.603306,0.00885,0.017857
3143,3153,3,0.75,0.090909,0.25
3144,3162,4,0.942029,0.017544,0.0625
3144,3214,5,0.932432,0.015873,0.0625
3144,3235,1,0.956522,0.125,0.0625
3144,3255,3,0.933333,0.03125,0.0625
3144,3328,1,0.969697,0.055556,0.0625
3144,3346,3,0.9375,0.028571,0.0625
3144,3360,4,0.953488,0.013514,0.0625
3144,3431,2,0.945946,0.043478,0.0625
3145,3169,26,0.75,0.016393,0.014493
3145,3172,44,0.546392,0.013889,0.014493
3145,3182,34,0.669903,0.014706,0.014493
3145,3185,43,0.59434,0.0125,0.014493
3145,3199,13,0.833333,0.045455,0.014493
3145,3201,40,0.669421,0.01087,0.014493
3145,3204,28,0.681818,0.021277,0.014493
3145,3206,18,0.823529,0.019608,0.014493
3145,3255,4,0.958763,0.03125,0.014493
3145,3260,8,0.910112,0.035714,0.014493
3145,3261,32,0.648352,0.018519,0.014493
3145,3267,38,0.631068,0.013889,0.014493
3145,3274,23,0.788991,0.015873,0.014493
3145,3277,32,0.703704,0.014085,0.014493
3145,3280,48,0.625,0.009346,0.014493
3145,3287,25,0.728261,0.020833,0.014493
3145,3291,37,0.754967,0.008403,0.014493
3145,3297,29,0.718447,0.015873,0.014493
3145,3320,58,0.532258,0.00885,0.014493
3145,3330,33,0.744186,0.010753,0.014493
3145,3332,29,0.715686,0.016129,0.014493
3145,3347,38,0.64486,0.013158,0.014493
3145,3350,35,0.698276,0.012195,0.014493
3145,3351,33,0.725,0.011905,0.014493
3145,3377,21,0.734177,0.032258,0.014493
3145,3378,40,0.550562,0.016667,0.014493
3145,3381,33,0.633333,0.018519,0.014493
3145,3385,6,0.948276,0.018868,0.014493
3145,3386,18,0.825243,0.019231,0.014493
3145,3396,39,0.632075,0.013158,0.014493
3145,3403,22,0.777778,0.019231,0.014493
3145,3419,27,0.742857,0.015873,0.014493
3145,3422,21,0.761364,0.025,0.014493
3146,3152,42,0.596154,0.011765,0.016393
3146,3169,48,0.351351,0.016393,0.016393
3146,3198,25,0.795082,0.011628,0.016393
3146,3201,52,0.485149,0.01087,0.016393
3146,3206,34,0.564103,0.019608,0.016393
3146,3239,48,0.36,0.016129,0.016393
3146,3247,50,0.350649,0.015152,0.016393
3146,3252,50,0.484536,0.011628,0.016393
3146,3265,39,0.442857,0.020833,0.016393
3146,3267,41,0.554348,0.013889,0.016393
3146,3277,42,0.533333,0.014085,0.016393
3146,3288,17,0.815217,0.020833,0.016393
3146,3291,41,0.705036,0.008403,0.016393
3146,3297,45,0.43038,0.015873,0.016393
3146,3302,13,0.886957,0.014925,0.016393
3146,3316,33,0.507463,0.025641,0.016393
3146,3330,49,0.533333,0.010753,0.016393
3146,3335,31,0.673684,0.015385,0.016393
3146,3344,39,0.602041,0.013158,0.016393
3146,3347,39,0.602041,0.013158,0.016393
3146,3351,51,0.457447,0.011905,0.016393
3146,3381,32,0.614458,0.018519,0.016393
3146,3383,1,0.987013,0.058824,0.016393
3146,3397,47,0.635659,0.008696,0.016393
3146,3416,45,0.347826,0.018868,0.016393
3146,3419,41,0.506024,0.015873,0.016393
3146,3434,48,0.6,0.009346,0.016393
3148,3215,4,0.921569,0.04,0.033333
3148,3242,3,0.928571,0.066667,0.033333
3148,3254,5,0.864865,0.083333,0.033333
3148,3272,16,0.724138,0.022727,0.033333
3148,3280,24,0.787611,0.009346,0.033333
3148,3298,12,0.809524,0.022222,0.033333
3148,3306,12,0.7,0.045455,0.033333
3148,3327,5,0.933333,0.02,0.033333
3148,3331,2,0.96875,0.027778,0.033333
3148,3360,7,0.927835,0.013514,0.033333
3148,3378,12,0.846154,0.016667,0.033333
3148,3381,13,0.816901,0.018519,0.033333
3148,3403,2,0.975,0.019231,0.033333
3148,3411,9,0.891566,0.016129,0.033333
3148,3422,8,0.870968,0.025,0.033333
3148,3434,14,0.886179,0.009346,0.033333
3149,3163,14,0.813333,0.043478,0.015152
3149,3174,42,0.571429,0.013514,0.015152
3149,3193,6,0.931034,0.037037,0.015152
3149,3195,43,0.547368,0.013889,0.015152
3149,3226,50,0.473684,0.012658,0.015152
3149,3232,56,0.513043,0.009524,0.015152
3149,3237,9,0.894118,0.035714,0.015152
3149,3284,44,0.521739,0.014286,0.015152
3149,3301,22,0.738095,0.025,0.015152
3149,3339,44,0.536842,0.013699,0.015152
3149,3348,51,0.484848,0.011905,0.015152
3149,3387,59,0.432692,0.010309,0.015152
3149,3426,53,0.579365,0.00885,0.015152
3149,3435,15,0.85,0.020408,0.015152
3150,3151,6,0.938144,0.071429,0.011236
3150,3152,48,0.619048,0.011765,0.011236
3150,3154,29,0.807947,0.010989,0.011236
3150,3169,42,0.611111,0.016393,0.011236
3150,3179,39,0.669492,0.014706,0.011236
3150,3185,44,0.648,0.0125,0.011236
3150,3188,25,0.782609,0.019608,0.011236
3150,3198,39,0.713235,0.011628,0.011236
3150,3201,57,0.540323,0.01087,0.011236
3150,3223,5,0.953271,0.043478,0.011236
3150,3247,45,0.590909,0.015152,0.011236
3150,3252,53,0.565574,0.011628,0.011236
3150,3253,18,0.852459,0.019608,0.011236
3150,3265,35,0.656863,0.020833,0.011236
3150,3267,43,0.635593,0.013889,0.011236
3150,3272,20,0.823009,0.022727,0.011236
3150,3277,43,0.632479,0.014085,0.011236
3150,3280,58,0.57971,0.009346,0.011236
3150,3291,55,0.640523,0.008403,0.011236
3150,3296,23,0.785047,0.02439,0.011236
3150,3297,44,0.592593,0.015873,0.011236
3150,3302,23,0.827068,0.014925,0.011236
3150,3329,7,0.930693,0.052632,0.011236
3150,3330,51,0.610687,0.010753,0.011236
3150,3332,24,0.811024,0.016129,0.011236
3150,3335,39,0.66087,0.015385,0.011236
3150,3342,26,0.801527,0.014706,0.011236
3150,3344,41,0.669355,0.013158,0.011236
3150,3347,47,0.601695,0.013158,0.011236
3150,3350,39,0.704545,0.012195,0.011236
3150,3351,54,0.546218,0.011905,0.011236
3150,3360,29,0.783582,0.013514,0.011236
3150,3381,34,0.688073,0.018519,0.011236
3150,3397,56,0.621622,0.008696,0.011236
3150,3406,28,0.78626,0.014286,0.011236
3150,3409,8,0.917526,0.0625,0.011236
3150,3411,37,0.675439,0.016129,0.011236
3150,3419,38,0.666667,0.015873,0.011236
3151,3214,8,0.884058,0.015873,0.071429
3151,3312,2,0.931034,0.058824,0.071429
3151,3326,5,0.8,0.0625,0.071429
3151,3327,5,0.915254,0.02,0.071429
3151,3406,4,0.95,0.014286,0.071429
3151,3409,4,0.846154,0.0625,0.071429
3151,3431,1,0.972222,0.043478,0.071429
3152,3169,39,0.635514,0.016393,0.011765
3152,3172,40,0.65812,0.013889,0.011765
3152,3182,39,0.657895,0.014706,0.011765
3152,3185,44,0.636364,0.0125,0.011765
3152,3188,22,0.807018,0.019608,0.011765
3152,3192,10,0.89011,0.0625,0.011765
3152,3198,40,0.694656,0.011628,0.011765
3152,3201,57,0.525,0.01087,0.011765
3152,3204,24,0.777778,0.021277,0.011765
3152,3235,6,0.931034,0.125,0.011765
3152,3239,37,0.663636,0.016129,0.011765
3152,3247,45,0.575472,0.015152,0.011765
3152,3252,47,0.620968,0.011628,0.011765
3152,3258,23,0.788991,0.021277,0.011765
3152,3265,35,0.642857,0.020833,0.011765
3152,3274,22,0.825397,0.015873,0.011765
3152,3280,58,0.567164,0.009346,0.011765
3152,3288,28,0.733333,0.020833,0.011765
3152,3291,56,0.621622,0.008403,0.011765
3152,3296,24,0.764706,0.02439,0.011765
3152,3297,43,0.590476,0.015873,0.011765
3152,3313,8,0.926606,0.03125,0.011765
3152,3320,47,0.688742,0.00885,0.011765
3152,3329,3,0.970297,0.052632,0.011765
3152,3330,48,0.630769,0.010753,0.011765
3152,3332,35,0.6875,0.016129,0.011765
3152,3335,35,0.695652,0.015385,0.011765
3152,3347,47,0.587719,0.013158,0.011765
3152,3350,39,0.695312,0.012195,0.011765
3152,3351,51,0.567797,0.011905,0.011765
3152,3353,25,0.795082,0.016129,0.011765
3152,3373,5,0.948454,0.058824,0.011765
3152,3378,28,0.760684,0.016667,0.011765
3152,3396,38,0.691057,0.013158,0.011765
3152,3397,55,0.62069,0.008696,0.011765
3152,3411,33,0.710526,0.016129,0.011765
3152,3419,39,0.642202,0.015873,0.011765
3152,3434,59,0.556391,0.009346,0.011765
3153,3229,3,0.863636,0.071429,0.090909
3153,3392,6,0.727273,0.058824,0.090909
3153,3428,3,0.8125,0.125,0.090909
3154,3160,17,0.836538,0.033333,0.010989
3154,3162,34,0.701754,0.017544,0.010989
3154,3168,33,0.688679,0.020833,0.010989
3154,3177,26,0.754717,0.02439,0.010989
3154,3179,14,0.903448,0.014706,0.010989
3154,3188,16,0.873016,0.019608,0.010989
3154,3191,27,0.740385,0.025,0.010989
3154,3207,28,0.730769,0.02439,0.010989
3154,3223,12,0.882353,0.043478,0.010989
3154,3233,34,0.716667,0.015873,0.010989
3154,3240,28,0.782946,0.015152,0.010989
3154,3252,31,0.787671,0.011628,0.010989
3154,3253,17,0.864,0.019608,0.010989
3154,3256,11,0.923077,0.015873,0.010989
3154,3277,23,0.834532,0.014085,0.010989
3154,3288,17,0.860656,0.020833,0.010989
3154,3291,41,0.757396,0.008403,0.010989
3154,3295,26,0.765766,0.021739,0.010989
3154,3321,33,0.740157,0.014493,0.010989
3154,3334,7,0.924731,0.111111,0.010989
3154,3344,33,0.753731,0.013158,0.010989
3154,3346,19,0.82243,0.028571,0.010989
3154,3355,29,0.75,0.018519,0.010989
3154,3366,33,0.725,0.016129,0.010989
3154,3370,4,0.956989,0.166667,0.010989
3154,3371,9,0.907216,0.066667,0.010989
3154,3379,17,0.828283,0.04,0.010989
3154,3380,12,0.88,0.047619,0.010989
3154,3386,24,0.798319,0.019231,0.010989
3154,3391,22,0.819672,0.018868,0.010989
3154,3397,41,0.751515,0.008696,0.010989
3154,3411,17,0.875,0.016129,0.010989
3154,3412,31,0.704762,0.022222,0.010989
3154,3415,15,0.857143,0.034483,0.010989
3154,3434,35,0.785276,0.009346,0.010989
3155,3368,6,0.6,0.111111,0.083333
3156,3187,9,0.763158,0.029412,0.076923
3156,3255,8,0.783784,0.03125,0.076923
3156,3256,11,0.830769,0.015873,0.076923
3156,3264,9,0.742857,0.032258,0.076923
3156,3365,10,0.795918,0.021739,0.076923
3156,3369,10,0.782609,0.023256,0.076923
3156,3385,11,0.8,0.018868,0.076923
3157,3320,3,0.976,0.00885,0.066667
3157,3327,4,0.934426,0.02,0.066667
3157,3328,1,0.96875,0.055556,0.066667
3157,3342,4,0.949367,0.014706,0.066667
3157,3350,4,0.956989,0.012195,0.066667
3157,3431,1,0.972973,0.043478,0.066667
3158,3163,13,0.790323,0.043478,0.019231
3158,3166,24,0.636364,0.026316,0.019231
3158,3195,17,0.841121,0.013889,0.019231
3158,3220,23,0.722892,0.018519,0.019231
3158,3232,30,0.76378,0.009524,0.019231
3158,3238,21,0.708333,0.02439,0.019231
3158,3293,29,0.650602,0.016667,0.019231
3158,3348,19,0.837607,0.011905,0.019231
3158,3363,35,0.763514,0.007634,0.019231
3158,3417,37,0.644231,0.011236,0.019231
3158,3433,34,0.590361,0.015385,0.019231
3159,3168,5,0.9,0.020833,0.142857
3159,3295,4,0.918367,0.021739,0.142857
3159,3405,2,0.888889,0.076923,0.142857
3160,3186,5,0.895833,0.043478,0.033333
3160,3240,16,0.8,0.015152,0.033333
3160,3298,7,0.897059,0.022222,0.033333
3160,3344,18,0.795455,0.013158,0.033333
3160,3350,15,0.845361,0.012195,0.033333
3160,3355,18,0.727273,0.018519,0.033333
3160,3360,10,0.893617,0.013514,0.033333
3160,3386,24,0.586207,0.019231,0.033333
3160,3397,19,0.849206,0.008696,0.033333
3161,3176,2,0.935484,0.037037,0.166667
3161,3225,3,0.903226,0.035714,0.166667
3161,3245,1,0.947368,0.071429,0.166667
3162,3168,38,0.432836,0.020833,0.017544
3162,3176,18,0.727273,0.037037,0.017544
3162,3177,24,0.675676,0.02439,0.017544
3162,3191,16,0.802469,0.025,0.017544
3162,3203,9,0.886076,0.032258,0.017544
3162,3207,28,0.6,0.02439,0.017544
3162,3233,44,0.421053,0.015873,0.017544
3162,3255,5,0.940476,0.03125,0.017544
3162,3273,18,0.723077,0.038462,0.017544
3162,3285,18,0.727273,0.037037,0.017544
3162,3295,32,0.549296,0.021739,0.017544
3162,3302,4,0.966667,0.014925,0.017544
3162,3306,4,0.946667,0.045455,0.017544
3162,3331,11,0.865854,0.027778,0.017544
3162,3334,7,0.881356,0.111111,0.017544
3162,3346,22,0.685714,0.028571,0.017544
3162,3356,19,0.672414,0.05,0.017544
3162,3359,12,0.809524,0.055556,0.017544
3162,3366,44,0.413333,0.016129,0.017544
3162,3379,16,0.757576,0.04,0.017544
3162,3412,33,0.521739,0.022222,0.017544
3162,3415,16,0.771429,0.034483,0.017544
3163,3166,7,0.87037,0.026316,0.043478
3163,3195,17,0.782051,0.013889,0.043478
3163,3226,14,0.840909,0.012658,0.043478
3163,3387,15,0.857143,0.010309,0.043478
3163,3435,11,0.819672,0.020408,0.043478
3164,3263,7,0.885246,0.017241,0.1
3165,3343,3,0.833333,0.071429,0.142857
3166,3174,16,0.833333,0.013514,0.026316
3166,3232,22,0.818182,0.009524,0.026316
3166,3238,17,0.725806,0.02439,0.026316
3166,3339,19,0.793478,0.013699,0.026316
3166,3400,19,0.648148,0.028571,0.026316
3167,3177,2,0.964286,0.02439,0.058824
3167,3210,2,0.931034,0.071429,0.058824
3167,3236,9,0.689655,0.047619,0.058824
3167,3255,10,0.74359,0.03125,0.058824
3167,3256,14,0.787879,0.015873,0.058824
3167,3365,9,0.833333,0.021739,0.058824
3167,3369,11,0.77551,0.023256,0.058824
3167,3385,12,0.793103,0.018868,0.058824
3168,3176,16,0.728814,0.037037,0.020833
3168,3177,20,0.710145,0.02439,0.020833
3168,3179,3,0.973451,0.014706,0.020833
3168,3191,15,0.794521,0.025,0.020833
3168,3207,23,0.651515,0.02439,0.020833
3168,3233,37,0.5,0.015873,0.020833
3168,3273,19,0.654545,0.038462,0.020833
3168,3295,32,0.483871,0.021739,0.020833
3168,3331,10,0.864865,0.027778,0.020833
3168,3346,22,0.639344,0.028571,0.020833
3168,3366,36,0.513514,0.016129,0.020833
3168,3379,17,0.696429,0.04,0.020833
3168,3405,4,0.929825,0.076923,0.020833
3168,3412,28,0.569231,0.022222,0.020833
3168,3415,16,0.737705,0.034483,0.020833
3169,3179,27,0.735294,0.014706,0.016393
3169,3198,25,0.795082,0.011628,0.016393
3169,3201,57,0.40625,0.01087,0.016393
3169,3239,49,0.337838,0.016129,0.016393
3169,3247,51,0.328947,0.015152,0.016393
3169,3252,58,0.348315,0.011628,0.016393
3169,3265,40,0.42029,0.020833,0.016393
3169,3267,47,0.453488,0.013889,0.016393
3169,3277,51,0.37037,0.014085,0.016393
3169,3280,49,0.588235,0.009346,0.016393
3169,3291,42,0.695652,0.008403,0.016393
3169,3297,52,0.277778,0.015873,0.016393
3169,3316,33,0.507463,0.025641,0.016393
3169,3330,51,0.504854,0.010753,0.016393
3169,3335,34,0.630435,0.015385,0.016393
3169,3344,43,0.542553,0.013158,0.016393
3169,3351,55,0.388889,0.011905,0.016393
3169,3381,38,0.506494,0.018519,0.016393
3169,3385,6,0.944444,0.018868,0.016393
3169,3391,38,0.5,0.018868,0.016393
3169,3397,51,0.592,0.008696,0.016393
3169,3416,47,0.298507,0.018868,0.016393
3169,3419,47,0.38961,0.015873,0.016393
3169,3434,49,0.588235,0.009346,0.016393
3170,3172,21,0.723684,0.013889,0.04
3170,3185,15,0.833333,0.0125,0.04
3170,3211,1,0.979592,0.04,0.04
3170,3280,19,0.831858,0.009346,0.04
3170,3291,15,0.883721,0.008403,0.04
3170,3298,14,0.75,0.022222,0.04
3170,3320,22,0.810345,0.00885,0.04
3170,3332,19,0.720588,0.016129,0.04
3170,3347,17,0.797619,0.013158,0.04
3170,3350,17,0.811111,0.012195,0.04
3170,3377,8,0.833333,0.032258,0.04
3170,3378,18,0.731343,0.016667,0.04
3170,3396,22,0.721519,0.013158,0.04
3170,3434,16,0.862069,0.009346,0.04
3171,3208,7,0.740741,0.066667,0.052632
3171,3214,12,0.828571,0.015873,0.052632
3171,3312,5,0.83871,0.058824,0.052632
3171,3404,3,0.911765,0.055556,0.052632
3171,3431,3,0.923077,0.043478,0.052632
3172,3179,30,0.727273,0.014706,0.013889
3172,3182,44,0.541667,0.014706,0.013889
3172,3185,50,0.509804,0.0125,0.013889
3172,3198,26,0.80303,0.011628,0.013889
3172,3199,16,0.794872,0.045455,0.013889
3172,3201,37,0.708661,0.01087,0.013889
3172,3204,24,0.747368,0.021277,0.013889
3172,3225,18,0.780488,0.035714,0.013889
3172,3258,28,0.692308,0.021277,0.013889
3172,3261,39,0.551724,0.018519,0.013889
3172,3272,25,0.725275,0.022727,0.013889
3172,3274,31,0.701923,0.015873,0.013889
3172,3280,46,0.654135,0.009346,0.013889
3172,3287,31,0.651685,0.020833,0.013889
3172,3291,37,0.75974,0.008403,0.013889
3172,3296,14,0.858586,0.02439,0.013889
3172,3298,29,0.670455,0.022222,0.013889
3172,3313,6,0.938776,0.03125,0.013889
3172,3320,61,0.508065,0.00885,0.013889
3172,3332,39,0.589474,0.016129,0.013889
3172,3347,36,0.678571,0.013158,0.013889
3172,3350,42,0.625,0.012195,0.013889
3172,3351,30,0.761905,0.011905,0.013889
3172,3353,21,0.814159,0.016129,0.013889
3172,3377,23,0.7125,0.032258,0.013889
3172,3378,42,0.533333,0.016667,0.013889
3172,3381,26,0.74,0.018519,0.013889
3172,3396,52,0.458333,0.013158,0.013889
3172,3403,25,0.747475,0.019231,0.013889
3172,3411,24,0.781818,0.016129,0.013889
3172,3422,28,0.666667,0.025,0.013889
3172,3434,45,0.664179,0.009346,0.013889
3173,3210,1,0.967742,0.071429,0.055556
3173,3221,1,0.976744,0.038462,0.055556
3173,3335,4,0.949367,0.015385,0.055556
3173,3381,2,0.971429,0.018519,0.055556
3173,3418,5,0.782609,0.1,0.055556
3173,3431,3,0.921053,0.043478,0.055556
3174,3184,26,0.761468,0.016393,0.013514
3174,3195,49,0.494845,0.013889,0.013514
3174,3226,50,0.514563,0.012658,0.013514
3174,3232,54,0.568,0.009524,0.013514
3174,3284,47,0.515464,0.014286,0.013514
3174,3304,15,0.840426,0.028571,0.013514
3174,3339,44,0.572816,0.013699,0.013514
3174,3348,48,0.563636,0.011905,0.013514
3174,3362,31,0.737288,0.013333,0.013514
3174,3363,62,0.566434,0.007634,0.013514
3174,3387,56,0.513043,0.010309,0.013514
3174,3399,28,0.662651,0.027027,0.013514
3174,3426,50,0.635036,0.00885,0.013514
3175,3188,5,0.903846,0.019608,0.166667
3175,3194,4,0.789474,0.058824,0.166667
3176,3207,22,0.521739,0.02439,0.037037
3176,3223,10,0.75,0.043478,0.037037
3176,3225,2,0.962264,0.035714,0.037037
3176,3233,17,0.767123,0.015873,0.037037
3176,3241,13,0.606061,0.052632,0.037037
3176,3285,18,0.5,0.037037,0.037037
3176,3295,16,0.719298,0.021739,0.037037
3176,3356,15,0.53125,0.05,0.037037
3176,3366,19,0.728571,0.016129,0.037037
3176,3412,22,0.56,0.022222,0.037037
3176,3420,12,0.684211,0.043478,0.037037
3177,3186,7,0.877193,0.043478,0.02439
3177,3203,10,0.83871,0.032258,0.02439
3177,3204,6,0.926829,0.021277,0.02439
3177,3207,22,0.633333,0.02439,0.02439
3177,3233,25,0.683544,0.015873,0.02439
3177,3241,8,0.846154,0.052632,0.02439
3177,3273,13,0.759259,0.038462,0.02439
3177,3285,14,0.740741,0.037037,0.02439
3177,3291,12,0.918919,0.008403,0.02439
3177,3295,20,0.701493,0.021739,0.02439
3177,3366,23,0.7125,0.016129,0.02439
3177,3380,9,0.830189,0.047619,0.02439
3177,3412,21,0.676923,0.022222,0.02439
3177,3415,11,0.813559,0.034483,0.02439
3177,3420,10,0.814815,0.043478,0.02439
3178,3208,3,0.918919,0.066667,0.04
3178,3211,7,0.837209,0.04,0.04
3178,3295,5,0.924242,0.021739,0.04
3178,3307,7,0.810811,0.052632,0.04
3178,3357,2,0.947368,0.066667,0.04
3178,3374,10,0.677419,0.0625,0.04
3178,3403,3,0.959459,0.019231,0.04
3178,3415,3,0.941176,0.034483,0.04
3179,3182,44,0.521739,0.014706,0.014706
3179,3185,36,0.678571,0.0125,0.014706
3179,3188,18,0.821782,0.019608,0.014706
3179,3201,39,0.677686,0.01087,0.014706
3179,3205,1,0.987805,0.066667,0.014706
3179,3247,28,0.735849,0.015152,0.014706
3179,3253,10,0.908257,0.019608,0.014706
3179,3258,27,0.693182,0.021277,0.014706
3179,3261,28,0.702128,0.018519,0.014706
3179,3262,22,0.685714,0.041667,0.014706
3179,3265,26,0.711111,0.020833,0.014706
3179,3280,47,0.632812,0.009346,0.014706
3179,3296,19,0.788889,0.02439,0.014706
3179,3297,29,0.715686,0.015873,0.014706
3179,3298,22,0.758242,0.022222,0.014706
3179,3332,37,0.602151,0.016129,0.014706
3179,3350,46,0.557692,0.012195,0.014706
3179,3351,35,0.700855,0.011905,0.014706
3179,3396,38,0.641509,0.013158,0.014706
3179,3397,36,0.755102,0.008696,0.014706
3179,3411,34,0.645833,0.016129,0.014706
3179,3434,43,0.674242,0.009346,0.014706
3180,3181,7,0.222222,0.125,0.125
3180,3251,7,0.3,0.111111,0.125
3180,3372,6,0.333333,0.142857,0.125
3181,3251,7,0.3,0.111111,0.125
3181,3372,6,0.333333,0.142857,0.125
3182,3185,40,0.62963,0.0125,0.014706
3182,3198,25,0.806202,0.011628,0.014706
3182,3204,20,0.789474,0.021277,0.014706
3182,3225,16,0.8,0.035714,0.014706
3182,3258,34,0.580247,0.021277,0.014706
3182,3261,36,0.581395,0.018519,0.014706
3182,3262,22,0.685714,0.041667,0.014706
3182,3272,22,0.755556,0.022727,0.014706
3182,3274,24,0.775701,0.015873,0.014706
3182,3280,45,0.653846,0.009346,0.014706
3182,3288,23,0.752688,0.020833,0.014706
3182,3291,41,0.719178,0.008403,0.014706
3182,3297,23,0.787037,0.015873,0.014706
3182,3298,25,0.715909,0.022222,0.014706
3182,3320,54,0.574803,0.00885,0.014706
3182,3332,42,0.522727,0.016129,0.014706
3182,3350,47,0.543689,0.012195,0.014706
3182,3351,31,0.743802,0.011905,0.014706
3182,3353,23,0.785047,0.016129,0.014706
3182,3378,31,0.680412,0.016667,0.014706
3182,3386,22,0.77551,0.019231,0.014706
3182,3396,48,0.5,0.013158,0.014706
3182,3397,36,0.755102,0.008696,0.014706
3182,3411,28,0.72549,0.016129,0.014706
3182,3434,42,0.684211,0.009346,0.014706
3184,3193,19,0.724638,0.037037,0.016393
3184,3213,18,0.772152,0.027778,0.016393
3184,3226,30,0.727273,0.012658,0.016393
3184,3234,23,0.676056,0.030303,0.016393
3184,3286,15,0.782609,0.043478,0.016393
3184,3294,12,0.833333,0.043478,0.016393
3184,3303,19,0.75641,0.027778,0.016393
3184,3315,11,0.828125,0.071429,0.016393
3184,3324,43,0.590476,0.011494,0.016393
3184,3363,45,0.693878,0.007634,0.016393
3184,3387,33,0.736,0.010309,0.016393
3184,3390,10,0.868421,0.04,0.016393
3184,3414,16,0.746032,0.055556,0.016393
3184,3417,28,0.770492,0.011236,0.016393
3185,3198,28,0.797101,0.011628,0.0125
3185,3201,48,0.612903,0.01087,0.0125
3185,3225,19,0.786517,0.035714,0.0125
3185,3261,37,0.618557,0.018519,0.0125
3185,3267,32,0.733333,0.013889,0.0125
3185,3272,26,0.734694,0.022727,0.0125
3185,3274,29,0.745614,0.015873,0.0125
3185,3277,32,0.731092,0.014085,0.0125
3185,3278,2,0.979381,0.052632,0.0125
3185,3280,56,0.572519,0.009346,0.0125
3185,3287,25,0.757282,0.020833,0.0125
3185,3297,33,0.7,0.015873,0.0125
3185,3320,54,0.611511,0.00885,0.0125
3185,3335,31,0.72807,0.015385,0.0125
3185,3342,11,0.919708,0.014706,0.0125
3185,3347,42,0.631579,0.013158,0.0125
3185,3350,43,0.638655,0.012195,0.0125
3185,3351,44,0.633333,0.011905,0.0125
3185,3360,21,0.842105,0.013514,0.0125
3185,3377,21,0.766667,0.032258,0.0125
3185,3378,36,0.653846,0.016667,0.0125
3185,3385,7,0.944444,0.018868,0.0125
3185,3396,45,0.594595,0.013158,0.0125
3185,3403,21,0.810811,0.019231,0.0125
3185,3409,3,0.967742,0.0625,0.0125
3185,3411,31,0.720721,0.016129,0.0125
3185,3419,34,0.688073,0.015873,0.0125
3185,3422,27,0.709677,0.025,0.0125
3185,3434,47,0.664286,0.009346,0.0125
3186,3191,5,0.913793,0.025,0.043478
3186,3233,8,0.897436,0.015873,0.043478
3186,3246,7,0.766667,0.071429,0.043478
3186,3295,13,0.767857,0.021739,0.043478
3186,3320,5,0.961832,0.00885,0.043478
3186,3350,6,0.939394,0.012195,0.043478
3186,3386,6,0.913043,0.019231,0.043478
3187,3196,21,0.603774,0.025,0.029412
3187,3240,1,0.989899,0.015152,0.029412
3187,3249,3,0.933333,0.071429,0.029412
3187,3253,18,0.731343,0.019608,0.029412
3187,3255,17,0.653061,0.03125,0.029412
3187,3256,27,0.614286,0.015873,0.029412
3187,3264,26,0.333333,0.032258,0.029412
3187,3337,9,0.816327,0.041667,0.029412
3187,3365,17,0.730159,0.021739,0.029412
3187,3369,22,0.6,0.023256,0.029412
3187,3385,20,0.701493,0.018868,0.029412
3187,3402,9,0.775,0.066667,0.029412
3187,3404,7,0.844444,0.055556,0.029412
3187,3408,1,0.971429,0.5,0.029412
3187,3425,3,0.926829,0.1,0.029412
3188,3194,13,0.763636,0.058824,0.019608
3188,3201,25,0.788136,0.01087,0.019608
3188,3206,15,0.827586,0.019608,0.019608
3188,3209,19,0.660714,0.041667,0.019608
3188,3212,21,0.676923,0.028571,0.019608
3188,3247,22,0.768421,0.015152,0.019608
3188,3252,26,0.765766,0.011628,0.019608
3188,3253,11,0.879121,0.019608,0.019608
3188,3260,14,0.784615,0.035714,0.019608
3188,3265,18,0.777778,0.020833,0.019608
3188,3277,18,0.826923,0.014085,0.019608
3188,3280,27,0.793893,0.009346,0.019608
3188,3299,22,0.752809,0.016667,0.019608
3188,3306,6,0.910448,0.045455,0.019608
3188,3320,23,0.836879,0.00885,0.019608
3188,3345,25,0.725275,0.015385,0.019608
3188,3352,12,0.769231,0.076923,0.019608
3188,3360,31,0.670213,0.013514,0.019608
3188,3411,21,0.771739,0.016129,0.019608
3188,3434,28,0.784615,0.009346,0.019608
3189,3198,12,0.870968,0.011628,0.052632
3189,3219,16,0.619048,0.025641,0.052632
3189,3259,10,0.75,0.032258,0.052632
3189,3331,7,0.854167,0.027778,0.052632
3189,3369,9,0.830189,0.023256,0.052632
3189,3395,17,0.575,0.026316,0.052632
3189,3406,2,0.977011,0.014286,0.052632
3189,3415,5,0.883721,0.034483,0.052632
3190,3221,8,0.733333,0.038462,0.083333
3190,3248,7,0.805556,0.032258,0.083333
3190,3275,5,0.861111,0.034483,0.083333
3190,3327,8,0.851852,0.02,0.083333
3190,3341,2,0.95122,0.032258,0.083333
3190,3383,7,0.681818,0.058824,0.083333
3191,3203,11,0.816667,0.032258,0.025
3191,3223,6,0.894737,0.043478,0.025
3191,3233,18,0.788235,0.015873,0.025
3191,3240,18,0.795455,0.015152,0.025
3191,3258,5,0.939024,0.021277,0.025
3191,3291,21,0.847826,0.008403,0.025
3191,3313,5,0.925373,0.03125,0.025
3191,3320,16,0.883212,0.00885,0.025
3191,3344,16,0.84,0.013158,0.025
3191,3355,13,0.839506,0.018519,0.025
3191,3359,9,0.816327,0.055556,0.025
3191,3366,18,0.785714,0.016129,0.025
3191,3379,12,0.773585,0.04,0.025
3191,3393,2,0.964912,0.052632,0.025
3191,3412,17,0.75,0.022222,0.025
3191,3434,16,0.877863,0.009346,0.025
3192,3198,9,0.903226,0.011628,0.0625
3192,3274,10,0.855072,0.015873,0.0625
3192,3353,12,0.818182,0.016129,0.0625
3192,3385,7,0.887097,0.018868,0.0625
3192,3422,6,0.88,0.025,0.0625
3193,3234,15,0.666667,0.030303,0.037037
3193,3294,9,0.780488,0.043478,0.037037
3193,3301,7,0.883333,0.025,0.037037
3193,3315,9,0.71875,0.071429,0.037037
3193,3324,15,0.848485,0.011494,0.037037
3193,3414,11,0.676471,0.055556,0.037037
3194,3209,12,0.586207,0.041667,0.058824
3194,3212,8,0.818182,0.028571,0.058824
3194,3260,7,0.815789,0.035714,0.058824
3194,3320,10,0.916667,0.00885,0.058824
3194,3360,15,0.802632,0.013514,0.058824
3194,3397,10,0.918033,0.008696,0.058824
3195,3226,54,0.443299,0.012658,0.013889
3195,3232,56,0.53719,0.009524,0.013889
3195,3250,26,0.675,0.029412,0.013889
3195,3284,44,0.55102,0.014286,0.013889
3195,3301,26,0.697674,0.025,0.013889
3195,3348,49,0.542056,0.011905,0.013889
3195,3363,62,0.560284,0.007634,0.013889
3195,3387,58,0.477477,0.010309,0.013889
3195,3399,26,0.686747,0.027027,0.013889
3195,3426,56,0.565891,0.00885,0.013889
3195,3436,2,0.974026,0.142857,0.013889
3196,3221,4,0.935484,0.038462,0.025
3196,3236,15,0.673913,0.047619,0.025
3196,3253,22,0.681159,0.019608,0.025
3196,3255,16,0.714286,0.03125,0.025
3196,3256,27,0.644737,0.015873,0.025
3196,3264,24,0.489362,0.032258,0.025
3196,3289,5,0.907407,0.052632,0.025
3196,3327,10,0.875,0.02,0.025
3196,3330,10,0.918699,0.010753,0.025
3196,3365,17,0.753623,0.021739,0.025
3196,3369,23,0.616667,0.023256,0.025
3196,3385,21,0.708333,0.018868,0.025
3196,3402,8,0.829787,0.066667,0.025
3196,3403,3,0.966292,0.019231,0.025
3196,3418,5,0.888889,0.1,0.025
3197,3216,1,0.928571,0.142857,0.125
3197,3224,6,0.894737,0.018182,0.125
3197,3299,6,0.903226,0.016667,0.125
3197,3321,6,0.915493,0.014493,0.125
3197,3342,6,0.914286,0.014706,0.125
3197,3345,6,0.910448,0.015385,0.125
3198,3199,8,0.92,0.045455,0.011628
3198,3201,37,0.737589,0.01087,0.011628
3198,3204,20,0.823009,0.021277,0.011628
3198,3219,22,0.786408,0.025641,0.011628
3198,3252,38,0.716418,0.011628,0.011628
3198,3253,19,0.838983,0.019608,0.011628
3198,3255,9,0.917431,0.03125,0.011628
3198,3259,17,0.83,0.032258,0.011628
3198,3291,49,0.685897,0.008403,0.011628
3198,3321,30,0.76,0.014493,0.011628
3198,3330,48,0.633588,0.010753,0.011628
3198,3331,11,0.900901,0.027778,0.011628
3198,3337,14,0.854167,0.041667,0.011628
3198,3342,27,0.787402,0.014706,0.011628
3198,3345,25,0.801587,0.015385,0.011628
3198,3347,30,0.772727,0.013158,0.011628
3198,3351,36,0.731343,0.011905,0.011628
3198,3353,30,0.745763,0.016129,0.011628
3198,3379,5,0.95283,0.04,0.011628
3198,3385,19,0.841667,0.018868,0.011628
3198,3393,1,0.990385,0.052632,0.011628
3198,3395,18,0.830189,0.026316,0.011628
3198,3397,44,0.719745,0.008696,0.011628
3198,3411,28,0.766667,0.016129,0.011628
3198,3419,27,0.778689,0.015873,0.011628
3198,3422,13,0.884956,0.025,0.011628
3198,3434,44,0.704698,0.009346,0.011628
3199,3259,4,0.918367,0.032258,0.045455
3199,3280,14,0.878261,0.009346,0.045455
3199,3320,15,0.875,0.00885,0.045455
3199,3330,13,0.872549,0.010753,0.045455
3199,3331,3,0.945455,0.027778,0.045455
3199,3337,4,0.904762,0.041667,0.045455
3199,3358,3,0.9,0.090909,0.045455
3199,3378,14,0.794118,0.016667,0.045455
3199,3434,10,0.915966,0.009346,0.045455
3200,3216,4,0.714286,0.142857,0.090909
3200,3218,8,0.333333,0.111111,0.090909
3200,3354,8,0.333333,0.111111,0.090909
3201,3204,32,0.700935,0.021277,0.01087
3201,3206,45,0.540816,0.019608,0.01087
3201,3239,55,0.444444,0.016129,0.01087
3201,3247,59,0.40404,0.015152,0.01087
3201,3252,67,0.396396,0.011628,0.01087
3201,3261,24,0.803279,0.018519,0.01087
3201,3265,44,0.541667,0.020833,0.01087
3201,3267,56,0.481481,0.013889,0.01087
3201,3272,23,0.79646,0.022727,0.01087
3201,3277,61,0.401961,0.014085,0.01087
3201,3280,71,0.445312,0.009346,0.01087
3201,3291,64,0.564626,0.008403,0.01087
3201,3296,26,0.757009,0.02439,0.01087
3201,3297,58,0.402062,0.015873,0.01087
3201,3316,34,0.649485,0.025641,0.01087
3201,3320,56,0.624161,0.00885,0.01087
3201,3330,60,0.52,0.010753,0.01087
3201,3344,52,0.551724,0.013158,0.01087
3201,3347,59,0.458716,0.013158,0.01087
3201,3350,44,0.661538,0.012195,0.01087
3201,3351,70,0.339623,0.011905,0.01087
3201,3355,32,0.719298,0.018519,0.01087
3201,3360,25,0.822695,0.013514,0.01087
3201,3378,36,0.689655,0.016667,0.01087
3201,3381,49,0.494845,0.018519,0.01087
3201,3391,41,0.605769,0.018868,0.01087
3201,3397,67,0.521429,0.008696,0.01087
3201,3406,31,0.763359,0.014286,0.01087
3201,3411,30,0.758065,0.016129,0.01087
3201,3416,48,0.505155,0.018868,0.01087
3201,3419,52,0.495146,0.015873,0.01087
3201,3434,71,0.445312,0.009346,0.01087
3202,3232,9,0.915888,0.009524,0.090909
3202,3324,9,0.898876,0.011494,0.090909
3203,3208,1,0.977778,0.066667,0.032258
3203,3210,6,0.846154,0.071429,0.032258
3203,3224,14,0.805556,0.018182,0.032258
3203,3233,11,0.86747,0.015873,0.032258
3203,3240,16,0.802469,0.015152,0.032258
3203,3275,3,0.947368,0.034483,0.032258
3203,3291,18,0.863636,0.008403,0.032258
3203,3299,13,0.833333,0.016667,0.032258
3203,3313,8,0.854545,0.03125,0.032258
3203,3321,15,0.823529,0.014493,0.032258
3203,3342,17,0.792683,0.014706,0.032258
3203,3345,13,0.843373,0.015385,0.032258
3203,3366,10,0.879518,0.016129,0.032258
3203,3395,3,0.954545,0.026316,0.032258
3203,3406,15,0.825581,0.014286,0.032258
3203,3421,11,0.725,0.05,0.032258
3204,3267,26,0.72043,0.013889,0.021277
3204,3277,27,0.703297,0.014085,0.021277
3204,3280,32,0.737705,0.009346,0.021277
3204,3291,33,0.75188,0.008403,0.021277
3204,3296,15,0.794521,0.02439,0.021277
3204,3297,25,0.705882,0.015873,0.021277
3204,3302,10,0.903846,0.014925,0.021277
3204,3320,28,0.787879,0.00885,0.021277
3204,3321,16,0.84,0.014493,0.021277
3204,3342,10,0.904762,0.014706,0.021277
3204,3347,28,0.705263,0.013158,0.021277
3204,3351,32,0.676768,0.011905,0.021277
3204,3360,11,0.9,0.013514,0.021277
3204,3378,24,0.710843,0.016667,0.021277
3204,3419,25,0.705882,0.015873,0.021277
3204,3434,30,0.758065,0.009346,0.021277
3205,3242,1,0.965517,0.066667,0.066667
3205,3245,4,0.84,0.071429,0.066667
3205,3263,4,0.942029,0.017241,0.066667
3205,3276,2,0.939394,0.05,0.066667
3205,3278,4,0.866667,0.052632,0.066667
3205,3343,2,0.925926,0.071429,0.066667
3205,3369,1,0.982456,0.023256,0.066667
3206,3239,38,0.493333,0.016129,0.019608
3206,3240,25,0.728261,0.015152,0.019608
3206,3247,41,0.460526,0.015152,0.019608
3206,3252,43,0.542553,0.011628,0.019608
3206,3280,38,0.683333,0.009346,0.019608
3206,3291,40,0.692308,0.008403,0.019608
3206,3316,31,0.474576,0.025641,0.019608
3206,3320,32,0.757576,0.00885,0.019608
3206,3344,40,0.54023,0.013158,0.019608
3206,3347,34,0.634409,0.013158,0.019608
3206,3351,37,0.622449,0.011905,0.019608
3206,3355,25,0.6875,0.018519,0.019608
3206,3391,34,0.514286,0.018868,0.019608
3206,3397,44,0.639344,0.008696,0.019608
3206,3416,35,0.492754,0.018868,0.019608
3206,3434,43,0.626087,0.009346,0.019608
3207,3223,14,0.72,0.043478,0.02439
3207,3233,29,0.613333,0.015873,0.02439
3207,3241,17,0.604651,0.052632,0.02439
3207,3252,5,0.959016,0.011628,0.02439
3207,3273,14,0.735849,0.038462,0.02439
3207,3285,24,0.454545,0.037037,0.02439
3207,3295,22,0.661538,0.021739,0.02439
3207,3350,3,0.975,0.012195,0.02439
3207,3356,18,0.581395,0.05,0.02439
3207,3359,12,0.744681,0.055556,0.02439
3207,3366,28,0.626667,0.016129,0.02439
3207,3371,13,0.697674,0.066667,0.02439
3207,3410,13,0.704545,0.0625,0.02439
3207,3412,35,0.313725,0.022222,0.02439
3207,3420,18,0.608696,0.043478,0.02439
3208,3214,6,0.916667,0.015873,0.066667
3208,3411,1,0.986842,0.016129,0.066667
3208,3431,4,0.882353,0.043478,0.066667
3209,3212,17,0.595238,0.028571,0.041667
3209,3260,14,0.631579,0.035714,0.041667
3209,3299,17,0.746269,0.016667,0.041667
3209,3320,13,0.895161,0.00885,0.041667
3209,3345,18,0.746479,0.015385,0.041667
3209,3360,22,0.710526,0.013514,0.041667
3210,3233,9,0.867647,0.015873,0.071429
3210,3302,3,0.961538,0.014925,0.071429
3210,3313,2,0.954545,0.03125,0.071429
3210,3346,7,0.833333,0.028571,0.071429
3210,3366,8,0.882353,0.016129,0.071429
3210,3411,1,0.986667,0.016129,0.071429
3210,3415,6,0.837838,0.034483,0.071429
3211,3215,4,0.913043,0.04,0.04
3211,3329,5,0.871795,0.052632,0.04
3211,3330,4,0.964912,0.010753,0.04
3211,3346,2,0.965517,0.028571,0.04
3211,3374,5,0.861111,0.0625,0.04
3211,3431,2,0.956522,0.043478,0.04
3212,3240,17,0.797619,0.015152,0.028571
3212,3299,23,0.680556,0.016667,0.028571
3212,3321,21,0.746988,0.014493,0.028571
3212,3335,12,0.863636,0.015385,0.028571
3212,3345,26,0.648649,0.015385,0.028571
3212,3355,13,0.828947,0.018519,0.028571
3212,3360,26,0.686747,0.013514,0.028571
3212,3406,18,0.793103,0.014286,0.028571
3212,3434,20,0.836066,0.009346,0.028571
3213,3220,17,0.767123,0.018519,0.027778
3213,3234,12,0.789474,0.030303,0.027778
3213,3303,15,0.736842,0.027778,0.027778
3213,3324,25,0.744898,0.011494,0.027778
3213,3363,30,0.781022,0.007634,0.027778
3213,3394,6,0.901639,0.032258,0.027778
3213,3417,22,0.786408,0.011236,0.027778
3214,3219,10,0.891304,0.025641,0.015873
3214,3221,14,0.813333,0.038462,0.015873
3214,3248,11,0.86747,0.032258,0.015873
3214,3249,6,0.915493,0.071429,0.015873
3214,3253,14,0.86,0.019608,0.015873
3214,3276,4,0.949367,0.05,0.015873
3214,3279,8,0.9,0.04,0.015873
3214,3296,8,0.916667,0.02439,0.015873
3214,3312,10,0.857143,0.058824,0.015873
3214,3326,9,0.871429,0.0625,0.015873
3214,3327,17,0.822917,0.02,0.015873
3214,3337,5,0.939024,0.041667,0.015873
3214,3342,22,0.798165,0.014706,0.015873
3214,3365,10,0.89899,0.021739,0.015873
3214,3379,7,0.91358,0.04,0.015873
3214,3383,7,0.90411,0.058824,0.015873
3214,3419,8,0.932203,0.015873,0.015873
3215,3224,6,0.918919,0.018182,0.04
3215,3239,3,0.964286,0.016129,0.04
3215,3272,5,0.921875,0.022727,0.04
3215,3274,6,0.926829,0.015873,0.04
3215,3280,4,0.96875,0.009346,0.04
3215,3302,8,0.904762,0.014925,0.04
3215,3307,3,0.926829,0.052632,0.04
3215,3335,5,0.941176,0.015385,0.04
3217,3302,3,0.957143,0.014925,0.166667
3218,3354,8,0.2,0.111111,0.111111
3219,3255,11,0.816667,0.03125,0.025641
3219,3256,16,0.813953,0.015873,0.025641
3219,3259,17,0.679245,0.032258,0.025641
3219,3330,14,0.881356,0.010753,0.025641
3219,3331,9,0.863636,0.027778,0.025641
3219,3337,15,0.6875,0.041667,0.025641
3219,3340,4,0.921569,0.0625,0.025641
3219,3341,10,0.833333,0.032258,0.025641
3219,3342,11,0.885417,0.014706,0.025641
3219,3365,14,0.802817,0.021739,0.025641
3219,3369,19,0.698413,0.023256,0.025641
3219,3379,7,0.877193,0.04,0.025641
3219,3385,12,0.85,0.018868,0.025641
3219,3395,22,0.6,0.026316,0.025641
3219,3404,9,0.8125,0.055556,0.025641
3219,3409,3,0.942308,0.0625,0.025641
3219,3415,6,0.903226,0.034483,0.025641
3220,3232,30,0.767442,0.009524,0.018519
3220,3293,30,0.642857,0.016667,0.018519
3220,3324,25,0.784483,0.011494,0.018519
3220,3362,27,0.735294,0.013333,0.018519
3220,3363,47,0.65942,0.007634,0.018519
3220,3417,46,0.525773,0.011236,0.018519
3220,3433,40,0.493671,0.015385,0.018519
3221,3248,11,0.76087,0.032258,0.038462
3221,3249,5,0.857143,0.071429,0.038462
3221,3275,4,0.921569,0.034483,0.038462
3221,3327,16,0.733333,0.02,0.038462
3221,3346,8,0.849057,0.028571,0.038462
3221,3383,9,0.735294,0.058824,0.038462
3221,3389,5,0.821429,0.142857,0.038462
3222,3245,6,0.73913,0.071429,0.066667
3222,3263,13,0.783333,0.017241,0.066667
3222,3278,9,0.64,0.052632,0.066667
3222,3340,2,0.931034,0.0625,0.066667
3223,3241,10,0.6875,0.052632,0.043478
3223,3244,3,0.911765,0.071429,0.043478
3223,3285,11,0.717949,0.037037,0.043478
3223,3342,4,0.954023,0.014706,0.043478
3223,3366,9,0.881579,0.016129,0.043478
3223,3371,10,0.642857,0.066667,0.043478
3223,3406,5,0.943182,0.014286,0.043478
3223,3410,9,0.7,0.0625,0.043478
3223,3412,13,0.763636,0.022222,0.043478
3223,3420,10,0.722222,0.043478,0.043478
3224,3239,25,0.728261,0.016129,0.018182
3224,3240,34,0.609195,0.015152,0.018182
3224,3252,34,0.682243,0.011628,0.018182
3224,3260,11,0.847222,0.035714,0.018182
3224,3267,21,0.801887,0.013889,0.018182
3224,3291,47,0.629921,0.008403,0.018182
3224,3299,33,0.597561,0.016667,0.018182
3224,3313,6,0.925926,0.03125,0.018182
3224,3321,37,0.574713,0.014493,0.018182
3224,3330,30,0.745763,0.010753,0.018182
3224,3342,30,0.677419,0.014706,0.018182
3224,3344,35,0.635417,0.013158,0.018182
3224,3345,34,0.604651,0.015385,0.018182
3224,3351,26,0.769912,0.011905,0.018182
3224,3353,21,0.78125,0.016129,0.018182
3224,3355,31,0.602564,0.018519,0.018182
3224,3360,20,0.816514,0.013514,0.018182
3224,3386,22,0.741176,0.019231,0.018182
3224,3391,26,0.682927,0.018868,0.018182
3224,3397,40,0.692308,0.008696,0.018182
3224,3406,37,0.579545,0.014286,0.018182
3224,3421,11,0.828125,0.05,0.018182
3224,3434,35,0.724409,0.009346,0.018182
3225,3261,18,0.71875,0.018519,0.035714
3225,3274,17,0.77027,0.015873,0.035714
3225,3281,8,0.75,0.083333,0.035714
3225,3287,16,0.733333,0.020833,0.035714
3225,3288,6,0.914286,0.020833,0.035714
3225,3320,22,0.815126,0.00885,0.035714
3225,3328,3,0.930233,0.055556,0.035714
3225,3386,8,0.888889,0.019231,0.035714
3225,3396,20,0.761905,0.013158,0.035714
3225,3403,16,0.75,0.019231,0.035714
3225,3422,16,0.692308,0.025,0.035714
3226,3232,66,0.440678,0.009524,0.012658
3226,3284,52,0.463918,0.014286,0.012658
3226,3339,50,0.509804,0.013699,0.012658
3226,3348,61,0.401961,0.011905,0.012658
3226,3363,66,0.541667,0.007634,0.012658
3226,3387,63,0.442478,0.010309,0.012658
3226,3390,11,0.88172,0.04,0.012658
3226,3399,29,0.666667,0.027027,0.012658
3226,3417,36,0.727273,0.011236,0.012658
3226,3426,60,0.545455,0.00885,0.012658
3226,3433,22,0.819672,0.015385,0.012658
3227,3269,1,0.923077,0.111111,0.2
3227,3324,1,0.989011,0.011494,0.2
3228,3293,12,0.857143,0.016667,0.027778
3228,3324,16,0.850467,0.011494,0.027778
3228,3348,25,0.736842,0.011905,0.027778
3228,3363,33,0.753731,0.007634,0.027778
3228,3426,27,0.778689,0.00885,0.027778
3229,3231,9,0.727273,0.035714,0.071429
3229,3300,5,0.814815,0.055556,0.071429
3229,3392,10,0.52381,0.058824,0.071429
3231,3269,6,0.806452,0.111111,0.035714
3231,3317,6,0.793103,0.142857,0.035714
3231,3392,8,0.783784,0.058824,0.035714
3231,3394,13,0.717391,0.032258,0.035714
3231,3400,11,0.788462,0.028571,0.035714
3232,3234,16,0.868852,0.030303,0.009524
3232,3237,13,0.891667,0.035714,0.009524
3232,3257,17,0.869231,0.02381,0.009524
3232,3284,61,0.464912,0.014286,0.009524
3232,3301,28,0.760684,0.025,0.009524
3232,3324,51,0.638298,0.011494,0.009524
3232,3339,58,0.516667,0.013699,0.009524
3232,3348,67,0.45082,0.011905,0.009524
3232,3363,83,0.457516,0.007634,0.009524
3232,3387,70,0.469697,0.010309,0.009524
3232,3400,20,0.833333,0.028571,0.009524
3232,3417,57,0.583942,0.011236,0.009524
3232,3426,75,0.475524,0.00885,0.009524
3233,3240,9,0.925,0.015152,0.015873
3233,3244,5,0.930556,0.071429,0.015873
3233,3273,22,0.671642,0.038462,0.015873
3233,3285,18,0.75,0.037037,0.015873
3233,3295,33,0.565789,0.021739,0.015873
3233,3302,7,0.943089,0.014925,0.015873
3233,3335,5,0.95935,0.015385,0.015873
3233,3346,23,0.693333,0.028571,0.015873
3233,3356,19,0.703125,0.05,0.015873
3233,3359,12,0.826087,0.055556,0.015873
3233,3366,46,0.417722,0.016129,0.015873
3233,3370,4,0.938462,0.166667,0.015873
3233,3379,18,0.742857,0.04,0.015873
3233,3412,33,0.56,0.022222,0.015873
3233,3415,16,0.789474,0.034483,0.015873
3234,3237,14,0.702128,0.035714,0.030303
3234,3286,11,0.755556,0.043478,0.030303
3234,3294,11,0.755556,0.043478,0.030303
3234,3315,11,0.694444,0.071429,0.030303
3234,3324,27,0.709677,0.011494,0.030303
3234,3362,13,0.863158,0.013333,0.030303
3234,3390,7,0.862745,0.04,0.030303
3234,3400,7,0.885246,0.028571,0.030303
3235,3280,6,0.944954,0.009346,0.125
3235,3288,5,0.901961,0.020833,0.125
3235,3397,6,0.948718,0.008696,0.125
3236,3253,13,0.779661,0.019608,0.047619
3236,3256,16,0.764706,0.015873,0.047619
3236,3264,15,0.594595,0.032258,0.047619
3236,3359,1,0.973684,0.055556,0.047619
3236,3369,15,0.693878,0.023256,0.047619
3236,3385,16,0.724138,0.018868,0.047619
3237,3284,10,0.886364,0.014286,0.035714
3237,3286,12,0.692308,0.043478,0.035714
3237,3303,15,0.693878,0.027778,0.035714
3237,3315,6,0.833333,0.071429,0.035714
3237,3324,21,0.776596,0.011494,0.035714
3237,3390,8,0.822222,0.04,0.035714
3237,3426,17,0.862903,0.00885,0.035714
3238,3257,23,0.616667,0.02381,0.02439
3238,3293,26,0.653333,0.016667,0.02439
3238,3348,19,0.820755,0.011905,0.02439
3238,3387,23,0.8,0.010309,0.02439
3238,3433,25,0.691358,0.015385,0.02439
3238,3435,27,0.571429,0.020408,0.02439
3239,3240,30,0.693878,0.015152,0.016129
3239,3247,49,0.379747,0.015152,0.016129
3239,3252,58,0.355556,0.011628,0.016129
3239,3265,37,0.493151,0.020833,0.016129
3239,3267,44,0.511111,0.013889,0.016129
3239,3277,47,0.453488,0.014085,0.016129
3239,3291,44,0.678832,0.008403,0.016129
3239,3297,45,0.4375,0.015873,0.016129
3239,3316,35,0.469697,0.025641,0.016129
3239,3320,39,0.713235,0.00885,0.016129
3239,3321,27,0.740385,0.014493,0.016129
3239,3330,50,0.52381,0.010753,0.016129
3239,3344,48,0.466667,0.013158,0.016129
3239,3345,25,0.754902,0.015385,0.016129
3239,3347,39,0.606061,0.013158,0.016129
3239,3351,51,0.463158,0.011905,0.016129
3239,3355,31,0.635294,0.018519,0.016129
3239,3381,34,0.585366,0.018519,0.016129
3239,3391,42,0.424658,0.018868,0.016129
3239,3397,54,0.560976,0.008696,0.016129
3239,3406,27,0.742857,0.014286,0.016129
3239,3416,48,0.283582,0.018868,0.016129
3239,3419,39,0.546512,0.015873,0.016129
3239,3434,51,0.567797,0.009346,0.016129
3240,3247,29,0.718447,0.015152,0.015152
3240,3252,42,0.618182,0.011628,0.015152
3240,3276,3,0.963855,0.05,0.015152
3240,3291,48,0.649635,0.008403,0.015152
3240,3299,33,0.645161,0.016667,0.015152
3240,3316,17,0.806818,0.025641,0.015152
3240,3319,10,0.878049,0.038462,0.015152
3240,3320,34,0.765517,0.00885,0.015152
3240,3321,40,0.578947,0.014493,0.015152
3240,3330,31,0.757812,0.010753,0.015152
3240,3332,16,0.857143,0.016129,0.015152
3240,3335,23,0.787037,0.015385,0.015152
3240,3341,5,0.945652,0.032258,0.015152
3240,3342,27,0.747664,0.014706,0.015152
3240,3344,46,0.520833,0.013158,0.015152
3240,3345,39,0.576087,0.015385,0.015152
3240,3355,40,0.5,0.018519,0.015152
3240,3386,27,0.703297,0.019231,0.015152
3240,3391,34,0.6,0.018868,0.015152
3240,3397,46,0.659259,0.008696,0.015152
3240,3406,40,0.583333,0.014286,0.015152
3240,3416,22,0.773196,0.018868,0.015152
3240,3421,11,0.853333,0.05,0.015152
3240,3434,41,0.689394,0.009346,0.015152
3241,3285,15,0.516129,0.037037,0.052632
3241,3371,13,0.380952,0.066667,0.052632
3241,3410,13,0.409091,0.0625,0.052632
3241,3412,17,0.638298,0.022222,0.052632
3241,3420,15,0.444444,0.043478,0.052632
3242,3274,4,0.945946,0.015873,0.066667
3242,3329,5,0.827586,0.052632,0.066667
3242,3411,3,0.959459,0.016129,0.066667
3243,3293,22,0.661538,0.016667,0.037037
3243,3363,20,0.855072,0.007634,0.037037
3243,3384,15,0.754098,0.020408,0.037037
3243,3417,23,0.752688,0.011236,0.037037
3243,3433,21,0.704225,0.015385,0.037037
3243,3435,16,0.733333,0.020408,0.037037
3244,3246,7,0.666667,0.071429,0.071429
3245,3263,10,0.83871,0.017241,0.071429
3245,3278,9,0.625,0.052632,0.071429
3245,3403,2,0.96875,0.019231,0.071429
3246,3275,7,0.805556,0.034483,0.071429
3246,3295,8,0.846154,0.021739,0.071429
3246,3321,2,0.975309,0.014493,0.071429
3247,3252,61,0.32967,0.011628,0.015152
3247,3265,42,0.416667,0.020833,0.015152
3247,3277,46,0.494505,0.014085,0.015152
3247,3280,50,0.593496,0.009346,0.015152
3247,3291,46,0.669065,0.008403,0.015152
3247,3296,19,0.784091,0.02439,0.015152
3247,3297,49,0.3875,0.015873,0.015152
3247,3316,34,0.521127,0.025641,0.015152
3247,3330,52,0.514019,0.010753,0.015152
3247,3335,35,0.635417,0.015385,0.015152
3247,3344,50,0.456522,0.013158,0.015152
3247,3347,37,0.647619,0.013158,0.015152
3247,3351,54,0.4375,0.011905,0.015152
3247,3355,27,0.709677,0.018519,0.015152
3247,3381,33,0.62069,0.018519,0.015152
3247,3391,41,0.474359,0.018868,0.015152
3247,3397,55,0.563492,0.008696,0.015152
3247,3416,47,0.347222,0.018868,0.015152
3247,3419,42,0.517241,0.015873,0.015152
3247,3434,57,0.508621,0.009346,0.015152
3248,3274,5,0.94382,0.015873,0.032258
3248,3313,5,0.913793,0.03125,0.032258
3248,3327,18,0.714286,0.02,0.032258
3248,3360,7,0.928571,0.013514,0.032258
3248,3383,10,0.736842,0.058824,0.032258
3248,3389,5,0.848485,0.142857,0.032258
3248,3395,2,0.970149,0.026316,0.032258
3248,3424,6,0.8125,0.142857,0.032258
3248,3431,4,0.92,0.043478,0.032258
3249,3346,6,0.860465,0.028571,0.071429
3249,3421,3,0.903226,0.05,0.071429
3250,3363,33,0.75,0.007634,0.029412
3250,3387,27,0.740385,0.010309,0.029412
3251,3372,6,0.4,0.142857,0.111111
3252,3265,41,0.55914,0.020833,0.011628
3252,3267,53,0.495238,0.013889,0.011628
3252,3277,58,0.414141,0.014085,0.011628
3252,3280,55,0.601449,0.009346,0.011628
3252,3291,63,0.556338,0.008403,0.011628
3252,3297,51,0.479592,0.015873,0.011628
3252,3299,29,0.752137,0.016667,0.011628
3252,3316,35,0.611111,0.025641,0.011628
3252,3320,47,0.690789,0.00885,0.011628
3252,3321,38,0.675214,0.014493,0.011628
3252,3330,61,0.483051,0.010753,0.011628
3252,3335,41,0.627273,0.015385,0.011628
3252,3342,25,0.806202,0.014706,0.011628
3252,3344,64,0.346939,0.013158,0.011628
3252,3345,34,0.709402,0.015385,0.011628
3252,3347,48,0.578947,0.013158,0.011628
3252,3351,63,0.411215,0.011905,0.011628
3252,3355,38,0.627451,0.018519,0.011628
3252,3381,40,0.6,0.018519,0.011628
3252,3385,5,0.962687,0.018868,0.011628
3252,3391,52,0.402299,0.018868,0.011628
3252,3397,70,0.465649,0.008696,0.011628
3252,3406,38,0.677966,0.014286,0.011628
3252,3411,25,0.796748,0.016129,0.011628
3252,3416,51,0.420455,0.018868,0.011628
3252,3419,49,0.51,0.015873,0.011628
3252,3434,69,0.443548,0.009346,0.011628
3253,3255,15,0.779412,0.03125,0.019608
3253,3256,22,0.76087,0.015873,0.019608
3253,3264,20,0.677419,0.032258,0.019608
3253,3289,6,0.90625,0.052632,0.019608
3253,3327,14,0.83908,0.02,0.019608
3253,3345,8,0.925926,0.015385,0.019608
3253,3369,21,0.712329,0.023256,0.019608
3253,3385,20,0.761905,0.018868,0.019608
3253,3404,8,0.868852,0.055556,0.019608
3253,3411,15,0.846939,0.016129,0.019608
3253,3431,2,0.972222,0.043478,0.019608
3254,3272,3,0.943396,0.022727,0.083333
3254,3280,3,0.974138,0.009346,0.083333
3254,3343,4,0.818182,0.071429,0.083333
3254,3409,1,0.962963,0.0625,0.083333
3254,3411,5,0.927536,0.016129,0.083333
3255,3256,21,0.716216,0.015873,0.03125
3255,3264,17,0.630435,0.032258,0.03125
3255,3369,20,0.636364,0.023256,0.03125
3255,3385,24,0.606557,0.018868,0.03125
3256,3263,4,0.965812,0.017241,0.015873
3256,3264,27,0.597015,0.032258,0.015873
3256,3274,4,0.967213,0.015873,0.015873
3256,3312,11,0.84058,0.058824,0.015873
3256,3338,8,0.875,0.111111,0.015873
3256,3358,6,0.911765,0.090909,0.015873
3256,3365,30,0.620253,0.021739,0.015873
3256,3369,28,0.641026,0.023256,0.015873
3256,3376,7,0.890625,0.125,0.015873
3256,3385,26,0.711111,0.018868,0.015873
3256,3393,8,0.891892,0.052632,0.015873
3256,3397,10,0.940476,0.008696,0.015873
3256,3401,7,0.890625,0.125,0.015873
3256,3402,14,0.78125,0.066667,0.015873
3256,3418,6,0.910448,0.1,0.015873
3256,3425,8,0.876923,0.1,0.015873
3256,3427,8,0.875,0.111111,0.015873
3256,3429,4,0.9375,0.2,0.015873
3257,3293,24,0.692308,0.016667,0.02381
3257,3362,26,0.714286,0.013333,0.02381
3257,3364,19,0.736111,0.020408,0.02381
3257,3387,21,0.822034,0.010309,0.02381
3257,3426,23,0.825758,0.00885,0.02381
3257,3433,23,0.72619,0.015385,0.02381
3257,3435,25,0.621212,0.020408,0.02381
3258,3262,20,0.607843,0.041667,0.021277
3258,3274,16,0.829787,0.015873,0.021277
3258,3291,23,0.839161,0.008403,0.021277
3258,3299,9,0.908163,0.016667,0.021277
3258,3320,34,0.730159,0.00885,0.021277
3258,3332,29,0.6375,0.016129,0.021277
3258,3342,4,0.963964,0.014706,0.021277
3258,3350,30,0.69697,0.012195,0.021277
3258,3360,15,0.858491,0.013514,0.021277
3258,3396,32,0.648352,0.013158,0.021277
3258,3411,21,0.761364,0.016129,0.021277
3258,3434,27,0.787402,0.009346,0.021277
3259,3263,5,0.940476,0.017241,0.032258
3259,3276,2,0.959184,0.05,0.032258
3259,3330,14,0.872727,0.010753,0.032258
3259,3337,12,0.72093,0.041667,0.032258
3259,3365,11,0.833333,0.021739,0.032258
3259,3369,11,0.825397,0.023256,0.032258
3259,3380,1,0.980392,0.047619,0.032258
3259,3395,12,0.789474,0.026316,0.032258
3259,3404,6,0.860465,0.055556,0.032258
3260,3287,8,0.882353,0.020833,0.035714
3260,3288,9,0.865672,0.020833,0.035714
3260,3292,1,0.974359,0.083333,0.035714
3260,3298,6,0.910448,0.022222,0.035714
3260,3299,17,0.760563,0.016667,0.035714
3260,3345,17,0.776316,0.015385,0.035714
3260,3360,19,0.771084,0.013514,0.035714
3260,3386,11,0.84058,0.019231,0.035714
3260,3406,14,0.833333,0.014286,0.035714
3261,3262,14,0.78125,0.041667,0.018519
3261,3274,26,0.714286,0.015873,0.018519
3261,3280,37,0.701613,0.009346,0.018519
3261,3287,29,0.60274,0.020833,0.018519
3261,3291,28,0.806897,0.008403,0.018519
3261,3298,24,0.68,0.022222,0.018519
3261,3320,44,0.642276,0.00885,0.018519
3261,3332,30,0.651163,0.016129,0.018519
3261,3335,15,0.855769,0.015385,0.018519
3261,3350,35,0.653465,0.012195,0.018519
3261,3377,21,0.671875,0.032258,0.018519
3261,3378,29,0.658824,0.016667,0.018519
3261,3396,40,0.555556,0.013158,0.018519
3261,3397,24,0.834483,0.008696,0.018519
3261,3403,21,0.752941,0.019231,0.018519
3261,3422,23,0.676056,0.025,0.018519
3261,3434,31,0.761538,0.009346,0.018519
3262,3287,9,0.857143,0.020833,0.041667
3262,3332,21,0.676923,0.016129,0.041667
3262,3350,22,0.738095,0.012195,0.041667
3262,3396,23,0.701299,0.013158,0.041667
3262,3411,12,0.837838,0.016129,0.041667
3263,3266,7,0.881356,0.125,0.017241
3263,3278,12,0.815385,0.052632,0.017241
3263,3279,2,0.975309,0.04,0.017241
3263,3287,12,0.87234,0.020833,0.017241
3263,3308,8,0.864407,0.111111,0.017241
3263,3398,7,0.881356,0.125,0.017241
3263,3403,12,0.877551,0.019231,0.017241
3263,3405,8,0.873016,0.076923,0.017241
3263,3406,9,0.92437,0.014286,0.017241
3264,3337,9,0.804348,0.041667,0.032258
3264,3358,6,0.833333,0.090909,0.032258
3264,3365,15,0.758065,0.021739,0.032258
3264,3369,24,0.52,0.023256,0.032258
3264,3385,22,0.645161,0.018868,0.032258
3264,3402,8,0.789474,0.066667,0.032258
3264,3404,9,0.775,0.055556,0.032258
3265,3267,33,0.62069,0.013889,0.020833
3265,3277,38,0.530864,0.014085,0.020833
3265,3280,37,0.686441,0.009346,0.020833
3265,3297,41,0.414286,0.015873,0.020833
3265,3316,29,0.5,0.025641,0.020833
3265,3351,42,0.533333,0.011905,0.020833
3265,3397,38,0.696,0.008696,0.020833
3265,3416,36,0.446154,0.018868,0.020833
3265,3419,37,0.5,0.015873,0.020833
3266,3308,7,0.3,0.111111,0.125
3266,3398,6,0.4,0.125,0.125
3266,3405,7,0.5,0.076923,0.125
3267,3270,5,0.931507,0.166667,0.013889
3267,3277,53,0.411111,0.014085,0.013889
3267,3280,50,0.612403,0.009346,0.013889
3267,3291,47,0.673611,0.008403,0.013889
3267,3297,48,0.448276,0.015873,0.013889
3267,3299,17,0.852174,0.016667,0.013889
3267,3316,28,0.662651,0.025641,0.013889
3267,3320,42,0.706294,0.00885,0.013889
3267,3330,49,0.577586,0.010753,0.013889
3267,3335,30,0.719626,0.015385,0.013889
3267,3344,42,0.603774,0.013158,0.013889
3267,3347,45,0.563107,0.013158,0.013889
3267,3351,52,0.5,0.011905,0.013889
3267,3365,3,0.973913,0.021739,0.013889
3267,3378,31,0.693069,0.016667,0.013889
3267,3381,40,0.534884,0.018519,0.013889
3267,3397,55,0.583333,0.008696,0.013889
3267,3416,40,0.529412,0.018868,0.013889
3267,3419,45,0.5,0.015873,0.013889
3268,3407,1,0.666667,0.5,0.5
3269,3400,3,0.926829,0.028571,0.111111
3272,3274,13,0.861702,0.015873,0.022727
3272,3280,38,0.663717,0.009346,0.022727
3272,3291,25,0.818841,0.008403,0.022727
3272,3306,12,0.777778,0.045455,0.022727
3272,3320,28,0.782946,0.00885,0.022727
3272,3328,3,0.949153,0.055556,0.022727
3272,3347,22,0.77551,0.013158,0.022727
3272,3350,23,0.776699,0.012195,0.022727
3272,3351,20,0.814815,0.011905,0.022727
3272,3360,20,0.795918,0.013514,0.022727
3272,3378,20,0.761905,0.016667,0.022727
3272,3381,20,0.74359,0.018519,0.022727
3272,3422,12,0.833333,0.025,0.022727
3273,3295,17,0.690909,0.021739,0.038462
3273,3346,12,0.755102,0.028571,0.038462
3273,3366,18,0.742857,0.016129,0.038462
3273,3373,4,0.897436,0.058824,0.038462
3273,3412,13,0.775862,0.022222,0.038462
3274,3281,9,0.863636,0.083333,0.015873
3274,3287,22,0.752809,0.020833,0.015873
3274,3291,30,0.802632,0.008403,0.015873
3274,3302,13,0.888889,0.014925,0.015873
3274,3313,12,0.855422,0.03125,0.015873
3274,3320,37,0.733813,0.00885,0.015873
3274,3350,24,0.801653,0.012195,0.015873
3274,3353,25,0.75,0.016129,0.015873
3274,3360,17,0.858333,0.013514,0.015873
3274,3367,8,0.878788,0.090909,0.015873
3274,3375,1,0.984615,0.333333,0.015873
3274,3377,20,0.72973,0.032258,0.015873
3274,3396,28,0.747748,0.013158,0.015873
3274,3397,22,0.858974,0.008696,0.015873
3274,3422,23,0.7125,0.025,0.015873
3275,3291,6,0.957746,0.008403,0.034483
3275,3292,3,0.921053,0.083333,0.034483
3275,3318,2,0.957447,0.05,0.034483
3275,3327,5,0.932432,0.02,0.034483
3275,3359,2,0.955556,0.055556,0.034483
3275,3385,4,0.948718,0.018868,0.034483
3276,3299,7,0.90411,0.016667,0.05
3276,3340,3,0.909091,0.0625,0.05
3276,3343,2,0.9375,0.071429,0.05
3276,3353,9,0.876712,0.016129,0.05
3277,3280,53,0.576,0.009346,0.014085
3277,3291,48,0.661972,0.008403,0.014085
3277,3297,52,0.365854,0.015873,0.014085
3277,3316,32,0.589744,0.025641,0.014085
3277,3320,41,0.713287,0.00885,0.014085
3277,3321,26,0.77193,0.014493,0.014085
3277,3330,50,0.561404,0.010753,0.014085
3277,3344,45,0.558824,0.013158,0.014085
3277,3351,58,0.402062,0.011905,0.014085
3277,3378,26,0.752381,0.016667,0.014085
3277,3381,42,0.493976,0.018519,0.014085
3277,3391,37,0.574713,0.018868,0.014085
3277,3397,53,0.601504,0.008696,0.014085
3277,3416,44,0.45,0.018868,0.014085
3277,3419,48,0.44186,0.015873,0.014085
3277,3434,53,0.576,0.009346,0.014085
3278,3335,2,0.97561,0.015385,0.052632
3278,3361,6,0.777778,0.071429,0.052632
3279,3305,3,0.888889,0.2,0.04
3279,3326,3,0.921053,0.0625,0.04
3279,3353,5,0.939024,0.016129,0.04
3279,3374,5,0.861111,0.0625,0.04
3279,3395,5,0.913793,0.026316,0.04
3279,3432,1,0.966667,0.166667,0.04
3280,3288,31,0.75,0.020833,0.009346
3280,3291,63,0.613497,0.008403,0.009346
3280,3296,25,0.796748,0.02439,0.009346
3280,3297,52,0.559322,0.015873,0.009346
3280,3298,34,0.711864,0.022222,0.009346
3280,3306,16,0.858407,0.045455,0.009346
3280,3320,66,0.571429,0.00885,0.009346
3280,3327,9,0.939189,0.02,0.009346
3280,3330,53,0.639456,0.010753,0.009346
3280,3332,42,0.669291,0.016129,0.009346
3280,3344,43,0.692857,0.013158,0.009346
3280,3347,58,0.536,0.013158,0.009346
3280,3350,55,0.589552,0.012195,0.009346
3280,3351,66,0.472,0.011905,0.009346
3280,3360,30,0.801325,0.013514,0.009346
3280,3378,46,0.619835,0.016667,0.009346
3280,3381,49,0.5625,0.018519,0.009346
3280,3391,33,0.740157,0.018868,0.009346
3280,3396,46,0.664234,0.013158,0.009346
3280,3397,59,0.638037,0.008696,0.009346
3280,3419,46,0.629032,0.015873,0.009346
3280,3422,24,0.804878,0.025,0.009346
3280,3431,5,0.96,0.043478,0.009346
3280,3434,71,0.503497,0.009346,0.009346
3281,3320,11,0.903509,0.00885,0.083333
3281,3367,9,0.357143,0.090909,0.083333
3281,3377,10,0.69697,0.032258,0.083333
3281,3378,8,0.875,0.016667,0.083333
3281,3396,11,0.857143,0.013158,0.083333
3283,3309,14,0.3,0.055556,0.0625
3283,3314,13,0.315789,0.0625,0.0625
3283,3318,15,0.285714,0.05,0.0625
3283,3325,15,0.25,0.052632,0.0625
3283,3382,14,0.263158,0.058824,0.0625
3283,3423,14,0.222222,0.0625,0.0625
3284,3324,34,0.723577,0.011494,0.014286
3284,3339,43,0.57,0.013699,0.014286
3284,3348,56,0.428571,0.011905,0.014286
3284,3363,62,0.553957,0.007634,0.014286
3284,3387,53,0.535088,0.010309,0.014286
3284,3426,61,0.5,0.00885,0.014286
3285,3356,13,0.617647,0.05,0.037037
3285,3366,18,0.746479,0.016129,0.037037
3285,3371,11,0.645161,0.066667,0.037037
3285,3410,12,0.612903,0.0625,0.037037
3285,3420,15,0.571429,0.043478,0.037037
3286,3324,17,0.817204,0.011494,0.043478
3286,3414,10,0.677419,0.055556,0.043478
3286,3417,12,0.88,0.011236,0.043478
3287,3298,16,0.792208,0.022222,0.020833
3287,3320,34,0.732283,0.00885,0.020833
3287,3332,22,0.75,0.016129,0.020833
3287,3353,18,0.804348,0.016129,0.020833
3287,3355,9,0.903226,0.018519,0.020833
3287,3377,19,0.683333,0.032258,0.020833
3287,3396,31,0.666667,0.013158,0.020833
3287,3403,30,0.571429,0.019231,0.020833
3287,3406,11,0.897196,0.014286,0.020833
3287,3422,21,0.686567,0.025,0.020833
3288,3291,33,0.753731,0.008403,0.020833
3288,3297,22,0.752809,0.015873,0.020833
3288,3313,6,0.918919,0.03125,0.020833
3288,3332,20,0.777778,0.016129,0.020833
3288,3350,25,0.761905,0.012195,0.020833
3288,3355,20,0.756098,0.018519,0.020833
3288,3360,15,0.859813,0.013514,0.020833
3288,3386,18,0.780488,0.019231,0.020833
3288,3393,1,0.984848,0.052632,0.020833
3288,3397,32,0.755725,0.008696,0.020833
3288,3411,15,0.842105,0.016129,0.020833
3288,3419,19,0.793478,0.015873,0.020833
3288,3422,7,0.91358,0.025,0.020833
3288,3434,35,0.708333,0.009346,0.020833
3289,3302,4,0.95122,0.014925,0.052632
3289,3331,4,0.921569,0.027778,0.052632
3289,3341,5,0.888889,0.032258,0.052632
3289,3396,4,0.956044,0.013158,0.052632
3291,3297,41,0.70922,0.015873,0.008403
3291,3299,35,0.756944,0.016667,0.008403
3291,3302,25,0.84472,0.014925,0.008403
3291,3313,16,0.881481,0.03125,0.008403
3291,3320,65,0.610778,0.00885,0.008403
3291,3321,55,0.586466,0.014493,0.008403
3291,3330,62,0.586667,0.010753,0.008403
3291,3332,38,0.734266,0.016129,0.008403
3291,3335,37,0.748299,0.015385,0.008403
3291,3337,4,0.971223,0.041667,0.008403
3291,3341,13,0.905109,0.032258,0.008403
3291,3342,39,0.736486,0.014706,0.008403
3291,3344,59,0.566176,0.013158,0.008403
3291,3345,40,0.722222,0.015385,0.008403
3291,3347,57,0.586957,0.013158,0.008403
3291,3351,58,0.6,0.011905,0.008403
3291,3353,38,0.734266,0.016129,0.008403
3291,3355,45,0.648438,0.018519,0.008403
3291,3360,37,0.762821,0.013514,0.008403
3291,3378,38,0.730496,0.016667,0.008403
3291,3380,12,0.90625,0.047619,0.008403
3291,3386,33,0.76087,0.019231,0.008403
3291,3391,45,0.645669,0.018868,0.008403
3291,3396,37,0.765823,0.013158,0.008403
3291,3397,78,0.5,0.008696,0.008403
3291,3406,49,0.65,0.014286,0.008403
3291,3416,35,0.744526,0.018868,0.008403
3291,3421,14,0.888,0.05,0.008403
3291,3422,24,0.822222,0.025,0.008403
3291,3434,77,0.483221,0.009346,0.008403
3292,3302,4,0.946667,0.014925,0.083333
3292,3331,1,0.978723,0.027778,0.083333
3292,3341,3,0.925,0.032258,0.083333
3293,3339,19,0.833333,0.013699,0.016667
3293,3348,23,0.809917,0.011905,0.016667
3293,3362,36,0.636364,0.013333,0.016667
3293,3363,45,0.691781,0.007634,0.016667
3293,3384,27,0.670732,0.020408,0.016667
3293,3394,9,0.890244,0.032258,0.016667
3293,3426,30,0.79021,0.00885,0.016667
3293,3433,40,0.529412,0.015385,0.016667
3293,3435,30,0.620253,0.020408,0.016667
3294,3303,10,0.795918,0.027778,0.043478
3294,3315,9,0.678571,0.071429,0.043478
3294,3324,15,0.842105,0.011494,0.043478
3294,3333,1,0.965517,0.142857,0.043478
3294,3362,14,0.833333,0.013333,0.043478
3295,3331,9,0.876712,0.027778,0.021739
3295,3334,7,0.854167,0.111111,0.021739
3295,3346,18,0.714286,0.028571,0.021739
3295,3356,15,0.705882,0.05,0.021739
3295,3366,31,0.597403,0.016129,0.021739
3295,3412,24,0.641791,0.022222,0.021739
3295,3415,14,0.770492,0.034483,0.021739
3296,3297,18,0.790698,0.015873,0.02439
3296,3302,11,0.886598,0.014925,0.02439
3296,3304,1,0.986667,0.028571,0.02439
3296,3321,12,0.877551,0.014493,0.02439
3296,3337,3,0.951613,0.041667,0.02439
3296,3344,18,0.818182,0.013158,0.02439
3296,3350,19,0.817308,0.012195,0.02439
3296,3351,25,0.75,0.011905,0.02439
3296,3411,17,0.802326,0.016129,0.02439
3296,3415,2,0.970588,0.034483,0.02439
3296,3434,24,0.806452,0.009346,0.02439
3297,3316,32,0.542857,0.025641,0.015873
3297,3330,47,0.568807,0.010753,0.015873
3297,3335,34,0.638298,0.015385,0.015873
3297,3351,58,0.348315,0.011905,0.015873
3297,3381,38,0.518987,0.018519,0.015873
3297,3391,34,0.585366,0.018868,0.015873
3297,3397,49,0.620155,0.008696,0.015873
3297,3416,42,0.432432,0.018868,0.015873
3297,3419,49,0.363636,0.015873,0.015873
3298,3306,6,0.901639,0.045455,0.022222
3298,3320,31,0.755906,0.00885,0.022222
3298,3328,3,0.95,0.055556,0.022222
3298,3332,26,0.679012,0.016129,0.022222
3298,3350,28,0.717172,0.012195,0.022222
3298,3378,27,0.653846,0.016667,0.022222
3298,3381,17,0.792683,0.018519,0.022222
3298,3396,29,0.684783,0.013158,0.022222
3299,3321,35,0.62766,0.014493,0.016667
3299,3340,4,0.944444,0.0625,0.016667
3299,3342,26,0.745098,0.014706,0.016667
3299,3344,27,0.752294,0.013158,0.016667
3299,3345,44,0.45679,0.015385,0.016667
3299,3351,23,0.809917,0.011905,0.016667
3299,3353,17,0.838095,0.016129,0.016667
3299,3360,35,0.646465,0.013514,0.016667
3299,3391,21,0.771739,0.018868,0.016667
3299,3397,34,0.758865,0.008696,0.016667
3299,3403,8,0.923077,0.019231,0.016667
3299,3406,35,0.631579,0.014286,0.016667
3299,3421,11,0.84058,0.05,0.016667
3299,3434,31,0.772059,0.009346,0.016667
3300,3392,7,0.75,0.058824,0.055556
3300,3426,8,0.934959,0.00885,0.055556
3300,3430,7,0.78125,0.047619,0.055556
3301,3363,33,0.76087,0.007634,0.025
3301,3387,31,0.707547,0.010309,0.025
3301,3426,29,0.766129,0.00885,0.025
3301,3436,5,0.880952,0.142857,0.025
3302,3321,14,0.885246,0.014493,0.014925
3302,3330,16,0.888889,0.010753,0.014925
3302,3341,10,0.886364,0.032258,0.014925
3302,3343,2,0.974684,0.071429,0.014925
3302,3347,19,0.846774,0.013158,0.014925
3302,3350,15,0.88806,0.012195,0.014925
3302,3351,19,0.856061,0.011905,0.014925
3302,3356,3,0.964286,0.05,0.014925
3302,3373,5,0.936709,0.058824,0.014925
3302,3403,12,0.88785,0.019231,0.014925
3303,3315,8,0.809524,0.071429,0.027778
3303,3324,25,0.744898,0.011494,0.027778
3303,3426,22,0.826772,0.00885,0.027778
3304,3324,13,0.880734,0.011494,0.028571
3304,3404,3,0.94,0.055556,0.028571
3305,3374,3,0.833333,0.0625,0.2
3306,3331,8,0.84,0.027778,0.045455
3306,3351,6,0.94,0.011905,0.045455
3306,3353,4,0.95,0.016129,0.045455
3306,3422,7,0.872727,0.025,0.045455
3307,3341,7,0.837209,0.032258,0.052632
3307,3374,6,0.793103,0.0625,0.052632
3307,3406,2,0.977011,0.014286,0.052632
3308,3398,6,0.454545,0.125,0.111111
3308,3405,7,0.533333,0.076923,0.111111
3309,3311,10,0.473684,0.090909,0.055556
3309,3314,14,0.3,0.0625,0.055556
3309,3318,16,0.272727,0.05,0.055556
3309,3325,16,0.238095,0.052632,0.055556
3309,3382,16,0.157895,0.058824,0.055556
3309,3423,14,0.3,0.0625,0.055556
3311,3318,10,0.52381,0.05,0.090909
3311,3325,10,0.5,0.052632,0.090909
3311,3382,10,0.444444,0.058824,0.090909
3312,3365,11,0.788462,0.021739,0.058824
3312,3393,7,0.758621,0.052632,0.058824
3313,3327,8,0.891892,0.02,0.03125
3313,3342,11,0.876404,0.014706,0.03125
3314,3318,15,0.285714,0.05,0.0625
3314,3325,14,0.333333,0.052632,0.0625
3314,3382,14,0.263158,0.058824,0.0625
3314,3423,14,0.222222,0.0625,0.0625
3315,3362,5,0.940476,0.013333,0.071429
3316,3344,32,0.614458,0.013158,0.025641
3316,3391,29,0.539683,0.018868,0.025641
3316,3397,35,0.705882,0.008696,0.025641
3316,3416,36,0.357143,0.018868,0.025641
3316,3419,28,0.621622,0.015873,0.025641
3317,3394,6,0.8125,0.032258,0.142857
3318,3325,17,0.227273,0.052632,0.05
3318,3382,16,0.238095,0.058824,0.05
3318,3423,15,0.285714,0.0625,0.05
3319,3321,12,0.855422,0.014493,0.038462
3319,3344,11,0.879121,0.013158,0.038462
3319,3350,7,0.930693,0.012195,0.038462
3319,3393,4,0.902439,0.052632,0.038462
3319,3411,7,0.91358,0.016129,0.038462
3320,3321,39,0.727273,0.014493,0.00885
3320,3332,50,0.6,0.016129,0.00885
3320,3344,44,0.696552,0.013158,0.00885
3320,3345,33,0.772414,0.015385,0.00885
3320,3347,52,0.620438,0.013158,0.00885
3320,3350,58,0.576642,0.012195,0.00885
3320,3353,31,0.784722,0.016129,0.00885
3320,3355,40,0.685039,0.018519,0.00885
3320,3360,39,0.736486,0.013514,0.00885
3320,3367,10,0.912281,0.090909,0.00885
3320,3377,26,0.779661,0.032258,0.00885
3320,3378,52,0.570248,0.016667,0.00885
3320,3381,37,0.715385,0.018519,0.00885
3320,3386,39,0.690476,0.019231,0.00885
3320,3396,62,0.511811,0.013158,0.00885
3320,3397,63,0.618182,0.008696,0.00885
3320,3403,29,0.786765,0.019231,0.00885
3320,3406,37,0.746575,0.014286,0.00885
3320,3422,29,0.766129,0.025,0.00885
3320,3434,71,0.52349,0.009346,0.00885
3321,3327,4,0.965217,0.02,0.014493
3321,3342,31,0.707547,0.014706,0.014493
3321,3344,41,0.605769,0.013158,0.014493
3321,3345,43,0.527473,0.015385,0.014493
3321,3351,32,0.735537,0.011905,0.014493
3321,3355,34,0.617978,0.018519,0.014493
3321,3360,31,0.723214,0.013514,0.014493
3321,3365,3,0.973214,0.021739,0.014493
3321,3380,10,0.875,0.047619,0.014493
3321,3386,24,0.752577,0.019231,0.014493
3321,3391,30,0.673913,0.018868,0.014493
3321,3397,46,0.666667,0.008696,0.014493
3321,3406,45,0.521277,0.014286,0.014493
3321,3421,12,0.844156,0.05,0.014493
3321,3422,8,0.920792,0.025,0.014493
3321,3434,42,0.686567,0.009346,0.014493
3322,3336,6,0.333333,0.142857,0.125
3323,3397,3,0.97479,0.008696,0.142857
3324,3339,35,0.72,0.013699,0.011494
3324,3362,40,0.672131,0.013333,0.011494
3324,3363,60,0.620253,0.007634,0.011494
3324,3388,3,0.968085,0.1,0.011494
3324,3390,12,0.88,0.04,0.011494
3324,3414,15,0.833333,0.055556,0.011494
3324,3417,45,0.656489,0.011236,0.011494
3324,3426,56,0.611111,0.00885,0.011494
3325,3382,16,0.2,0.058824,0.052632
3325,3383,1,0.971429,0.058824,0.052632
3325,3423,15,0.25,0.0625,0.052632
3326,3327,5,0.918033,0.02,0.0625
3326,3342,3,0.962963,0.014706,0.0625
3326,3393,2,0.939394,0.052632,0.0625
3326,3395,4,0.92,0.026316,0.0625
3327,3347,7,0.941176,0.013158,0.02
3327,3366,7,0.933333,0.016129,0.02
3327,3369,11,0.865854,0.023256,0.02
3327,3383,10,0.824561,0.058824,0.02
3327,3389,6,0.882353,0.142857,0.02
3327,3421,4,0.939394,0.05,0.02
3327,3424,6,0.882353,0.142857,0.02
3328,3343,1,0.967742,0.071429,0.055556
3328,3369,1,0.983333,0.023256,0.055556
3329,3349,6,0.76,0.083333,0.052632
3329,3409,3,0.90625,0.0625,0.052632
3329,3431,2,0.95,0.043478,0.052632
3330,3332,30,0.76,0.016129,0.010753
3330,3335,38,0.683333,0.015385,0.010753
3330,3337,14,0.864078,0.041667,0.010753
3330,3344,51,0.567797,0.013158,0.010753
3330,3345,29,0.775194,0.015385,0.010753
3330,3347,49,0.591667,0.013158,0.010753
3330,3351,57,0.525,0.011905,0.010753
3330,3355,34,0.699115,0.018519,0.010753
3330,3358,4,0.96,0.090909,0.010753
3330,3369,12,0.903226,0.023256,0.010753
3330,3381,39,0.638889,0.018519,0.010753
3330,3391,42,0.596154,0.018868,0.010753
3330,3396,30,0.784173,0.013158,0.010753
3330,3397,60,0.594595,0.008696,0.010753
3330,3404,6,0.942857,0.055556,0.010753
3330,3411,27,0.789062,0.016129,0.010753
3330,3419,42,0.631579,0.015873,0.010753
3330,3422,12,0.900826,0.025,0.010753
3330,3434,62,0.550725,0.009346,0.010753
3331,3353,6,0.934783,0.016129,0.027778
3331,3358,3,0.931818,0.090909,0.027778
3331,3366,7,0.923077,0.016129,0.027778
3331,3373,3,0.94,0.058824,0.027778
3331,3395,8,0.878788,0.026316,0.027778
3331,3405,2,0.957447,0.076923,0.027778
3332,3347,32,0.698113,0.013158,0.016129
3332,3350,45,0.545455,0.012195,0.016129
3332,3353,18,0.830189,0.016129,0.016129
3332,3355,24,0.73913,0.018519,0.016129
3332,3378,25,0.742268,0.016667,0.016129
3332,3396,52,0.395349,0.013158,0.016129
3332,3403,17,0.824742,0.019231,0.016129
3332,3411,29,0.694737,0.016129,0.016129
3332,3434,42,0.669291,0.009346,0.016129
3333,3388,5,0.583333,0.1,0.142857
3333,3394,5,0.848485,0.032258,0.142857
3334,3366,8,0.873016,0.016129,0.111111
3335,3350,27,0.775,0.012195,0.015385
3335,3351,41,0.62037,0.011905,0.015385
3335,3357,8,0.888889,0.066667,0.015385
3335,3360,23,0.801724,0.013514,0.015385
3335,3385,7,0.936937,0.018868,0.015385
3335,3397,40,0.714286,0.008696,0.015385
3335,3411,21,0.801887,0.016129,0.015385
3335,3419,34,0.638298,0.015873,0.015385
3335,3434,37,0.725926,0.009346,0.015385
3337,3369,12,0.781818,0.023256,0.041667
3338,3376,7,0.3,0.125,0.111111
3338,3401,7,0.3,0.125,0.111111
3338,3402,7,0.588235,0.066667,0.111111
3338,3425,7,0.416667,0.1,0.111111
3338,3427,8,0.2,0.111111,0.111111
3339,3348,53,0.490385,0.011905,0.013699
3339,3362,37,0.666667,0.013333,0.013699
3339,3363,56,0.621622,0.007634,0.013699
3339,3387,54,0.534483,0.010309,0.013699
3339,3400,13,0.863158,0.028571,0.013699
3339,3417,35,0.724409,0.011236,0.013699
3339,3426,59,0.535433,0.00885,0.013699
3340,3365,3,0.949153,0.021739,0.0625
3341,3342,10,0.88764,0.014706,0.032258
3341,3359,3,0.934783,0.055556,0.032258
3341,3369,8,0.878788,0.023256,0.032258
3342,3344,24,0.8,0.013158,0.014706
3342,3345,31,0.696078,0.015385,0.014706
3342,3353,18,0.839286,0.016129,0.014706
3342,3355,19,0.815534,0.018519,0.014706
3342,3391,19,0.813725,0.018868,0.014706
3342,3403,13,0.878505,0.019231,0.014706
3342,3406,31,0.71028,0.014286,0.014706
3342,3416,12,0.889908,0.018868,0.014706
3342,3419,13,0.889831,0.015873,0.014706
3342,3421,14,0.810811,0.05,0.014706
3343,3411,3,0.958904,0.016129,0.071429
3344,3345,32,0.706422,0.015385,0.013158
3344,3351,49,0.558559,0.011905,0.013158
3344,3355,44,0.488372,0.018519,0.013158
3344,3386,28,0.72,0.019231,0.013158
3344,3391,50,0.367089,0.018868,0.013158
3344,3393,4,0.956044,0.052632,0.013158
3344,3397,64,0.496063,0.008696,0.013158
3344,3406,39,0.635514,0.014286,0.013158
3344,3416,41,0.534091,0.018868,0.013158
3344,3434,60,0.512195,0.009346,0.013158
3345,3352,11,0.835821,0.076923,0.015385
3345,3355,31,0.647727,0.018519,0.015385
3345,3360,38,0.623762,0.013514,0.015385
3345,3386,25,0.728261,0.019231,0.015385
3345,3391,25,0.731183,0.018868,0.015385
3345,3397,43,0.686131,0.008696,0.015385
3345,3403,8,0.926606,0.019231,0.015385
3345,3406,44,0.516484,0.014286,0.015385
3345,3434,36,0.735294,0.009346,0.015385
3346,3361,1,0.979167,0.071429,0.028571
3346,3366,23,0.689189,0.016129,0.028571
3346,3379,14,0.695652,0.04,0.028571
3346,3415,13,0.745098,0.034483,0.028571
3346,3421,4,0.921569,0.05,0.028571
3347,3350,39,0.672269,0.012195,0.013158
3347,3351,53,0.504673,0.011905,0.013158
3347,3366,9,0.930233,0.016129,0.013158
3347,3378,33,0.679612,0.016667,0.013158
3347,3381,44,0.488372,0.018519,0.013158
3347,3396,34,0.711864,0.013158,0.013158
3347,3397,48,0.664336,0.008696,0.013158
3347,3403,17,0.846847,0.019231,0.013158
3347,3406,23,0.813008,0.014286,0.013158
3347,3416,34,0.642105,0.018868,0.013158
3347,3434,54,0.581395,0.009346,0.013158
3348,3363,68,0.537415,0.007634,0.011905
3348,3384,22,0.801802,0.020408,0.011905
3348,3387,61,0.491667,0.010309,0.011905
3348,3426,67,0.484615,0.00885,0.011905
3348,3435,19,0.833333,0.020408,0.011905
3349,3353,4,0.942857,0.016129,0.083333
3349,3360,2,0.97619,0.013514,0.083333
3350,3355,21,0.817391,0.018519,0.012195
3350,3360,22,0.835821,0.013514,0.012195
3350,3381,32,0.692308,0.018519,0.012195
3350,3386,24,0.781818,0.019231,0.012195
3350,3396,53,0.495238,0.013158,0.012195
3350,3411,35,0.678899,0.016129,0.012195
3351,3357,7,0.923913,0.066667,0.011905
3351,3360,27,0.793893,0.013514,0.011905
3351,3381,43,0.547368,0.018519,0.011905
3351,3391,41,0.572917,0.018868,0.011905
3351,3397,60,0.568345,0.008696,0.011905
3351,3416,45,0.51087,0.018868,0.011905
3351,3419,50,0.484536,0.015873,0.011905
3351,3431,6,0.940594,0.043478,0.011905
3351,3434,66,0.472,0.009346,0.011905
3352,3360,12,0.84,0.013514,0.076923
3353,3355,19,0.804124,0.018519,0.016129
3353,3360,21,0.817391,0.013514,0.016129
3353,3385,11,0.894231,0.018868,0.016129
3353,3386,19,0.8,0.019231,0.016129
3353,3397,31,0.787671,0.008696,0.016129
3353,3403,19,0.8,0.019231,0.016129
3353,3422,17,0.8,0.025,0.016129
3353,3434,29,0.792857,0.009346,0.016129
3355,3386,30,0.605263,0.019231,0.018519
3355,3391,32,0.573333,0.018868,0.018519
3355,3396,19,0.828829,0.013158,0.018519
3355,3397,45,0.637097,0.008696,0.018519
3355,3406,36,0.590909,0.014286,0.018519
3355,3434,44,0.623932,0.009346,0.018519
3356,3366,17,0.738462,0.016129,0.05
3356,3412,16,0.673469,0.022222,0.05
3357,3360,5,0.940476,0.013514,0.066667
3358,3369,7,0.851064,0.023256,0.090909
3358,3385,6,0.896552,0.018868,0.090909
3359,3366,12,0.823529,0.016129,0.055556
3359,3412,13,0.74,0.022222,0.055556
3360,3386,21,0.8,0.019231,0.013514
3360,3397,42,0.714286,0.008696,0.013514
3360,3406,31,0.725664,0.014286,0.013514
3360,3415,4,0.959596,0.034483,0.013514
3360,3431,8,0.910112,0.043478,0.013514
3360,3434,35,0.760274,0.009346,0.013514
3362,3363,48,0.696203,0.007634,0.013333
3362,3364,33,0.637363,0.020408,0.013333
3362,3384,34,0.622222,0.020408,0.013333
3362,3387,43,0.666667,0.010309,0.013333
3362,3390,12,0.863636,0.04,0.013333
3362,3417,45,0.621849,0.011236,0.013333
3362,3426,42,0.712329,0.00885,0.013333
3362,3433,33,0.691589,0.015385,0.013333
3362,3435,32,0.652174,0.020408,0.013333
3363,3387,72,0.538462,0.010309,0.007634
3363,3394,14,0.905405,0.032258,0.007634
3363,3399,33,0.755556,0.027027,0.007634
3363,3414,14,0.896296,0.055556,0.007634
3363,3417,68,0.552632,0.011236,0.007634
3363,3426,87,0.44586,0.00885,0.007634
3363,3430,9,0.937063,0.047619,0.007634
3363,3433,50,0.657534,0.015385,0.007634
3364,3384,32,0.515152,0.020408,0.020408
3364,3417,35,0.660194,0.011236,0.020408
3364,3433,29,0.658824,0.015385,0.020408
3364,3435,28,0.6,0.020408,0.020408
3365,3369,19,0.728571,0.023256,0.021739
3365,3385,20,0.746835,0.018868,0.021739
3365,3393,9,0.839286,0.052632,0.021739
3365,3395,11,0.849315,0.026316,0.021739
3365,3397,9,0.940789,0.008696,0.021739
3365,3429,4,0.914894,0.2,0.021739
3366,3370,4,0.9375,0.166667,0.016129
3366,3379,17,0.757143,0.04,0.016129
3366,3403,9,0.914286,0.019231,0.016129
3366,3412,34,0.534247,0.022222,0.016129
3366,3415,16,0.786667,0.034483,0.016129
3367,3377,9,0.727273,0.032258,0.090909
3367,3396,10,0.87013,0.013158,0.090909
3369,3385,25,0.647887,0.018868,0.023256
3369,3395,14,0.791045,0.026316,0.023256
3371,3410,12,0.368421,0.0625,0.066667
3371,3412,13,0.723404,0.022222,0.066667
3371,3420,13,0.48,0.043478,0.066667
3376,3401,7,0.222222,0.125,0.125
3376,3402,7,0.5625,0.066667,0.125
3376,3425,7,0.363636,0.1,0.125
3376,3427,7,0.3,0.111111,0.125
3377,3378,21,0.7,0.016667,0.032258
3377,3396,24,0.710843,0.013158,0.032258
3377,3422,17,0.685185,0.025,0.032258
3378,3381,26,0.704545,0.018519,0.016667
3378,3396,36,0.64,0.013158,0.016667
3378,3397,32,0.776224,0.008696,0.016667
3378,3419,22,0.782178,0.015873,0.016667
3379,3412,15,0.727273,0.022222,0.04
3381,3416,32,0.573333,0.018868,0.018519
3381,3419,38,0.518987,0.015873,0.018519
3381,3434,40,0.669421,0.009346,0.018519
3382,3423,14,0.263158,0.0625,0.058824
3384,3387,29,0.752137,0.010309,0.020408
3384,3417,34,0.673077,0.011236,0.020408
3384,3435,30,0.558824,0.020408,0.020408
3386,3396,23,0.780952,0.013158,0.019231
3386,3397,34,0.744361,0.008696,0.019231
3386,3403,10,0.893617,0.019231,0.019231
3386,3406,26,0.729167,0.014286,0.019231
3386,3434,31,0.757812,0.009346,0.019231
3387,3390,13,0.880734,0.04,0.010309
3387,3399,25,0.770642,0.027027,0.010309
3387,3417,45,0.680851,0.011236,0.010309
3387,3426,68,0.521127,0.00885,0.010309
3387,3435,29,0.752137,0.020408,0.010309
3388,3394,6,0.828571,0.032258,0.1
3390,3394,7,0.857143,0.032258,0.04
3391,3397,48,0.6,0.008696,0.018868
3391,3406,29,0.691489,0.014286,0.018868
3391,3416,36,0.485714,0.018868,0.018868
3391,3434,45,0.608696,0.009346,0.018868
3392,3426,8,0.934426,0.00885,0.058824
3392,3428,3,0.863636,0.125,0.058824
3392,3430,9,0.689655,0.047619,0.058824
3394,3426,13,0.900763,0.00885,0.032258
3395,3403,8,0.902439,0.019231,0.026316
3395,3406,6,0.941176,0.014286,0.026316
3395,3415,5,0.919355,0.034483,0.026316
3396,3403,23,0.780952,0.019231,0.013158
3396,3411,27,0.756757,0.016129,0.013158
3396,3422,26,0.711111,0.025,0.013158
3396,3434,45,0.673913,0.009346,0.013158
3397,3406,46,0.669065,0.014286,0.008696
3397,3416,44,0.645161,0.018868,0.008696
3397,3419,46,0.651515,0.015873,0.008696
3397,3434,73,0.510067,0.009346,0.008696
3398,3405,6,0.6,0.076923,0.125
3399,3433,15,0.827586,0.015385,0.027027
3401,3402,7,0.5625,0.066667,0.125
3401,3425,7,0.363636,0.1,0.125
3401,3427,7,0.3,0.111111,0.125
3402,3425,8,0.529412,0.1,0.066667
3402,3427,7,0.588235,0.111111,0.066667
3403,3422,15,0.805195,0.025,0.019231
3406,3409,4,0.95122,0.0625,0.014286
3406,3421,11,0.860759,0.05,0.014286
3406,3422,9,0.910891,0.025,0.014286
3406,3434,40,0.708029,0.009346,0.014286
3410,3412,12,0.755102,0.022222,0.0625
3410,3420,14,0.44,0.043478,0.0625
3411,3434,35,0.738806,0.009346,0.016129
3412,3420,18,0.64,0.043478,0.022222
3416,3419,39,0.493506,0.015873,0.018868
3416,3434,42,0.644068,0.009346,0.018868
3417,3433,54,0.46,0.015385,0.011236
3417,3435,33,0.685714,0.020408,0.011236
3419,3434,43,0.661417,0.009346,0.015873
3422,3434,25,0.795082,0.009346,0.025
3425,3427,7,0.416667,0.111111,0.1
3426,3430,16,0.864407,0.047619,0.00885
